Age,Gender,Height,Weight,CALC,FAVC,FCVC,NCP,SCC,SMOKE,CH2O,family_history_with_overweight,FAF,TUE,CAEC,BMI,MTRANS_Automobile,MTRANS_Bike,MTRANS_Motorbike,MTRANS_Public_Transportation,MTRANS_Walking
-0.8309231711367714,1,0.6205410000631052,-0.289868828099849,2.0,1,-0.8095852938684521,0.4023532302146519,0,0,1.6019266592521622,1,-0.024257370285858674,2.2420222951428874,2.0,-0.5232476909747937,0,0,0,1,0
-0.36149465368892225,1,0.5139950526078937,-0.6354166257396147,0.0,0,-0.8095852938684521,0.4023532302146519,0,0,1.6019266592521622,0,-0.024257370285858674,0.5764538328718619,1.0,-0.8537633523222632,0,0,0,1,0
-0.9873993436193877,1,-0.018734684668163807,-1.1998113618845654,1.0,1,1.080202056526309,0.4023532302146519,0,0,-0.029305163774832554,1,2.3361143512557208,-1.0891146293991636,1.0,-1.3186249756025974,0,0,0,1,0
-0.751685358629472,1,1.307218976817197,0.04247247826192266,1.0,1,0.6900762456981648,1.4197644915177676,0,0,0.6705895309813069,1,1.2675056221339231,-0.4339499502171576,1.0,-0.4195303263671954,0,0,0,1,0
-1.1305359223978613,0,-1.7701582781264202,-1.1245923637175421,1.0,1,-0.8614694055735403,-0.4496407454624568,1,0,-0.5006104494747301,0,-1.091715418193405,0.894665684294128,1.0,-0.6758570976062991,0,0,0,1,0
0.008121468760405723,1,0.15895199190289283,-0.04946972790807395,1.0,1,-0.8095852938684521,-0.015462945493166036,0,0,0.10761880421823034,1,-0.458372216568343,0.5661039904473096,1.0,-0.0951087892520718,0,0,0,1,0
-0.5179708261715386,0,-1.9365617388619685,-1.7104542183966633,1.0,1,1.080202056526309,-2.1779376168872213,0,0,-1.6605369868018272,0,-1.2044432310566484,-1.0891146293991636,2.0,-1.4380536593916684,0,0,0,1,0
0.4501273805045034,1,-0.23699405803016294,0.62670830018795,0.0,1,0.45133563014809364,-2.0521613395452403,0,0,-1.2919471065342933,1,-0.9601990464266904,0.5814688595117601,1.0,0.8463032512407686,0,0,0,1,0
1.7403025271917578,0,-0.4110581723877423,-0.2462849995661447,0.0,1,-0.8095852938684521,0.4023532302146519,0,0,-0.041461103320029745,1,-1.1581716840134082,1.4570631968330248,1.0,-0.09035743866190986,1,0,0,0,0
-0.5179708261715386,1,0.1943572102422592,-0.44344562705085594,0.0,1,-0.8095852938684521,0.4023532302146519,0,0,-1.6605369868018272,0,-0.024257370285858674,-1.0891146293991636,1.0,-0.5422401198727199,0,0,0,1,0
0.6341865467676657,1,0.9772142137641716,1.004975750026827,1.0,1,-0.8261398310579104,0.4023532302146519,0,0,-0.029305163774832554,1,-1.2044432310566484,-0.6011763549660931,1.0,0.6683982248094693,0,0,0,1,0
0.19644648843778859,0,-0.6325245787681444,0.7079227830092221,1.0,1,1.080202056526309,0.4023532302146519,0,0,-1.3276759771540536,1,-1.0925014219766782,-0.0835509882615037,1.0,1.152464133184552,0,0,0,1,0
-0.36149465368892225,1,-0.018734684668163807,-0.7736357447955207,0.0,0,-0.8095852938684521,0.4023532302146519,0,0,-0.029305163774832554,1,-1.2044432310566484,-1.0891146293991636,2.0,-0.8389470456041644,0,0,0,1,0
-0.9873993436193877,0,0.08781126278704769,-0.44344562705085594,0.0,1,1.080202056526309,0.4023532302146519,0,0,-0.029305163774832554,1,-0.024257370285858674,-1.0891146293991636,1.0,-0.5051010630885192,0,0,0,1,0
0.3412282576937445,1,1.8193640370449071,1.3187865950097695,1.0,1,0.028607207950939812,0.4023532302146519,0,0,1.5032240841044446,1,0.2213888751466951,0.1416322022690766,1.0,0.5978223550729692,0,0,0,1,0
-0.20501848120630586,1,1.0467247898839511,0.1324673690154202,2.0,1,-2.6993726442632133,0.4023532302146519,0,0,-0.029305163774832554,1,-1.2044432310566484,2.2420222951428874,3.0,-0.239229593584103,0,0,0,1,0
0.2644100362415433,0,-0.8423028947127109,0.9470460823379111,1.0,1,1.080202056526309,0.4023532302146519,0,0,1.124303612701681,1,-1.2044432310566484,-0.8105116615781647,1.0,1.5665320209516873,0,0,0,1,0
-0.6474296662371337,0,-1.0253701416302554,-1.6082695531684268,1.0,0,1.080202056526309,0.26531140303422457,1,0,-1.6605369868018272,0,-0.29602348918899146,-1.0891146293991636,2.0,-1.5445297806901976,0,0,0,1,0
2.8174862197999864,0,-1.2552749870491093,-0.17712817677831433,0.0,1,0.117368630011631,0.36907263886873176,0,0,-0.2792849157264274,1,-1.2044432310566484,-1.0891146293991636,1.0,0.3703339323023629,1,0,0,0,0
0.5510321356631263,1,0.02418202296679687,0.5791575061489421,1.0,1,0.38173854160775567,-2.1779376168872213,0,0,-1.6605369868018272,1,-0.9148799093730922,-0.5640258504151379,1.0,0.6629371844630465,1,0,0,0,0
0.9282753761877741,1,0.6181117524611252,1.2221854062783957,1.0,1,-0.2189738328242784,0.4023532302146519,0,0,0.31010197917874804,1,0.0662864889524762,0.6359329482280226,1.0,1.0658082477527757,1,0,0,0,0
0.42088620872415966,0,-1.616923896496334,-0.9425702236416286,1.0,1,1.080202056526309,-2.1779376168872213,0,0,-1.6605369868018272,0,-0.024257370285858674,-1.0891146293991636,1.0,-0.48542678100781966,0,0,0,1,0
-0.7978065539925505,0,-1.4253436283771181,-1.7129741065138515,1.0,1,-0.6754784243350382,-2.1779376168872213,0,0,-0.5562338234081273,0,-1.2044432310566484,1.7731864254036034,1.0,-1.5782074335377938,0,0,0,1,0
0.2644100362415433,0,-0.6451289643520975,0.9716298884299933,1.0,1,1.080202056526309,0.4023532302146519,0,0,0.9851203886337259,1,-1.2044432310566484,-0.8331683893704375,1.0,1.477932775632404,0,0,0,1,0
0.031486647311682,1,1.607838367562077,1.3345996301137595,1.0,1,0.9030703983864576,0.26578101596839687,0,0,0.6810783516033704,1,0.29054422603028107,-0.48591235510308906,1.0,0.7055923399003122,0,0,0,1,0
-0.8543216791127868,0,-1.6163592029748228,-0.5220846269537188,1.0,0,1.080202056526309,0.4036098318571903,0,0,-0.029305163774832554,1,1.4795921024295986,0.5764538328718619,1.0,0.08362113375389409,0,0,0,1,0
0.2644100362415433,0,-0.7480736587833211,0.9613453493288406,1.0,1,1.080202056526309,0.4023532302146519,0,0,0.8744086848048835,1,-1.2044432310566484,-0.6683337409333231,1.0,1.5269737376837436,0,0,0,1,0
1.914120327965932,1,0.5139950526078937,1.262587008355236,1.0,1,0.5697515953111804,0.4023532302146519,0,0,0.01976881438911155,1,-0.5050568286628531,0.16741853320195663,1.0,1.1621874224879085,1,0,0,0,0
-0.7480305446687954,0,0.5250545219537457,1.8157855351262608,1.0,1,1.080202056526309,0.4023532302146519,0,0,1.5286435696026743,1,0.5191710111646592,0.0027621005903052604,1.0,1.7432940685215899,0,0,0,1,0
0.2644100362415433,0,-0.9959421509431268,0.722190297996969,1.0,1,1.080202056526309,0.4023532302146519,0,0,0.7471644464496626,1,-1.2044432310566484,-0.17913962787970025,1.0,1.378773425749053,0,0,0,1,0
-0.22339535585500936,1,0.9769478488955318,0.1289834409370171,1.0,1,-1.000234600925677,-0.403954115723671,0,0,-1.010425856052649,1,-1.2044432310566484,1.1857071173913671,1.0,-0.21737065890395765,0,0,0,1,0
-0.5164941605318204,0,-1.0116363690032777,-0.7208854162570273,1.0,1,-0.8095852938684521,0.604014571224475,0,0,1.6019266592521622,1,0.18769456882168897,-0.9444300282186041,0.0,-0.4300006513480324,0,0,0,1,0
-0.76720544779716,0,-1.9273774781913302,-1.7104542183966633,1.0,1,1.080202056526309,-2.1779376168872213,0,0,-0.27610564490334777,0,-1.2044432310566484,0.1509926970270397,2.0,-1.4406264892972847,0,0,0,1,0
-0.5179708261715386,1,1.2598166847943741,-0.5586282262641111,1.0,1,-2.6993726442632133,0.4023532302146519,0,0,1.6019266592521622,1,1.1559284904849312,-1.0891146293991636,2.0,-0.9937187950998143,0,0,0,1,0
-1.1336349329938793,0,-0.5747873298421671,-1.4185121336713484,1.0,1,1.080202056526309,1.1326813318692135,0,0,-0.9454082180504387,0,1.1559284904849312,0.5764538328718619,1.0,-1.4268489719860036,0,0,0,1,0
0.015425932968066663,1,0.8288063635538068,1.2359180132753964,1.0,1,0.5818613526525099,0.3931970681437111,0,0,0.04501538931410065,1,-0.19543506808963637,-0.37549849060221824,1.0,0.9743984433958698,0,0,0,1,0
-0.9873993436193877,0,0.025940031099807543,-1.3790397480165613,1.0,1,-0.8095852938684521,0.4023532302146519,0,0,-0.029305163774832554,0,-1.2044432310566484,1.4518716199361261,1.0,-1.5311073510409587,0,0,0,1,0
-0.20213259115720875,0,-1.2463038182733803,-1.6192051427145322,0.0,0,-0.42234140874966,-0.7229154786427454,0,0,0.1669189746807308,0,-0.02929086298204605,-1.0891146293991636,2.0,-1.5016972411721792,0,0,0,1,0
-0.9873993436193877,0,-0.8711022643098535,-1.0961470225926355,0.0,1,1.080202056526309,0.4023532302146519,0,0,-1.6605369868018272,0,-1.2044432310566484,2.2420222951428874,1.0,-0.9482860898493157,1,0,0,0,0
-0.10100736107155865,0,0.3950471568688962,1.8015646306969961,1.0,1,1.080202056526309,0.4023532302146519,0,0,1.379284721422677,1,0.006960906103250162,0.10032943554167974,1.0,1.8047756811820919,0,0,0,1,0
-0.4081804150823181,1,2.070343670870402,0.15260359100988166,1.0,1,-0.001344031765467181,1.3252019925531782,0,0,1.3998105114518253,1,0.938500488983407,-0.3788079751367508,1.0,-0.5636629802410403,0,0,0,1,0
2.312504751202361,1,0.5139950526078937,1.2470165478051887,1.0,1,0.5179090589278004,0.4023532302146519,0,0,-0.020832545686030473,1,-0.8205134281317206,-0.391149837442179,1.0,1.1456493709024658,1,0,0,0,0
0.2616343054178743,0,-0.7728136277824229,0.7021768222590691,1.0,1,1.080202056526309,0.4023532302146519,0,0,0.877770653592142,1,-1.1845925048784838,-0.11835470684911908,1.0,1.2243083957987873,0,0,0,1,0
-0.38144786929921554,1,-0.018755993857655463,0.3461091290737589,0.0,1,-0.8095852938684521,0.36451971566902064,0,0,-0.029305163774832554,1,-1.2044432310566484,-0.8071438821474527,1.0,0.4213809104307986,0,0,0,1,0
1.0521254843269028,1,1.964181288826031,1.6432588181642898,1.0,1,0.13460160085988102,0.4023532302146519,0,1,-1.45608165256727,1,-0.08890795173888259,0.6139374511152713,1.0,0.8326719388952442,0,0,0,1,0
-0.21177121042979297,0,-0.8851024018054686,-0.20226946665058898,0.0,1,-0.06072870946427196,-2.083213849744688,0,0,-0.062202215949818035,1,-1.1777733909749502,-0.9870452628942707,1.0,0.16591269580086376,0,0,0,1,0
0.2644100362415433,1,0.4074491051526822,-0.2514746283620972,0.0,0,-0.8095852938684521,0.4023532302146519,0,0,-0.029305163774832554,0,1.1559284904849312,-1.0891146293991636,1.0,-0.4083554314478711,1,0,0,0,0
-0.18087248655434085,1,0.22708812530049977,-0.16169117446655526,1.0,1,-0.21254099668353427,-0.038259815127310894,0,0,-0.7332208449747334,1,-0.0832949877850566,-0.18154803987614407,1.0,-0.24482935474600806,0,0,0,1,0
0.2644100362415433,0,-0.656678545056241,0.9594590039015256,1.0,1,1.080202056526309,0.4023532302146519,0,0,0.9910906971060046,1,-1.2044432310566484,-0.8184697476908955,1.0,1.4700732912922174,0,0,0,1,0
-0.8393789870215594,0,-1.0259241805570218,-0.17318885509682136,0.0,1,0.6367256590091706,0.4023532302146519,0,0,-1.5812852199118839,1,-0.9771878218924859,0.11077921207396817,1.0,0.26666462609889846,0,0,0,1,0
0.2296042588153724,0,-0.7836813144228547,0.7997087247862861,1.0,1,1.080202056526309,0.4023532302146519,0,0,0.7971274459571569,1,-1.1740097782649521,-0.28270467486371254,1.0,1.3501611642695142,0,0,0,1,0
-1.1438755161020042,0,-1.0841941592202764,-1.0577528228548838,0.0,1,-0.8095852938684521,0.4023532302146519,0,0,-0.029305163774832554,0,-0.024257370285858674,2.2420222951428874,1.0,-0.830067872209628,0,0,0,1,0
-0.18938557271825748,0,-1.3845258759070274,-0.28997763726190545,0.0,1,-0.8095852938684521,-2.1779376168872213,0,0,-0.029305163774832554,1,-0.7292838809082777,-1.0891146293991636,1.0,0.2849555664254244,0,0,0,1,0
0.06905125613489416,1,0.3578306574227912,-0.12332550161920866,1.0,1,0.33814870658355,0.4023532302146519,0,0,-0.029305163774832554,1,-0.6721687861762753,-0.038364115880090796,1.0,-0.25219805480472784,0,0,0,1,0
0.2644100362415433,0,-0.6222642040282095,0.961803315343313,1.0,1,1.080202056526309,0.4023532302146519,0,0,1.0352628236417527,1,-1.2044432310566484,-0.6718863984633472,1.0,1.4525605728672664,0,0,0,1,0
0.2622483179186958,0,-0.4062209863732762,0.7130686424174733,1.0,1,1.080202056526309,0.4023532302146519,0,0,-0.6386240803255748,1,-1.1924253984364195,-0.40155797476291066,1.0,1.0351853492880316,0,0,0,1,0
-0.20501848120630586,1,-0.0018578065912580014,-0.43985312017559414,1.0,1,1.080202056526309,0.6668446533514059,0,0,1.0203403149247015,1,-0.026571714758830182,2.0723658260074984,1.0,-0.46930009080683444,0,0,0,1,0
-0.9873993436193877,1,-0.018734684668163807,-0.2514746283620972,0.0,0,1.080202056526309,-2.1779376168872213,0,0,-1.6605369868018272,0,-0.024257370285858674,-1.0891146293991636,1.0,-0.25123354578626544,0,0,0,1,0
-0.5179708261715386,1,0.5139950526078937,-1.4033006204946494,0.0,0,1.080202056526309,1.6924986537655886,0,0,-1.6605369868018272,1,-0.024257370285858674,-1.0891146293991636,2.0,-1.6693657602328174,0,0,0,0,1
0.2462195247142669,1,0.6959435670771583,1.059040312022344,1.0,1,-0.3830017054764921,0.4023532302146519,0,0,0.22243631854563173,1,0.29069410963459896,-0.4392464579271794,1.0,0.8564670905973241,0,0,0,1,0
0.9853811988591323,1,0.5899836223329495,1.2292194924297497,1.0,1,0.9254530397645331,0.4023532302146519,0,0,0.3629457340857078,1,0.06572944122619262,1.3773840671664412,1.0,1.0875756192226573,1,0,0,0,0
1.548236162230315,1,0.18912580422220812,-0.08190606930732043,0.0,1,-0.7505369983180177,0.4023532302146519,0,0,1.2805772525794905,1,1.1376120059257684,-0.3918693630178801,1.0,-0.14268563549328395,1,0,0,0,0
0.249988096852338,0,-0.837934510867047,0.614533077114912,1.0,1,1.080202056526309,0.4023532302146519,0,0,-1.557081002121809,1,-1.1441392741288434,-0.18451441730744883,1.0,1.153313638302445,0,0,0,1,0
-0.20501848120630586,0,-0.44491847448900984,-1.019358623117132,1.0,0,-0.8095852938684521,0.4023532302146519,0,0,-0.029305163774832554,1,2.3361143512557208,-1.0891146293991636,1.0,-0.9890557970369946,0,0,0,1,0
-0.6907397671615626,1,1.1248229693686218,-0.05667009933849257,1.0,1,0.7051057244958545,0.4023532302146519,0,0,1.1692946176125887,1,1.4012667074078236,-0.8498140805823741,1.0,-0.45566044635599195,0,0,0,1,0
-0.13377441044645305,0,-0.2566304761461588,1.071991942602479,1.0,1,1.080202056526309,0.4023532302146519,0,0,0.6657529286260316,1,-0.8565681061782682,0.1387857457670555,1.0,1.370929804129049,0,0,0,1,0
-0.025221725881570446,1,1.3120348536421738,1.3152281437896753,1.0,1,-0.384101561714422,0.4023532302146519,0,0,0.5546399417687251,1,1.0895347745155488,0.04701625463284638,1.0,0.8219960295294727,0,0,0,1,0
-0.5140636161446477,0,-0.3788280232825402,-1.4082998908483024,0.0,1,1.080202056526309,0.4023532302146519,0,0,0.938764042686945,1,1.1559284904849312,0.5764538328718619,2.0,-1.464973797609637,0,0,0,1,0
-0.010357584828928902,1,-0.8466286601793914,0.5157390420597161,0.0,1,0.9704602153015348,1.678941805654915,0,0,-1.6374795249833407,1,1.1071797333199327,0.05570052859512759,1.0,1.0361018892762164,0,0,0,1,0
-0.5179708261715386,1,-0.8711022643098535,-0.6354166257396147,1.0,1,-0.8095852938684521,-2.1779376168872213,0,0,1.6019266592521622,0,-0.024257370285858674,-1.0891146293991636,0.0,-0.3772338780920976,0,0,0,1,0
1.0867841741509394,0,-0.0924644803071705,-0.5614164514432664,1.0,1,0.3541230790564366,0.4023532302146519,0,0,-0.40158325919423016,1,-0.30818412429837366,0.05434642143530114,1.0,-0.5746251706998167,1,0,0,0,0
1.0980539010454824,1,0.3859694421457114,-0.1546017238791794,1.0,1,-0.24187805551106273,0.493989679358628,0,0,-0.4551235500896224,1,-1.098053016265744,-1.0891146293991636,1.0,-0.2963746639500257,1,0,0,0,0
-0.07961284343652789,1,1.6410274301943752,-0.017326718194824245,1.0,1,-0.8095852938684521,-0.40742073647675225,0,0,-0.5582598133323272,1,0.053919321317459204,0.5764538328718619,1.0,-0.5861209451011085,1,0,0,0,0
-0.25567873738076036,0,-0.8611082544385559,-0.1638135674338584,1.0,1,-0.8718329994031053,-2.1779376168872213,0,0,0.8656718071607511,1,-0.9102653826574783,1.4371046899496314,1.0,0.20276394907282896,0,0,0,1,0
-0.8309231711367714,0,-1.190740106675488,-1.4416948202324011,0.0,1,-0.8095852938684521,-2.1779376168872213,0,0,-0.029305163774832554,1,1.1559284904849312,-1.0891146293991636,0.0,-1.287752810485103,0,0,0,1,0
-0.4693212888134858,0,0.20117615087939245,-1.4033006204946494,0.0,1,0.9282329169569637,1.3026567012766255,0,0,-1.4205485297662728,1,-0.0324502205313295,-0.9405126111953428,2.0,-1.5991872576326693,0,0,0,1,0
0.38030489577165555,1,1.7273722660120774,1.292071872438042,1.0,1,-0.34130543737738234,0.4023532302146519,0,0,1.3018044722925408,1,-0.36329408325292656,-1.0891146293991636,1.0,0.61279624317519,0,0,0,1,0
-0.5213873269215238,0,0.20561911688827594,1.7471274913872237,1.0,1,1.080202056526309,0.4023532302146519,0,0,-0.5532715064175107,1,0.7812076778315977,0.27477108286917334,1.0,1.859487642786298,0,0,0,1,0
0.26389616849111025,0,-0.8009950308843264,0.7098087444945401,1.0,1,1.080202056526309,0.4023532302146519,0,0,0.5372575354625495,1,-1.194986401754292,-0.24984134353464296,1.0,1.249746619665569,0,0,0,1,0
-1.1438755161020042,1,-0.018734684668163807,0.43962096691743413,1.0,0,-0.8095852938684521,0.4023532302146519,0,0,-0.029305163774832554,1,-1.2044432310566484,0.5764538328718619,1.0,0.526622556913896,1,0,0,0,0
-0.788271991374667,0,0.12691362550311094,-1.4033006204946494,1.0,1,-2.6888314104227113,1.6924986537655886,0,0,-1.6605369868018272,0,0.7829390104893483,0.08507449399573938,2.0,-1.581995017820402,0,0,0,1,0
-1.0296599588549755,1,0.33139660785915137,-1.3565954970990648,1.0,1,-0.7126713291781572,-0.054541450372523816,0,0,0.5538928375937787,0,-0.8606444681413704,0.4064692467494056,1.0,-1.5782411979998452,0,0,0,1,0
0.46255377926603786,1,1.3479941109083067,1.3177843912140148,1.0,1,0.3945909853777901,0.4023532302146519,0,0,1.547520184258743,1,0.16409793272143772,0.1748802799129309,1.0,0.8077729248195477,0,0,0,1,0
-0.47018269014300246,0,-0.0725190789435539,1.8127791541041955,1.0,1,1.080202056526309,0.4023532302146519,0,0,-1.1087875037493535,1,1.0689251888289084,0.3868038799153716,1.0,2.1066508708356055,0,0,0,1,0
-0.20501848120630586,1,0.7732213427664226,0.1324673690154202,1.0,1,-0.5895535730872892,0.4023532302146519,0,0,-1.6567982034634494,1,-1.2044432310566484,0.6875605738530375,1.0,-0.1381243164344038,0,0,0,1,0
0.25672674322030165,0,-0.552881483045375,0.7003573211334968,1.0,1,1.080202056526309,0.4023532302146519,0,0,0.8444299063612938,1,-1.0242135077007588,0.1937062002419802,1.0,1.0994776561953412,0,0,0,1,0
-0.8309231711367714,0,-2.1496536337723913,-1.4033006204946494,1.0,1,-0.8095852938684521,0.4023532302146519,0,0,-1.6605369868018272,0,-1.2044432310566484,2.2420222951428874,2.0,-0.9330580308691228,0,0,0,1,0
0.8938507747177707,1,0.4899050138882697,-0.12423022254182933,0.0,1,-0.787557932512251,0.6163070768200684,0,0,-0.28272518364119115,1,-0.15412148184749414,-0.42958449527754516,1.0,-0.3020140847229577,1,0,0,0,0
1.359743243619858,1,0.6205410000631052,-0.7697963248217458,1.0,0,-0.8095852938684521,0.4023532302146519,0,0,-0.029305163774832554,0,2.3361143512557208,0.5764538328718619,1.0,-1.027223021518213,1,0,0,0,0
-0.6803195494074277,1,0.5815238741050062,-1.2120076633732595,0.0,1,-0.2852902505243316,1.0507854806730468,0,0,1.4252854588320383,1,0.7974989634536775,2.066974380895127,1.0,-1.4823386456511187,0,0,0,1,0
-0.048542308723689476,0,-1.0841941592202764,0.5356064662618135,1.0,1,1.080202056526309,-2.1779376168872213,0,0,-1.6605369868018272,1,-1.2044432310566484,2.2420222951428874,1.0,1.1945018256493949,0,0,0,1,0
-0.5179708261715386,0,-0.8711022643098535,-0.6738108254773664,0.0,1,-2.6993726442632133,0.4023532302146519,0,0,-0.029305163774832554,1,-1.2044432310566484,0.5764538328718619,2.0,-0.4248215624051992,0,0,0,1,0
0.26508194492618387,1,1.5235285593407677,0.7093712425885281,1.0,1,1.080202056526309,0.4023532302146519,0,0,1.4796315782480052,1,1.1559284904849312,1.8403954439931636,1.0,0.1459247455107193,0,0,0,1,0
-1.1378946838373734,1,0.09382045422352171,-1.342297074780529,1.0,1,-0.8095852938684521,-0.8130476182228611,0,0,0.5759063110455277,0,-0.8645119372071163,0.10114556408819253,1.0,-1.5064494569643936,0,0,0,1,0
-0.5179708261715386,1,0.5139950526078937,-0.5586282262641111,1.0,1,-2.6993726442632133,0.4023532302146519,0,0,1.6019266592521622,1,1.1559284904849312,-1.0891146293991636,2.0,-0.7722031115312077,0,0,0,1,0
-0.20501848120630586,0,-2.3627455286828143,-1.019358623117132,1.0,1,-0.8095852938684521,-2.1779376168872213,0,1,-1.6605369868018272,1,-1.2044432310566484,-1.0891146293991636,1.0,-0.28737692853083524,0,0,0,1,0
0.2250761513360704,0,-0.35147767857078765,0.6997088047057269,1.0,1,1.080202056526309,0.4023532302146519,0,0,-0.8018304554512489,1,-0.9918233067519044,0.15657901364949686,1.0,0.990415181047069,0,0,0,1,0
2.188638056588949,1,0.9306855985104806,0.5189536732211587,2.0,1,-0.7827616522169493,-0.8231288145624884,0,0,0.27199477256101445,1,1.1565905747528233,0.33309929041790454,1.0,0.19588796637365158,1,0,0,0,0
-0.645584812163564,1,-0.005054185014913991,0.6921878033132982,0.0,1,0.4258083826189615,-1.835451742315119,0,0,-1.0594982029847697,1,-0.9467425672421819,0.1901602049858051,1.0,0.8040777404795023,0,0,0,1,0
-0.8714210822893421,0,-1.5445898527689916,-0.5667608472583622,0.0,0,1.080202056526309,0.5689819623933731,0,0,-0.029305163774832554,1,0.7241386103481653,0.5764538328718619,1.0,-0.009084649979440505,0,0,0,1,0
-0.15420910323947554,1,0.7215891766296282,0.3658450531417542,0.0,1,-0.8095852938684521,0.4023532302146519,0,0,1.6019266592521622,1,2.3361143512557208,2.2420222951428874,1.0,0.12390937291454134,0,0,0,1,0
0.2534169592199498,1,0.7531800500500971,0.7083803650816963,1.0,1,1.080202056526309,0.4023532302146519,0,0,0.04421282325717075,1,0.8324761318093417,1.6084333898211403,1.0,0.4657623898256438,0,0,0,1,0
-0.20501848120630586,0,-1.0841941592202764,-0.136292029148842,0.0,1,1.080202056526309,0.4023532302146519,0,0,1.6019266592521622,1,2.3361143512557208,-1.0891146293991636,2.0,0.3407676157088429,0,0,0,1,0
0.2644100362415433,1,0.1943572102422592,-0.8273876244283733,1.0,1,-0.8095852938684521,0.4023532302146519,0,0,-0.029305163774832554,1,-1.2044432310566484,0.5764538328718619,1.0,-0.9643910078909174,0,0,0,0,1
0.22773640274444745,0,-0.7875808960997139,0.8276849655787966,1.0,1,1.080202056526309,0.4023532302146519,0,0,0.4927999433577716,1,-1.1510445416002133,-0.40105830422422944,1.0,1.386778109074232,0,0,0,1,0
-0.9551120501893245,0,1.125632718569281,2.1212649923429105,1.0,1,1.080202056526309,0.4023532302146519,0,0,0.7421092590301024,1,1.1536235874988456,0.31148021177762664,1.0,1.7127310303942622,0,0,0,1,0
-0.20660734026169433,0,-0.5514644219442213,-0.2514746283620972,0.0,1,-0.8095852938684521,0.4023532302146519,0,0,-0.029305163774832554,1,-1.0310515045780648,2.2420222951428874,1.0,-0.03853541750992292,0,0,0,1,0
0.2644100362415433,0,-0.8270561696318706,0.9591408695624987,1.0,1,1.080202056526309,0.4023532302146519,0,0,0.9644216880313364,1,-1.2044432310566484,-0.799255749910137,1.0,1.5721555041774269,0,0,0,1,0
-1.0781134315689072,0,-2.262496446722206,-1.2642904273473465,1.0,1,-1.1184634771410742,-1.061654770904856,1,0,-0.029305163774832554,0,-0.8265370967650947,2.1912341160228572,1.0,-0.6896133903720186,0,0,0,1,0
-0.2096102744878081,0,0.5320119723225711,-1.1741772824586565,0.0,1,0.09541686014944532,0.8820705833444438,0,0,-0.022574701273023415,1,1.1559284904849312,-0.5438474884947244,2.0,-1.4304085245094602,0,0,0,1,0
2.611552623480789,1,0.5139950526078937,0.9003513637704551,2.0,0,-0.8095852938684521,-2.1779376168872213,0,0,-1.6605369868018272,1,-0.024257370285858674,-1.0891146293991636,1.0,0.7774414634988447,1,0,0,0,0
-0.9137676029436227,1,1.6477078610998162,-1.0702707525547812,0.0,1,-0.16286226681635663,1.611347216478811,0,0,0.47929823755857703,1,1.1717158367444622,0.7902378728466594,1.0,-1.5820739458791775,1,0,0,0,0
-0.9832594535240151,1,0.5366147572526361,-0.2514746283620972,0.0,1,-0.8095852938684521,0.13678453564923304,0,0,0.5862597394262805,1,-1.0849659352556569,-0.9127392570869735,1.0,-0.4538633054965837,0,0,0,1,0
1.1314055454007725,1,1.3460336654751313,0.18989426465877063,1.0,1,-0.8095852938684521,0.013868510711264444,0,0,0.027957598140707106,1,-0.4981751649086985,-1.0607733164451598,1.0,-0.2891342296292079,1,0,0,0,0
-1.1438755161020042,0,-1.2972860541306994,-1.4033006204946494,1.0,1,-2.6993726442632133,1.6924986537655886,0,0,-0.029305163774832554,0,-0.024257370285858674,2.2420222951428874,2.0,-1.2069874122936208,0,0,0,1,0
-0.3417278012000555,1,0.1651849298290233,0.4618571980607514,0.0,1,-0.8095852938684521,0.38238564949435383,0,0,0.4006076144157551,1,2.1232808133101773,2.2420222951428874,1.0,0.4664368912380221,0,0,0,1,0
-0.7267286609278745,0,-0.27075846877872156,-1.437662469404944,1.0,0,0.5523863393484026,0.4023532302146519,0,0,-0.029305163774832554,0,0.9933401853758433,0.5764538328718619,1.0,-1.5260277620639537,0,0,0,1,0
2.4550764509981726,0,-1.4985620034683393,-0.909098390675455,1.0,1,0.9824017815686793,0.4023532302146519,0,0,0.671979340494526,1,-1.0632457946740312,-0.48918852826837617,1.0,-0.48645737325099436,1,0,0,0,0
-0.36149465368892225,1,1.899092369525641,0.1324673690154202,1.0,1,-0.8095852938684521,0.4023532302146519,0,0,-1.6605369868018272,1,-1.2044432310566484,0.5764538328718619,3.0,-0.5281939042686737,1,0,0,0,0
1.0771978179199648,1,1.9960918000888654,1.635882332539674,1.0,1,0.8713522074974321,0.4023532302146519,0,1,-1.204165628441742,1,-0.0933879372663684,-1.0752187917184366,1.0,0.8115610209654361,0,0,0,1,0
-0.9873993436193877,0,-0.7645563168546443,-1.3649064207568977,1.0,1,-2.6993726442632133,0.4023532302146519,0,0,-1.6605369868018272,1,-0.024257370285858674,-1.0891146293991636,2.0,-1.311087330358676,0,0,0,1,0
-1.3003516885846205,1,1.4729085797047972,-1.5952716191834082,1.0,1,1.080202056526309,0.4023532302146519,0,0,1.6019266592521622,1,2.3361143512557208,2.2420222951428874,3.0,-2.0483970806918994,0,0,0,0,1
-1.2693454655786724,1,-0.11455145521463574,-1.3023479099533983,1.0,1,-0.8095852938684521,-0.8865201099486633,0,0,1.0698759316945623,0,-0.032577680604292746,-0.298242763048239,1.0,-1.4097792311533215,0,0,0,1,0
1.5613235163444161,1,1.4268594212146533,0.3635432440790767,1.0,1,-0.8095852938684521,-1.4726602689217487,0,0,1.6019266592521622,1,-0.024257370285858674,-1.0891146293991636,1.0,-0.14971128495770328,1,0,0,0,0
-0.7064825219226933,1,0.6095880766647092,0.050358723676456045,1.0,1,-0.18203604927346229,0.4023532302146519,0,0,1.6011028871815336,1,1.6350402830810231,-0.3537628221695813,1.0,-0.16183048647903978,0,0,0,1,0
-0.017815552161795763,0,-0.046212884516861626,1.0724489871561573,1.0,1,1.080202056526309,0.4023532302146519,0,0,1.454585644837249,1,-0.7785047124175842,-0.13326654129183158,1.0,1.2539409623721678,0,0,0,1,0
-1.0704229406437318,1,1.0322878140037701,-1.0342280439741676,0.0,1,-0.17453359349239544,1.6924986537655886,0,0,-0.029305163774832554,1,1.1559284904849312,-0.8675856960748058,1.0,-1.4070751164280026,1,0,0,0,0
0.35698572121508865,0,-0.018734684668163807,-0.32794097729020055,2.0,1,0.5781120145493263,0.4023532302146519,0,0,1.6019266592521622,1,-0.14498802347098894,0.42367290339620306,1.0,-0.33729952069798036,0,0,0,1,0
-0.90863815753347,0,-0.1985416255935774,1.540527803473785,1.0,1,1.080202056526309,0.4023532302146519,0,0,-1.4713679259808559,1,0.6143081537731141,0.5764538328718619,1.0,1.8760614901878787,0,0,0,1,0
2.3188312393320065,0,-1.8018556974943452,-0.34552717172067976,1.0,1,-0.8095852938684521,0.4023532302146519,0,0,-1.3555031608230714,1,-1.2044432310566484,-1.0891146293991636,1.0,0.4147515278373043,1,0,0,0,0
1.3869930996291877,1,0.5155932418197229,1.219007288000903,1.0,1,-0.39647966885950736,0.4023532302146519,0,0,0.1408926709443352,1,-0.30041260040519807,-0.6525391552056069,1.0,1.1150726274100802,1,0,0,0,0
-0.3867932518273943,0,0.609449566933017,1.967440973139792,1.0,1,1.080202056526309,0.4023532302146519,0,0,1.0155624369150555,1,1.014091393365776,0.38656736919372914,1.0,1.853747422847843,0,0,0,1,0
-0.04835516322140024,1,-1.0512608068618712,0.5244493037890217,0.0,1,1.080202056526309,-2.1511670993485392,0,0,-1.6605369868018272,1,-0.9293938350888512,1.754711940020093,1.0,1.1614910955069893,0,0,0,1,0
0.9806551490216399,1,1.781071423529503,1.4787317246886778,1.0,1,-0.7139261479788194,0.4023532302146519,0,1,-0.8201540825193111,1,-0.20150830452916282,-0.6529005835619198,1.0,0.7633524735336372,0,0,0,1,0
1.197853308521688,1,1.4804520327846256,0.44958130539600083,1.0,1,-0.17933554314974834,-1.1190133462905072,0,0,0.8829857017303595,1,0.3618911820573184,-0.28738159110576966,1.0,-0.08653386452134108,1,0,0,0,0
1.4677492004380863,0,-0.21220081605733557,-0.3502834451841924,0.0,1,1.080202056526309,-0.01084938545854757,0,0,-0.029734177744288496,1,0.8577509922036087,0.04642497782874017,1.0,-0.2898083303559437,1,0,0,0,0
0.2644100362415433,0,-0.5941893468737595,0.9741638672184849,1.0,1,1.080202056526309,0.4023532302146519,0,0,1.254115409946346,1,-1.2044432310566484,-0.9262886565275482,1.0,1.4508902283180638,0,0,0,1,0
-0.5131343041562733,0,0.17496584780541144,1.8013389495909369,1.0,1,1.080202056526309,0.4023532302146519,0,0,-0.8168394194549202,1,0.5496540317625078,0.4723424794322246,1.0,1.9378821993657336,0,0,0,1,0
-0.5179708261715386,0,-1.616923896496334,-1.4416948202324011,1.0,1,-0.8095852938684521,0.4023532302146519,0,0,1.6019266592521622,1,2.3361143512557208,0.5764538328718619,1.0,-1.161205571121013,0,0,0,1,0
-0.3563107545707458,0,0.026259668942172906,-1.3480903371847586,0.0,1,1.0507686185439105,0.4023532302146519,0,0,0.0436011113235356,1,1.1656721049514545,0.9942966585702564,2.0,-1.4965216131121621,0,0,0,1,0
-0.5179708261715386,0,-0.977648211765065,-1.2305267216747666,1.0,1,1.080202056526309,0.4023532302146519,0,0,1.6019266592521622,1,-1.2044432310566484,0.5764538328718619,1.0,-1.0825251808170244,0,0,0,0,1
-0.36149465368892225,1,0.8336328949735282,0.12478852906786975,1.0,0,-0.8095852938684521,-2.1779376168872213,0,0,-0.029305163774832554,0,-1.2044432310566484,-1.0891146293991636,1.0,-0.1687167931782902,0,0,0,1,0
-0.7371876847727851,0,-1.441112428600491,-1.7217312475610367,1.0,1,1.0194510625731683,-2.1779376168872213,0,0,-1.4465438400980308,0,-1.2044432310566484,-0.24937498436520716,2.0,-1.5857885243503236,0,0,0,1,0
0.2305900587020128,0,-0.4913085800110085,0.9086959591414577,1.0,1,1.080202056526309,0.4023532302146519,0,0,-0.7988257264332332,1,-1.1857254833048236,-0.3628135211935621,1.0,1.3131986476210094,0,0,0,1,0
-0.36737408939378396,0,-1.3818835364101378,-1.636743689943137,0.0,0,1.080202056526309,-1.4028027646727361,0,0,1.0330476108260818,0,-0.4953675027459248,-1.0891146293991636,2.0,-1.4889130912111366,0,0,0,1,0
-0.8401662186453193,0,0.47575571206621764,1.809397892115891,1.0,1,1.080202056526309,0.4023532302146519,0,0,1.3816010706113753,1,0.5677793262122256,0.22143125286494378,1.0,1.7654074870217937,0,0,0,1,0
-1.3003516885846205,0,-1.403832001585911,-1.4416948202324011,1.0,1,-0.8095852938684521,1.6924986537655886,0,0,-0.029305163774832554,0,-1.2044432310566484,0.5764538328718619,3.0,-1.2256881754597786,0,0,0,1,0
0.2644100362415433,0,-1.190740106675488,-1.5184832197079048,1.0,1,-0.8095852938684521,-2.1779376168872213,0,0,-0.029305163774832554,1,-1.2044432310566484,2.2420222951428874,1.0,-1.386553584751393,0,0,0,1,0
0.0599125782333916,0,-0.36625560148282577,1.014863945804087,1.0,1,1.080202056526309,0.4023532302146519,0,0,1.4190802529772433,1,-0.8351359309466705,-0.7376846805653641,1.0,1.3669692700383753,0,0,0,1,0
-0.8309231711367714,0,0.6205410000631052,-0.2689440660311735,2.0,1,-0.8095852938684521,-1.9885520095824851,0,0,1.6019266592521622,1,0.9313922295439844,1.725865959822021,1.0,-0.5012744471991536,0,0,0,1,0
0.1536208377433663,0,-0.1810254718319409,0.7015145223135928,1.0,1,1.080202056526309,0.4023532302146519,0,0,-0.9356518205169142,1,-0.9395127486591001,0.43019526949445624,1.0,0.9036719291185461,0,0,0,1,0
1.101165899163817,1,1.7725903661120705,1.4060879790748648,1.0,1,0.2977204857965553,0.4023532302146519,0,0,0.46415225008177174,1,-0.4988537717786417,-0.9026958792594793,1.0,0.699455355509324,0,0,0,1,0
-0.5167110365068813,0,-0.5514644219442213,0.0605375251515306,0.0,1,0.05508123894261948,-2.1771506281788553,0,0,1.6019266592521622,1,0.4024187645161874,0.5764538328718619,1.0,0.3342531658982063,0,0,0,1,0
-0.4115477823141444,0,0.5045977000423435,1.8200879123604745,1.0,1,1.080202056526309,0.4023532302146519,0,0,1.320984496067692,1,0.462400530704002,0.41168081046785154,1.0,1.7598435305835647,0,0,0,1,0
-0.5381323115674064,0,-0.11873871094962411,1.6593717119682319,1.0,1,1.080202056526309,0.4023532302146519,0,0,-1.4081886862431972,1,0.823540944657446,0.5085286198435249,1.0,1.9619422151893837,0,0,0,1,0
0.9462932944968026,1,1.492640889173502,0.2712334518407903,1.0,1,-0.724493838842227,0.3327666565045852,0,0,-1.1588304336161757,1,0.49795717031730424,0.4673474396138738,1.0,-0.262040001468964,0,0,0,1,0
-0.8309231711367714,0,-0.7645563168546443,-1.0961470225926355,0.0,0,1.080202056526309,0.4023532302146519,1,0,-0.029305163774832554,0,-1.2044432310566484,-1.0891146293991636,1.0,-0.9820482882497802,0,0,0,1,0
0.37933802950188555,1,1.2192972609771573,1.269809686815702,1.0,1,-0.3427378961889812,0.4023532302146519,0,0,1.142584827742345,1,-0.3032592087013772,-1.0891146293991636,1.0,0.820734646783043,0,0,0,1,0
0.25952672785070585,0,-0.733700610471615,0.7079551493196006,1.0,1,1.080202056526309,0.4023532302146519,0,0,-1.269313764989794,1,-1.0129238497566253,-0.05773634266476519,1.0,1.2092037557527227,0,0,0,1,0
-1.0872109562370469,1,1.118217120626398,-1.048403604853543,0.0,1,-0.006469135059737444,1.6924986537655886,0,0,-0.029305163774832554,1,1.1559284904849312,-1.023807689993517,1.0,-1.4417009472139612,1,0,0,0,0
-0.20501848120630586,1,-0.5514644219442213,0.3244383677041789,2.0,1,-0.8095852938684521,0.4023532302146519,0,0,-0.029305163774832554,1,-1.2044432310566484,0.5764538328718619,3.0,0.6495589004586925,1,0,0,0,0
0.2644100362415433,0,-0.4681454910342443,0.9754546418194684,1.0,1,1.080202056526309,0.4023532302146519,0,0,1.2390705588425681,1,-1.2044432310566484,-1.0027415800827129,1.0,1.3790489090482814,0,0,0,1,0
-0.5179708261715386,0,-0.8711022643098535,-0.8657818241661251,0.0,0,-0.8095852938684521,0.4023532302146519,0,0,-0.029305163774832554,1,-1.2044432310566484,0.5764538328718619,1.0,-0.6627599839707067,0,0,0,1,0
-0.846531199913395,1,0.5178200521215358,-0.2580505949221804,2.0,1,-0.8095852938684521,-0.5934932503338098,0,0,0.04410679318867439,1,0.3223219105173954,0.5128391110238825,1.0,-0.45428200697839344,0,0,0,1,0
-0.9282195857579449,0,0.47202660390528683,1.6014832796498344,1.0,1,1.080202056526309,0.4023532302146519,0,0,0.7889827054647827,1,0.6203353629640704,0.018288529795595847,1.0,1.5457696598681605,0,0,0,1,0
1.359743243619858,0,-1.5103779490411224,-1.480089019970153,1.0,0,-0.8095852938684521,0.4023532302146519,0,0,-0.029305163774832554,1,-0.024257370285858674,-1.0891146293991636,1.0,-1.2450755529617947,0,0,0,1,0
-0.1314637268074024,1,1.50387083203528,1.3281600781453444,1.0,1,1.080202056526309,0.017488658769748484,0,0,1.1753350690532574,1,-0.03340027014924992,-1.0891146293991636,1.0,0.74629158521437,0,0,0,1,0
1.7440997344693927,0,-0.5321582962653354,-0.2730552017564929,0.0,1,-0.514655631029094,0.28510094368607236,0,0,-1.2995763777705907,1,-0.6104804712337861,1.9024728461504672,1.0,-0.07231014058665067,1,0,0,0,0
0.08061202871025443,1,-1.046892423016207,0.556272643395255,0.0,1,1.072994407571903,-2.0050039440236067,0,0,-1.2198336101019163,1,-1.1182129511394305,1.495737696526958,1.0,1.1992603625374598,0,0,0,1,0
-0.9873993436193877,1,1.5178496603414036,0.8694643435132259,0.0,1,-0.8095852938684521,-1.4704128355939228,0,0,0.28291423838435714,1,-0.024257370285858674,1.7039504099954592,1.0,0.30126418252830856,0,0,0,1,0
-0.3929688969267655,0,-0.3169887553795364,-1.4040313389040584,0.0,1,1.04124031072322,0.4023532302146519,0,0,1.5625927663035124,1,-0.08905783534320047,0.9791133364681935,2.0,-1.4755550304592036,0,0,0,1,0
-0.5179708261715386,1,0.08781126278704769,0.5164093663929377,0.0,1,-0.8095852938684521,-2.1779376168872213,0,0,-0.029305163774832554,1,-1.2044432310566484,2.2420222951428874,1.0,0.562655842551709,0,0,0,1,0
-0.8453950264249988,0,-0.5514644219442213,-0.1739832310893955,0.0,1,1.080202056526309,0.4023532302146519,0,0,-1.6605369868018272,1,-0.9504825762349645,0.9027869961161616,1.0,0.05405042535002613,0,0,0,1,0
1.5523783994682745,0,-0.5081321851141863,-0.263097397295109,0.0,1,-0.6453665526938479,-1.122565116641543,0,0,0.11575865101513474,1,-0.8439885050883121,0.6443873737425101,1.0,-0.07037847716082869,1,0,0,0,0
-0.33726369247529914,0,-2.3448245003208483,-0.9666100607118265,0.0,0,-0.8095852938684521,0.3808039312050805,0,0,-0.9205678198493836,1,-0.8162092902974896,-0.2406807169921524,1.0,-0.21698401213699206,0,0,0,1,0
-0.9873993436193877,1,0.5150285482982094,-0.006821374050980127,1.0,1,0.9045689997553203,0.4023532302146519,0,0,1.1791896698510707,1,0.23517934692980172,-1.0264326258900558,1.0,-0.18649590712682618,0,0,0,1,0
-0.4285778665462898,0,-1.0744558596228717,-0.7099435300621649,1.0,1,-1.2501911044003413,0.8184535125091473,0,0,0.9759985402793588,1,-0.09145951356986905,-0.6611018426701423,1.0,-0.3919211683137663,0,0,0,1,0
-0.5380518828147505,0,0.859768615884292,1.9697303424817547,1.0,1,1.080202056526309,0.4023532302146519,0,0,1.1923390295764906,1,1.1431482577986443,0.2974960989683992,1.0,1.7104322492860462,0,0,0,1,0
1.574066466402883,0,-0.5280030043145834,-0.3615423522862894,0.0,1,0.31508007239728103,-1.378310643952045,0,0,-0.6128767172309171,1,-0.42217945677608515,0.5752346367574795,1.0,-0.17946833522239958,1,0,0,0,0
0.2556203002046771,0,-0.7699795055801132,0.7022015097295004,1.0,1,1.080202056526309,0.4023532302146519,0,0,0.31291096037800054,1,-1.0690782731979604,-0.08240840829638583,1.0,1.2227283378535898,0,0,0,1,0
-1.0242081725295085,0,0.9035270365041458,-1.4033006204946494,1.0,1,0.6728848501716235,1.6924986537655886,0,0,-1.6605369868018272,0,1.1559284904849312,0.5764538328718619,1.0,-1.7519639469317825,0,0,0,1,0
-0.20522049194498065,0,0.40859980138519847,-1.2628826656197623,0.0,1,-0.3530013312889755,0.4023532302146519,0,0,-0.2794937133997747,1,1.6990948706743578,0.2675208633529075,2.0,-1.4952731652788795,0,0,0,1,0
-1.1438755161020042,0,-1.0841941592202764,-1.2881180212813943,1.0,1,-2.6993726442632133,0.4023532302146519,0,0,-1.6605369868018272,0,1.1559284904849312,2.2420222951428874,1.0,-1.1227767441892458,0,0,0,0,1
-0.27073252755445065,1,1.574201811950466,1.344224326498219,1.0,1,1.080202056526309,-0.5358392316461659,0,0,-0.7469427670700367,1,-0.2641065427703063,-1.0891146293991636,1.0,0.7298263368716746,0,0,0,1,0
-0.3047130496469477,0,-1.0076728597579434,-0.16054023154101657,0.0,1,-1.0353506294707129,0.1527952403555002,0,0,0.4816700486292588,1,1.329153810757146,-0.7625233030432118,1.0,0.27412402968110616,0,0,0,1,0
0.0011556189899966853,0,-1.2253568850036867,-0.28568274689664136,0.0,1,-0.8095852938684521,-2.1779376168872213,0,0,-0.029305163774832554,1,-0.19839851478603174,-1.0891146293991636,1.0,0.2156652184163159,0,0,0,1,0
-0.3518774716519679,0,-1.0841941592202764,-0.1731382515415671,0.0,1,-2.0144362271987855,-0.15191904665130132,0,0,0.24185123970329842,1,1.4307359483512705,1.0447134159232003,1.0,0.29394970976231927,0,0,0,1,0
-0.08831338805507846,1,0.5861479682245628,1.1816473512156869,1.0,1,-1.6836024944892773,0.4023532302146519,0,0,-0.029305163774832554,1,0.7215162373655326,-0.037438059815068106,1.0,1.0394018025725456,0,0,0,1,0
-0.674446998654155,0,-0.7645563168546443,-0.8657818241661251,0.0,1,-2.6993726442632133,0.4023532302146519,0,0,-0.029305163774832554,1,-1.2044432310566484,2.2420222951428874,3.0,-0.7000148235850125,1,0,0,0,0
1.0990223320769779,1,1.4236950065752334,0.17314967108654333,1.0,1,-0.8095852938684521,0.4023532302146519,0,0,-1.3600151480455642,1,-1.0208310950237898,-0.33393922633163164,1.0,-0.33240742656582495,0,0,0,1,0
-0.8309231711367714,0,-0.018734684668163807,-0.8657818241661251,0.0,1,1.080202056526309,0.4023532302146519,1,0,1.6019266592521622,1,2.3361143512557208,0.5764538328718619,0.0,-0.9426611926308528,0,0,0,1,0
-0.6089097703809161,1,1.4374181246074667,0.718268522464756,0.0,1,-0.8095852938684521,0.4023532302146519,0,0,1.2650854439562031,1,1.4148494664794349,-0.7511674572674479,1.0,0.1884992922882805,0,0,0,1,0
1.3592922792907631,0,-0.31231138828625177,-0.45063659190233857,1.0,1,0.9827362739296989,-1.9216592595167927,0,0,-1.6605369868018272,1,-1.2044432310566484,-0.7996454929303085,1.0,-0.36799264649960295,1,0,0,0,0
1.359743243619858,1,0.4074491051526822,-0.4050514273131042,1.0,0,-0.8095852938684521,0.4023532302146519,0,0,-1.6605369868018272,0,-1.2044432310566484,2.2420222951428874,1.0,-0.5733562488759376,0,0,0,0,1
2.115984604943546,0,-0.9684106781206987,-0.2514746283620972,1.0,1,-0.7403945096084488,-1.123914608754577,0,0,-0.1425289646111362,1,0.9805575923178349,-1.0891146293991636,1.0,0.14193397597266535,1,0,0,0,0
-0.9873993436193877,1,0.607616976636789,-0.05756249572299744,1.0,1,0.791028685956253,0.4023532302146519,0,0,1.402606442796494,1,-0.024257370285858674,-0.3744508480394498,1.0,-0.27456958043076307,0,0,0,1,0
-0.07783543059329748,1,0.6964123692459605,1.1370266873180646,1.0,1,-1.4602693152069748,0.4023532302146519,0,0,-0.029305163774832554,1,-0.052080251953530055,0.06026418618175015,1.0,0.9374751370625669,0,0,0,1,0
0.44408067177125815,0,-0.4401665252325056,-1.4202591849420154,0.0,1,-0.8017502355137155,0.9744759591608559,0,0,0.004565733798499607,1,0.0686456804881571,1.0216436271522844,2.0,-1.4635000865732652,0,0,0,1,0
3.2374573134112543,0,-0.7645563168546443,-0.36665722757535246,0.0,1,-0.8095852938684521,0.4023532302146519,0,0,-1.6605369868018272,1,-1.2044432310566484,-1.0891146293991636,2.0,-0.0889423168113489,1,0,0,0,0
0.25729209163148153,0,-0.8336620183740944,0.8995890469346617,1.0,1,1.080202056526309,0.4023532302146519,0,0,0.32523981049643846,1,-1.203245342407966,-0.28792456642447,1.0,1.5026970899884697,0,0,0,1,0
-0.8309231711367714,0,-0.5514644219442213,-0.17468622888659374,1.0,1,1.080202056526309,0.4023532302146519,0,0,-1.6605369868018272,1,-1.2044432310566484,0.5764538328718619,1.0,0.053210491552559254,0,0,0,1,0
-0.8309231711367714,1,1.0467247898839511,0.017284769802164975,1.0,1,-0.8095852938684521,1.6924986537655886,0,0,-0.029305163774832554,1,1.1559284904849312,0.5764538328718619,1.0,-0.3548676664649394,0,0,0,1,0
0.4756129676690921,1,1.422523001153228,0.42381253911741246,1.0,1,0.9355067084686336,-1.7418258889280276,0,0,-0.12049917884115685,1,1.0754740401703256,0.5764538328718619,1.0,-0.08992848409679685,0,0,0,1,0
-0.1643251313143041,1,1.5688318961987227,1.3386113248617584,1.0,1,1.080202056526309,-0.11999310800010993,0,0,0.058898803359883296,1,-0.21866820694477013,-1.0891146293991636,1.0,0.7269057256747998,0,0,0,1,0
-0.9873993436193877,1,1.4729085797047972,-1.019358623117132,1.0,1,1.080202056526309,1.6924986537655886,1,0,-0.029305163774832554,1,1.1559284904849312,-1.0891146293991636,1.0,-1.4950721809194654,1,0,0,0,0
0.2644100362415433,0,-0.5712500043866541,0.9752243918036414,1.0,1,1.080202056526309,0.4023532302146519,0,0,1.2535232727945878,1,-1.2044432310566484,-0.9564137933046443,1.0,1.4386897113947548,0,0,0,1,0
0.23661173124766177,1,0.6911383448469285,1.0611115639155964,1.0,1,-0.667244620849368,0.4023532302146519,0,0,0.20695919100875135,1,0.5679056060993282,-0.6288864174728962,1.0,0.860956845001661,0,0,0,1,0
-0.9873993436193877,1,0.5496772904106445,-1.3473515943876044,1.0,1,0.7460479674421571,0.4023532302146519,0,0,-0.3992098168917259,0,0.2737065143546642,0.5764538328718619,1.0,-1.6179485100213453,0,0,0,1,0
-0.9873993436193877,1,1.0467247898839511,-0.5586282262641111,1.0,1,-0.8095852938684521,0.4023532302146519,0,0,-0.029305163774832554,1,2.3361143512557208,-1.0891146293991636,1.0,-0.9330580308691228,1,0,0,0,0
-0.003968349754118992,1,0.7947116603681381,-0.16205273264548564,0.0,1,-0.8286626971706872,0.4731809238221746,0,0,0.10277241447201703,1,0.1026633577390143,0.476063359376938,1.0,-0.4498391404351503,0,0,0,1,0
2.068903584738459,0,-0.9202732190604339,-0.2514746283620972,1.0,1,1.028093060126524,0.4023532302146519,0,0,-0.6225417657823519,1,-1.2044432310566484,-1.0891146293991636,1.0,0.12042658944447363,1,0,0,0,0
-1.2046137766413738,0,1.3670871446922808,-1.6515371286788914,1.0,1,0.9780911766224288,0.4023532302146519,0,0,1.5255719600799147,0,2.1365579042438485,1.3537196704544945,1.0,-2.0849774797255582,0,0,0,1,0
1.359743243619858,1,1.5794545271600087,0.4365628689083222,1.0,1,-0.8095852938684521,0.4023532302146519,0,0,-1.4689259719417844,1,-0.024257370285858674,0.016238215018540246,1.0,-0.13519830582296577,0,0,0,1,0
-0.7636817608690242,1,1.1912756767964352,-0.01554595681678771,1.0,1,0.4058938035205016,1.462157379990228,0,0,0.6184961427129394,1,1.208051399025873,-0.30352761177902493,1.0,-0.4373232838303788,0,0,0,1,0
-0.5136423822883246,1,0.26653143504842003,-0.1419072192546882,1.0,1,-0.30695288292190676,-0.0008146343541688766,0,0,-0.029305163774832554,1,1.4122884631615622,-0.008956839110233561,1.0,-0.2380818215505411,0,0,0,1,0
-1.0809677134311626,0,0.09586613641466145,-1.4033006204946494,1.0,1,-0.7807509184761284,0.790256094132018,0,0,-1.1457071735999234,0,-1.1220638976031256,0.5764538328718619,1.0,-1.57474496105373,0,0,0,1,0
0.2644100362415433,0,-0.8316056815882076,0.7098187269864719,1.0,1,1.080202056526309,0.4023532302146519,0,0,0.873089018260055,1,-1.2044432310566484,-0.43315047735526746,1.0,1.2673203267044444,0,0,0,1,0
0.9379152472697383,1,0.015381327706996475,0.6329127260771718,0.0,1,0.6165332811702023,-0.6614594013918971,0,0,-0.7768448776179443,1,-0.7810999411254193,0.6995393422336907,1.0,0.7274545105204395,0,0,0,1,0
-0.9873993436193877,0,-1.616923896496334,-1.172935422068139,0.0,1,-0.8095852938684521,0.4023532302146519,0,0,-1.6605369868018272,0,-1.2044432310566484,-1.0891146293991636,1.0,-0.7973246841369861,1,0,0,0,0
-0.8309231711367714,1,1.0467247898839511,-0.059503629673338505,1.0,1,1.080202056526309,0.4023532302146519,0,0,-0.029305163774832554,1,-0.024257370285858674,0.5764538328718619,1.0,-0.43195971505216396,0,0,0,0,1
-0.41169878182058967,1,0.4222909556331929,0.4466278315811742,0.0,1,-0.8095852938684521,0.374102915875157,0,0,1.0607834455130103,1,1.7014918281575833,1.2467019000481945,1.0,0.33519937353946244,0,0,0,1,0
-0.34771551841627535,1,1.0800949806269224,0.7594281028328195,1.0,1,-0.150531404355031,0.4023532302146519,0,0,0.1285181463348519,1,-0.561756497971864,0.03827535134284817,1.0,0.37598444433648703,0,0,0,1,0
-1.1438755161020042,1,-0.1252806321233753,-1.019358623117132,1.0,0,-0.8095852938684521,0.4023532302146519,0,0,1.6019266592521622,0,1.1559284904849312,0.5764538328718619,1.0,-1.0847426624439154,0,0,0,0,1
-0.5179708261715386,0,-1.9365617388619685,-1.172935422068139,1.0,0,1.080202056526309,0.4023532302146519,1,1,1.6019266592521622,1,2.3361143512557208,-1.0891146293991636,1.0,-0.6812809525191572,0,0,0,1,0
1.1075008370067758,1,1.1555614752094483,0.7181460833617926,1.0,1,-0.058810575303621715,-0.8403225826221515,0,0,1.0463600937338056,1,0.04892713512639881,1.860831969025229,1.0,0.3031056453675746,1,0,0,0,0
0.2644100362415433,0,-0.8018154346797303,0.9317868835651376,1.0,1,1.080202056526309,0.4023532302146519,0,0,1.127119118828226,1,-1.2044432310566484,-0.6244843200271138,1.0,1.5231512111098384,0,0,0,1,0
-0.5179708261715386,0,-1.616923896496334,-1.1345412223303872,1.0,1,-0.8095852938684521,1.6924986537655886,1,0,-0.029305163774832554,0,1.1559284904849312,-1.0891146293991636,2.0,-0.7453417002821249,1,0,0,0,0
-0.06701619859933187,1,1.366053649001965,1.3242893668987832,1.0,1,0.48366233256394653,0.02980825741923613,0,0,1.1652964684143492,1,0.15987994845504297,-0.35217386985657473,1.0,0.8057292265854563,0,0,0,1,0
-0.5179708261715386,0,-0.1252806321233753,-0.9041760239038769,1.0,1,1.080202056526309,-2.1779376168872213,0,0,-1.6605369868018272,0,-1.2044432310566484,-1.0891146293991636,1.0,-0.953561206565651,0,0,0,1,0
-0.8309231711367714,1,0.8336328949735282,-0.21308042862434548,0.0,0,-2.6993726442632133,0.4023532302146519,0,0,-0.029305163774832554,1,2.3361143512557208,-1.0891146293991636,1.0,-0.515587215050362,0,1,0,0,0
-0.47992489664177046,0,-1.105300911411154,-1.6011975719419316,0.0,0,1.080202056526309,-1.2409566015791182,0,0,0.6951656696270316,0,0.3512423650355836,-1.0891146293991636,2.0,-1.5151573468252892,0,0,0,1,0
-0.9873993436193877,1,0.19251396535128426,-1.315384506897553,1.0,1,-2.317493865432192,0.4023532302146519,0,0,-0.14679300459652897,1,-1.176621529574838,1.8210598597146594,1.0,-1.5005079298398534,0,0,0,1,0
0.2644100362415433,0,-0.48258246691442536,0.9752189782214784,1.0,1,1.080202056526309,0.4023532302146519,0,0,1.2500748487207085,1,-1.2044432310566484,-0.8762966191324834,1.0,1.3870960302818456,0,0,0,1,0
-0.20501848120630586,1,-0.33837252703379833,-0.040306529804462636,0.0,1,-0.8095852938684521,0.4023532302146519,0,0,-0.029305163774832554,1,-1.2044432310566484,0.5764538328718619,3.0,0.12038495196987796,0,0,0,1,0
-0.20835846510794734,0,-0.39567293757520977,1.071797783134405,1.0,1,1.080202056526309,0.4023532302146519,0,0,0.6369584244859592,1,-0.975421083658912,0.24857169095765005,1.0,1.4506536185976477,0,0,0,1,0
-1.1578023648814746,0,0.49513641990832075,-1.4060478406684849,1.0,1,0.12482195132158826,1.1318530585072937,0,0,-0.8591649915670015,0,1.0981312483254033,0.5035085964982401,1.0,-1.6681587277547456,0,0,0,1,0
-1.1438755161020042,1,1.0467247898839511,0.4012267671796824,1.0,1,-0.8095852938684521,0.4023532302146519,0,0,1.6019266592521622,1,-0.024257370285858674,0.5764538328718619,1.0,0.030592576471182537,0,0,0,0,1
-1.1438755161020042,0,-0.7645563168546443,-0.8273876244283733,0.0,1,-0.8095852938684521,-2.1779376168872213,0,0,1.6019266592521622,0,-0.024257370285858674,0.5764538328718619,1.0,-0.6530092461408847,0,0,0,1,0
-0.5179708261715386,0,0.5139950526078937,-0.3282630278376007,2.0,0,-0.8095852938684521,0.4023532302146519,1,0,-0.029305163774832554,1,-1.2044432310566484,2.2420222951428874,2.0,-0.5275223891580416,0,0,0,1,0
-0.8309231711367714,1,-0.018734684668163807,-1.4033006204946494,1.0,1,-2.6993726442632133,1.6924986537655886,0,0,-1.6605369868018272,0,1.1559284904849312,0.5764538328718619,2.0,-1.547660383619867,0,0,0,1,0
0.7063291037099133,0,-0.018734684668163807,-0.3282630278376007,2.0,1,1.080202056526309,0.4023532302146519,0,0,0.21060662536503955,1,0.46678964192020833,0.5764538328718619,1.0,-0.3376620016418387,1,0,0,0,0
1.9856479335503234,0,-0.5514644219442213,-0.5202340265263594,1.0,0,1.080202056526309,0.4023532302146519,0,0,-0.029305163774832554,1,-0.024257370285858674,-1.0891146293991636,1.0,-0.35964609922861007,1,0,0,0,0
0.25742509637809174,1,1.3704539966318652,0.7267832041405975,1.0,1,1.080202056526309,0.4023532302146519,0,0,0.7541379624931035,1,0.9160899396732303,1.5700686858611894,1.0,0.22357356019082927,0,0,0,1,0
-0.6346184925674647,0,-1.4093723908535827,-1.7363872734559298,1.0,1,-0.06753194392569319,-2.1779376168872213,0,0,-1.6605369868018272,0,-1.2044432310566484,0.140522933673204,2.0,-1.6131922301749009,0,0,0,1,0
-1.0388699898911296,1,1.6295950500324299,-1.049711157719812,0.0,1,0.5277529612360071,1.3543696002888177,0,0,0.013999147431064871,1,1.167018697018594,-0.06650389505015976,1.0,-1.5587330703221103,1,0,0,0,0
-0.6067370987259947,1,0.1873464868997058,-0.22111199608488655,0.0,1,-0.4024041522029956,-0.7378837458467838,0,0,-0.3393044594228826,1,1.0503927302572247,0.5293948615388563,1.0,-0.2951694376917763,0,0,0,1,0
-0.2794955061658221,0,0.5374990886165126,1.8098850761163643,1.0,1,1.080202056526309,0.4023532302146519,0,0,0.05909618241046963,1,0.46458623491814943,-0.012677719054947146,1.0,1.7297770985118486,0,0,0,1,0
0.2644100362415433,0,-0.6630819564983,0.975050658049828,1.0,1,1.080202056526309,0.4023532302146519,0,0,1.1767477158119992,1,-1.2044432310566484,-0.9812374256663317,1.0,1.4927380650498818,0,0,0,1,0
-1.1550180278683186,0,0.0979118186058012,-1.5857257844852102,1.0,1,0.9115064091186199,0.5641890721448817,0,0,0.3038951420921306,0,1.637333384208501,1.2477395492001893,1.0,-1.7779314333870517,0,0,0,1,0
0.2644100362415433,0,-0.5004928406816469,0.9745731877818896,1.0,1,1.080202056526309,0.4023532302146519,0,0,1.226947243933832,1,-1.2044432310566484,-0.9421515305622175,1.0,1.396686546284919,0,0,0,1,0
-0.8708380520706718,0,1.067852851264318,1.9767145545676494,1.0,1,1.080202056526309,0.4023532302146519,0,0,1.0988400839442294,1,0.17444816272039773,0.135697781838005,1.0,1.6006065203441897,0,0,0,1,0
-0.16033624072537728,1,0.1706507369334755,-0.04750010546152737,1.0,1,0.9887193406810492,0.4023532302146519,0,0,1.555529532509805,1,-1.2044432310566484,0.48849849351625363,1.0,-0.09755525298619909,0,0,0,1,0
-0.5166725433684505,0,0.2325752415944436,1.7423251064898262,1.0,1,1.080202056526309,0.4023532302146519,0,0,-0.5456748598176737,1,0.7375903687892308,0.3400413797686503,1.0,1.8378955121125373,0,0,0,1,0
1.1036652930668818,1,1.7853332614277135,1.5725343985953673,1.0,1,0.9662989035559655,0.4023532302146519,0,1,-1.0991942293981316,1,-0.11462656201679955,1.2965390395762681,1.0,0.8487572943020848,0,0,0,1,0
0.8903147261720088,1,1.0467247898839511,0.17086156875317193,1.0,1,-0.8095852938684521,0.4023532302146519,0,0,-0.029305163774832554,1,-1.2044432310566484,-1.0891146293991636,2.0,-0.20068356929049072,0,0,0,1,0
0.05077937699792656,1,1.363773565726424,1.3219391811444359,1.0,1,0.407615399796711,0.4023532302146519,0,0,1.1786627819722324,1,1.1559284904849312,-0.2547714261829651,1.0,0.8045018257755785,0,0,0,1,0
-0.21910258853912135,0,-0.018329810067834188,-0.2514746283620972,0.0,1,-0.8095852938684521,0.4023532302146519,0,0,-0.029305163774832554,1,-0.055987847338542084,1.4763571418999724,1.0,-0.25138809501947784,0,0,0,1,0
-0.5091989284183355,0,0.3021071269037149,2.5165307062316815,1.0,1,1.080202056526309,0.4023532302146519,0,0,0.5823382581237232,1,-0.31917283484801057,0.02924463914041461,1.0,2.6374632480668234,0,0,0,1,0
-0.9697953047865759,0,1.3421767021772528,2.540572501406066,1.0,1,1.080202056526309,0.4023532302146519,0,0,0.22345257597137688,1,1.1558069313412718,0.5056055471922392,1.0,2.0011270140917836,0,0,0,1,0
0.7338385536893924,1,-0.20075778130064567,0.13214758372580435,1.0,1,-1.0906684847914683,0.4023532302146519,0,0,0.15448572572561903,1,-0.7462136470810347,-1.0891146293991636,1.0,0.25990575300511937,1,0,0,0,0
0.731684972127514,1,0.6058163501247951,1.0347905354679798,1.0,1,-0.20447349448469931,0.4023532302146519,0,0,0.2394957409508478,1,-1.2044432310566484,1.3517409751213165,1.0,0.8749817963927714,1,0,0,0,0
1.164990965157751,1,0.7847922326600602,1.3305456249576504,1.0,1,0.6236180939468323,0.4023532302146519,0,0,0.23381742297489108,1,-0.699119510492837,0.10397703047405334,1.0,1.0938663136843527,1,0,0,0,0
-0.3971319454956655,0,0.3323448667915028,1.7797660550364895,1.0,1,1.080202056526309,0.4023532302146519,0,0,-0.3263541099798714,1,0.657682344528162,0.46125645574734864,1.0,1.8186729040103737,0,0,0,1,0
-0.8309231711367714,0,-1.7194743709219749,-1.710213026033911,1.0,0,0.9630938242096961,0.02233444498060592,1,0,-1.1160203856526554,0,1.0112011181927485,-0.4712337002450945,2.0,-1.4973861416273893,0,0,0,1,0
1.0765556397080958,1,1.5028693001292006,1.5136575076047207,1.0,1,-0.523594325196461,0.4023532302146519,0,1,-0.8593264835174813,1,-0.16169945525950324,-0.21008422434023366,1.0,0.9244245258443069,0,0,0,1,0
-0.9873993436193877,1,0.9401788424287397,-1.326512221019146,1.0,0,1.080202056526309,0.4023532302146519,0,0,-0.029305163774832554,0,-0.024257370285858674,0.5764538328718619,1.0,-1.6815205041477168,0,0,0,1,0
-0.674446998654155,0,-0.8153148062223069,-0.465201239601856,1.0,0,0.17763772819042078,-2.1355086043429017,0,0,0.619359064347321,1,1.5792599785575527,-0.3561196015436948,1.0,-0.18904682298384898,0,0,0,1,0
4.840751295711263,1,0.7192984387593404,-0.23261006065715015,0.0,1,-0.8095852938684521,0.4023532302146519,0,0,-0.029305163774832554,0,-0.024257370285858674,-1.0891146293991636,1.0,-0.49703379176997114,1,0,0,0,0
0.2517731770280196,0,-0.9620711942471146,0.5967769883505933,1.0,1,1.080202056526309,0.4023532302146519,0,0,-1.6224836108342535,1,-1.1443363651675922,0.5764538328718619,1.0,1.2016269259478234,0,0,0,1,0
0.956718363012284,1,-0.02561755287376966,0.523199994923755,0.0,1,0.7399156074901259,-0.9927713264506244,0,0,-1.6605369868018272,1,0.43957927671427705,-0.16753727797152024,1.0,0.6239861068076467,0,0,0,1,0
-0.5179708261715386,1,-0.8711022643098535,-0.6354166257396147,1.0,1,-0.8095852938684521,-2.1779376168872213,0,0,1.6019266592521622,0,-0.024257370285858674,-1.0891146293991636,0.0,-0.3772338780920976,0,0,0,1,0
-0.8309231711367714,1,0.5139950526078937,0.5164093663929377,0.0,1,-0.8095852938684521,0.4023532302146519,0,0,-0.029305163774832554,1,1.1559284904849312,-1.0891146293991636,2.0,0.36964025954356805,0,0,0,1,0
0.1079338637589269,0,-1.403832001585911,-1.2113296218058909,1.0,1,-0.8095852938684521,-2.1779376168872213,0,0,-0.029305163774832554,0,1.1559284904849312,-1.0891146293991636,1.0,-0.9216861014333183,0,0,0,1,0
2.4001448647434604,0,-1.3740950276511616,-0.2481526086239881,0.0,1,-0.6742349442584784,0.3738526276629881,0,0,-0.8966360177737548,1,-1.2044432310566484,-1.0891146293991636,1.0,0.3349845358964474,1,0,0,0,0
-0.7336661885110634,0,-1.4408673729213428,-0.9573135963409253,1.0,1,0.9077721893142399,0.010214818871768548,1,0,-0.6445617641613932,0,-0.5671995151617389,-1.0872891663645146,1.0,-0.5726032559646371,0,0,0,1,0
1.359743243619858,0,-1.190740106675488,-1.019358623117132,0.0,1,1.080202056526309,-2.1779376168872213,0,0,-0.029305163774832554,0,-1.2044432310566484,-1.0891146293991636,2.0,-0.7443485520205095,0,0,0,1,0
-0.048542308723689476,1,-0.018734684668163807,-0.44344562705085594,1.0,1,-0.8095852938684521,0.4023532302146519,0,0,-0.029305163774832554,1,-0.024257370285858674,-1.0891146293991636,1.0,-0.4673046854251987,1,0,0,0,0
-0.20501848120630586,1,0.6205410000631052,0.1324673690154202,0.0,1,1.080202056526309,0.4023532302146519,0,0,-1.6605369868018272,0,-1.2044432310566484,-1.0891146293991636,1.0,-0.07974940009658499,0,0,0,1,0
0.6172949439481674,1,1.223026369138088,1.3111354756744296,1.0,1,1.0763298822453502,0.4023532302146519,0,0,1.1384219241299798,1,-0.3312461362036957,0.5299078566252358,1.0,0.859726334501619,1,0,0,0,0
-0.37254390565643747,1,-0.039521799016675935,-0.44344562705085594,1.0,1,-0.8095852938684521,0.4023532302146519,0,0,1.216259413029359,1,0.5690350439680857,-0.8761234000124072,1.0,-0.4598526571958452,0,0,0,1,0
-0.048542308723689476,1,0.8336328949735282,-0.8657818241661251,2.0,1,1.080202056526309,0.4023532302146519,0,0,-0.029305163774832554,1,-0.024257370285858674,0.5764538328718619,1.0,-1.185677802757773,0,0,0,1,0
-0.22237184521080022,1,0.9671669309191436,1.1367738615127914,1.0,1,-0.8159236406416763,0.4023532302146519,0,0,-0.029305163774832554,1,0.6844867257979883,0.1428797130473176,1.0,0.8064283884793741,0,0,0,1,0
-0.7560441588901476,1,1.090397973745841,-0.05196765454301218,1.0,1,0.059671532416728804,0.800311487563174,0,0,0.0979488619713264,1,0.8958698153206446,0.3628813200917728,1.0,-0.4392996996858346,0,0,0,1,0
-0.5179708261715386,0,0.5652756171180865,-0.3309811836022346,1.0,1,0.9200973824135144,-2.0429342194760043,0,0,-0.7959090839336608,1,0.40135895761321516,-1.0891146293991636,1.0,-0.5478182158482279,0,0,0,1,0
-0.13003807239991316,1,-0.23000464387710118,0.17347444762212505,0.0,1,-2.2835740722799565,0.4023532302146519,0,0,-1.5850859900595367,1,-0.5895793796395354,-0.06314111232483458,1.0,0.3205022488821877,1,0,0,0,0
0.13160651798913184,1,0.6367253294815524,1.00920640689593,1.0,1,-2.152628816983753,0.4023532302146519,0,0,-0.017318872339230344,1,0.41974861369574556,-1.0865862964734363,1.0,0.8330780511925053,0,0,0,1,0
-0.9873993436193877,0,-0.33837252703379833,0.17086156875317193,1.0,1,-2.6993726442632133,0.4023532302146519,0,0,-1.6605369868018272,1,-1.2044432310566484,0.5764538328718619,2.0,0.36667924467028645,0,0,0,1,0
2.360027973070885,0,0.048911337371149256,-0.03182955123276395,0.0,1,0.9749163338737659,-1.5762228223610293,0,0,0.6929635066659452,1,-0.40750856634084337,0.2089195025763637,1.0,-0.031529244819766954,1,0,0,0,0
-0.940890087348552,0,-0.685754934116768,-0.6354166257396147,0.0,1,-0.8095852938684521,-0.8890642767239059,0,0,0.5027455637827672,1,-1.1961229207382145,-1.0891146293991636,1.0,-0.44763914016386097,0,0,0,1,0
-0.991814162349812,1,0.5613121078727522,-0.05939290080129504,1.0,1,0.6375552756559939,0.4023532302146519,0,0,1.3493043117472634,1,-0.024257370285858674,-0.3782000426480218,1.0,-0.25947079800713496,0,0,0,1,0
-0.3337828800184236,1,0.4218647718433716,0.39116802436718806,0.0,1,-0.8095852938684521,0.4023532302146519,0,0,1.1087416611100038,1,1.8816353979456366,0.9586584901830432,1.0,0.27589243973218075,0,0,0,1,0
-0.7888187191213212,0,-1.2874838269648197,-1.6047187807882801,1.0,0,1.080202056526309,0.37056662726920403,1,0,-1.2579130857786582,0,-0.04821396307364488,-1.0891146293991636,2.0,-1.4720406049959003,0,0,0,1,0
2.1421241060329397,1,0.5139950526078937,-0.44344562705085594,0.0,0,1.080202056526309,0.4023532302146519,0,0,-1.6605369868018272,1,1.1559284904849312,0.5764538328718619,2.0,-0.6498627503446248,1,0,0,0,0
0.26948236784873997,1,1.3070378487065237,0.7134467101022912,1.0,1,1.080202056526309,0.4023532302146519,0,0,0.15112701940200637,1,1.0271784743758632,1.5505282366618256,1.0,0.23623742229011171,0,0,0,1,0
2.0816269752753653,0,-1.9791055356808334,-0.36538833766821927,1.0,1,-0.8095852938684521,0.2485601548548388,0,0,-0.6518321643966244,1,-1.0626261970971265,-1.0891146293991636,1.0,0.47762871661737466,1,0,0,0,0
-0.5250192953610178,0,0.6137007502364803,-1.2109284024186313,0.0,1,1.0264829613039874,1.16665473130758,0,0,1.4301220611873127,1,1.1559284904849312,0.5924965883004565,2.0,-1.4888400482847144,0,0,0,1,0
-0.25576698994204067,1,1.2999312340112614,0.39912514547443734,1.0,1,-1.586699868523085,-0.11154394562127468,0,0,0.7365076089498278,1,0.8449943632345371,2.0535715514792323,1.0,-0.06827076359333348,0,0,0,1,0
0.7327133335330701,1,2.209194349594035,1.6634308619471068,1.0,1,-0.42006421499243407,0.4023532302146519,0,0,-0.8712556818392776,1,0.10930308339171092,-1.0891146293991636,1.0,0.7419362984952185,0,0,0,1,0
-0.8309231711367714,1,1.0467247898839511,-0.6354166257396147,0.0,1,1.080202056526309,0.4023532302146519,0,0,-1.6605369868018272,0,1.1559284904849312,-1.0891146293991636,2.0,-1.0101500794563474,0,0,0,1,0
0.42088620872415966,1,1.3663626322495857,-0.597022426001863,0.0,1,-0.8095852938684521,0.4023532302146519,0,0,-0.029305163774832554,1,2.3361143512557208,2.2420222951428874,1.0,-1.0605986519663964,1,0,0,0,0
-0.9738215931807261,0,-0.5514644219442213,-0.16943313447847452,1.0,1,1.080202056526309,0.4023532302146519,0,0,-1.6605369868018272,1,0.010853159072072254,1.1595676859444854,1.0,0.05948682919152357,0,0,0,1,0
-0.8496048613694708,1,1.0910479040253185,0.6856056936812566,0.0,1,-0.8095852938684521,0.4023532302146519,0,0,1.6019266592521622,1,1.4397631900003058,-1.0891146293991636,1.0,0.297558344275999,0,0,0,1,0
3.0191575616569284,0,-1.4119934211609806,-0.18131736791170047,0.0,1,0.9098433962502724,-2.1779376168872213,0,0,-0.029305163774832554,1,0.3402453931849212,-1.0891146293991636,1.0,0.4416209898527199,1,0,0,0,0
-0.5179708261715386,1,-0.8711022643098535,-0.6354166257396147,1.0,1,-0.8095852938684521,-2.1779376168872213,0,0,1.6019266592521622,0,-0.024257370285858674,-1.0891146293991636,0.0,-0.3772338780920976,0,0,0,1,0
-0.9873993436193877,1,0.5276116246926685,0.015888295969303468,1.0,0,1.080202056526309,0.4023532302146519,0,0,-0.029305163774832554,1,0.2963601819521596,-0.8304884897146433,1.0,-0.16715864345700898,0,0,0,1,0
0.2644100362415433,0,-0.8863063710117128,0.7056406701710094,1.0,1,1.080202056526309,0.4023532302146519,0,0,-0.5206860195207234,1,-1.2044432310566484,-0.1831120086622166,1.0,1.293747853417287,0,0,0,1,0
-0.07566213303368659,1,0.8720853274101137,1.3196749600033018,1.0,1,0.30783084812116723,0.34613127294714907,0,0,0.4777306237766485,1,0.5484160167945592,-0.6197324532042546,1.0,1.0387343616657685,0,0,0,1,0
-0.21391728113539224,1,1.255704011222603,0.25096795657581245,1.0,1,-1.032136101187691,-1.8682433685455133,0,0,-0.029305163774832554,1,-1.2044432310566484,1.4783474962123864,1.0,-0.19719751058348767,0,0,0,1,0
-0.9878673638512835,1,0.4357263996072946,-0.059503629673338505,1.0,0,-0.8095852938684521,0.4023532302146519,0,0,1.5631506475869874,1,-0.024257370285858674,-0.8859286015497967,1.0,-0.2127761179038519,0,0,0,1,0
0.2644100362415433,0,-0.7278832017405588,0.9702985695540866,1.0,1,1.080202056526309,0.4023532302146519,0,0,0.8689685266750887,1,-1.2044432310566484,-0.7149363465076665,1.0,1.525748631331424,0,0,0,1,0
-0.31339184407752363,0,-1.02564716109364,-0.15439201476021147,0.0,1,-0.7167740575158645,-0.08525078188930678,0,0,0.42834508033450613,1,1.218355601776263,0.40354284296119536,1.0,0.2902564942076677,0,0,0,1,0
-0.5975428717832609,1,2.91834286666643,1.3112819879406288,1.0,1,-0.8095852938684521,0.4023532302146519,0,0,1.6019266592521622,1,-0.2992253334292627,0.5764538328718619,1.0,0.15366760561231604,0,0,0,1,0
0.2209102861960656,0,-0.7808578468152896,0.7935751361955806,1.0,1,1.080202056526309,0.4023532302146519,0,0,0.765218920266926,1,-1.1249824972368119,-0.329910216221398,1.0,1.3409915547601665,0,0,0,1,0
-0.36149465368892225,1,-0.5514644219442213,-0.2514746283620972,0.0,0,-0.8095852938684521,0.4023532302146519,0,0,-0.029305163774832554,1,2.3361143512557208,2.2420222951428874,1.0,-0.03853541750992292,0,0,0,0,1
-0.6344491853488385,0,-1.7850214377964226,-1.7385358512674542,1.0,1,0.4634472772767739,0.1177200567254208,0,0,-1.2542395517132015,0,-1.1532090024688668,-0.41673463459112425,2.0,-1.5187589593424669,0,0,0,1,0
-0.9873993436193877,1,-0.0011546033380523113,-1.3972455864366078,1.0,1,-1.2679229791090951,0.4023532302146519,0,0,-1.410046659289625,1,-0.22019654763446822,1.6025189562116158,1.0,-1.5450466311952862,0,0,0,1,0
0.24911965409505954,0,-0.2461250457270757,0.7066462526563413,1.0,1,1.080202056526309,0.4023532302146519,0,0,-0.5738755955741643,1,-0.9561899550576521,0.13376239128484604,1.0,0.9432307495331995,0,0,0,1,0
-0.9508557418216252,0,0.9655154687335888,1.9700036707896873,1.0,1,1.080202056526309,0.4023532302146519,0,0,1.3391237939397522,1,1.1445007507950875,0.1365239037952913,1.0,1.6508636671581975,0,0,0,1,0
-0.3937719326439463,1,0.5633258262796557,0.09669269034317579,1.0,1,-0.8095852938684521,-0.8341763298243546,0,0,0.602389359692371,1,-0.24386989581566954,-1.0891146293991636,1.0,-0.09530234912827908,0,0,0,1,0
3.2374573134112543,1,-0.018734684668163807,-0.021109429935586767,0.0,1,1.080202056526309,0.4023532302146519,0,0,-1.6605369868018272,0,-1.2044432310566484,-1.0891146293991636,2.0,0.008051821780455017,1,0,0,0,0
0.7579213319676745,1,0.7660401459079408,0.019981348026546202,0.0,1,-1.5735393894149357,1.2005945869649346,0,0,-1.2129449181132732,0,0.5705598441002017,-0.4727427052719121,1.0,-0.25172082363801934,1,0,0,0,0
-1.1438755161020042,1,1.523507250151276,-1.0457152813821053,0.0,1,0.008477193094534196,0.4023532302146519,0,0,-0.029305163774832554,1,1.979638031824043,0.5764538328718619,1.0,-1.5316457601805402,1,0,0,0,0
-0.6755182345309709,1,0.6426279749705704,-1.1917073061749193,0.0,1,-0.8095852938684521,1.6924986537655886,0,0,0.8554994455123549,1,1.1559284904849312,1.9213420712595355,1.0,-1.4755377344489335,1,0,0,0,0
-0.674446998654155,1,1.3663626322495857,-0.7889934246906216,0.0,0,-0.8095852938684521,0.4023532302146519,0,0,-0.029305163774832554,0,-0.024257370285858674,0.5764538328718619,1.0,-1.247061548307439,0,0,0,1,0
-0.4327611005414397,1,1.579241435265097,1.3844988053797278,1.0,1,1.080202056526309,-0.9243562047851418,0,0,-1.3681321575969463,1,-0.993359908742628,-1.0891146293991636,1.0,0.765835617980319,0,0,0,1,0
-0.4337514382370823,0,-0.9741641592832799,-0.7122135487274597,1.0,1,-1.021334076692835,1.3420654833844126,0,0,1.0833694813346413,1,0.12200424362532608,-0.26877552581374,0.0,-0.43342726524496794,0,0,0,1,0
-0.7083657126585218,0,0.4922809885165218,1.81937546959014,1.0,1,1.080202056526309,0.4023532302146519,0,0,1.34376791093991,1,0.48234449156516757,0.2023305137396196,1.0,1.7663201573486622,0,0,0,1,0
0.2644100362415433,1,2.1121842644360638,-0.2514746283620972,1.0,1,-0.8095852938684521,0.4023532302146519,1,0,-1.6605369868018272,1,-0.024257370285858674,-1.0891146293991636,2.0,-0.9407458805897321,1,0,0,0,0
-0.8309231711367714,1,0.5139950526078937,-1.0961470225926355,1.0,1,-0.8095852938684521,0.4023532302146519,0,0,-0.029305163774832554,0,1.1559284904849312,-1.0891146293991636,1.0,-1.3431247970685958,0,1,0,0,0
-0.020589718223739943,1,1.764951021679531,1.3489611341024645,1.0,1,0.9940598797332643,-0.03923774535836284,0,0,0.14147828316880187,1,-0.17761544177785812,-1.0891146293991636,1.0,0.6495539862717922,0,0,0,1,0
0.2644100362415433,0,-0.5514644219442213,-1.019358623117132,0.0,0,1.080202056526309,1.6924986537655886,0,0,-0.029305163774832554,0,1.1559284904849312,-1.0891146293991636,3.0,-0.9559945081347428,0,0,0,0,1
-0.5160040771596047,0,0.6059228960722509,-0.3140556765608426,1.0,1,1.080202056526309,-2.1779376168872213,0,0,-0.029305163774832554,1,2.3028708759295293,-1.0891146293991636,1.0,-0.5437144098290837,0,0,0,1,0
-0.38684441953579596,0,-1.2115591848082363,-1.6246022153716682,0.0,0,1.080202056526309,-1.2798931904618853,0,0,0.868373127059684,0,0.09241816428166315,-1.0891146293991636,2.0,-1.5177119146124582,0,0,0,1,0
-0.20501848120630586,1,0.1943572102422592,-0.17468622888659374,1.0,1,-0.8095852938684521,-2.1779376168872213,0,0,-1.6605369868018272,1,-0.024257370285858674,0.5764538328718619,1.0,-0.2467344982599816,0,0,0,1,0
-0.20501848120630586,0,-0.7645563168546443,-0.17468622888659374,0.0,1,-0.8095852938684521,-2.1779376168872213,0,0,-0.029305163774832554,1,-1.2044432310566484,-1.0891146293991636,1.0,0.146085570409291,0,0,0,1,0
-0.8309231711367714,1,-0.33837252703379833,-0.7122050252151181,1.0,1,-0.8095852938684521,0.4023532302146519,0,0,-0.029305163774832554,0,-0.024257370285858674,-1.0891146293991636,1.0,-0.6632787066223316,0,0,0,1,0
-0.20501848120630586,0,0.0897503990307339,-1.3922443579787682,0.0,1,-0.8095852938684521,0.4023532302146519,0,0,0.13359453976811228,1,0.7261166018508172,2.2420222951428874,2.0,-1.5610159409080735,0,0,0,1,0
0.2644100362415433,0,-0.712412730170062,0.9750788009982356,1.0,1,1.080202056526309,0.4023532302146519,0,0,1.1734885146295913,1,-1.2044432310566484,-0.9623748628311123,1.0,1.5222729880072055,0,0,0,1,0
-0.9873993436193877,1,0.5760367578110623,-1.3137971371035952,1.0,1,0.31741584956236896,0.4023532302146519,0,0,-0.029305163774832554,0,-0.8719447477582508,1.3898708339280872,1.0,-1.5884316556020484,0,0,0,1,0
0.2644100362415433,0,-0.7327736607287528,0.9448045905630209,1.0,1,1.080202056526309,0.4023532302146519,0,0,1.012882323029822,1,-1.2044432310566484,-0.7150962410800444,1.0,1.497593406693191,0,0,0,1,0
0.960912706815681,1,0.6049746371398995,0.9752359100635626,1.0,1,-2.5710390750852556,1.24920597637891,0,0,-0.05444244616767842,1,-1.1404323103401623,-1.0891146293991636,1.0,0.8127509074172646,1,0,0,0,0
2.806326339178526,0,0.7082389694134907,-0.4192837732138912,1.0,1,1.080202056526309,0.3402159561801679,0,0,0.15344499982252793,1,-0.7575269087423835,-1.0891146293991636,1.0,-0.687469070266802,1,0,0,0,0
1.995599661644046,0,-2.121855796081326,-0.43271041683318173,1.0,1,-0.8095852938684521,0.4023532302146519,0,0,-0.4211221539704476,1,-1.2044432310566484,-1.0891146293991636,1.0,0.4556209358109825,1,0,0,0,0
2.214813234245669,0,-0.056846170072892305,-0.29110055242163596,0.0,1,1.080202056526309,0.4023532302146519,0,0,1.5719185186357574,1,-1.2044432310566484,-1.0891146293991636,1.0,-0.28142791538464834,1,0,0,0,0
0.2592478873113415,0,-0.4995232725598038,0.6991163438095734,1.0,1,1.080202056526309,0.4023532302146519,0,0,0.9702451856395425,1,-0.9137752554074106,0.2468977946530676,1.0,1.068948575063008,0,0,0,1,0
-0.3950821076361436,0,-0.28452420518993327,-1.405403355631687,0.0,1,0.9477071756027823,0.4023532302146519,0,0,1.2627511512174512,1,-0.4598120433184833,1.1866431668671633,2.0,-1.4852614334531107,0,0,0,1,0
-0.20501848120630586,1,1.2598166847943741,0.7851687645571999,1.0,1,-0.8095852938684521,0.4023532302146519,0,0,1.6019266592521622,0,-1.2044432310566484,0.5764538328718619,1.0,0.3259041836755828,0,0,0,1,0
-0.9504573534864841,0,-0.8711022643098535,-0.658840926999617,0.0,1,-0.38629182525352934,-2.1779376168872213,0,0,0.3020306441184109,1,-1.0811716377132787,2.0739214669512593,1.0,-0.4062671242915209,0,0,0,1,0
-0.9873993436193877,0,-1.0841941592202764,-1.0961470225926355,0.0,1,-0.8095852938684521,0.4023532302146519,0,0,1.6019266592521622,1,2.3361143512557208,-1.0891146293991636,1.0,-0.878852684206231,0,0,0,1,0
-0.5179708261715386,1,-0.8980690436107681,-0.678810095831019,1.0,1,-2.3095548687731835,0.4023532302146519,0,0,0.6338574527903846,0,-0.08345549306212147,-0.2909392453411805,0.0,-0.4207531384615112,0,0,0,1,0
0.6978551365891176,0,-1.2881444118390422,-0.2624748737405609,0.0,1,-0.8095852938684521,-2.1779376168872213,0,0,-0.029305163774832554,1,-1.1980643264791822,-1.0891146293991636,1.0,0.2751822587415143,0,0,0,1,0
-0.9869059742475499,0,0.3008605393184898,-0.41208278747627725,2.0,1,1.0657054977614304,0.4023532302146519,0,0,-0.021299077987416207,1,-0.024257370285858674,1.2511522989793826,1.0,-0.5446359002709172,0,0,0,1,0
-0.8309231711367714,0,-0.6580103693994328,-1.2881180212813943,0.0,1,1.080202056526309,0.4023532302146519,0,0,-1.6605369868018272,1,-0.024257370285858674,0.5764538328718619,1.0,-1.2473652021912773,0,0,0,1,0
-0.674446998654155,1,1.2329671060356602,-0.059503629673338505,1.0,1,0.9879426380800366,0.4023532302146519,0,0,1.6019266592521622,1,1.6680323788188705,-0.1537280498508311,1.0,-0.4946798237818481,0,0,0,1,0
0.27177646501350766,1,0.4708439438885319,-0.25076160967876765,1.0,1,-0.8226229367988256,0.6230738895665935,0,0,0.5652755732548613,1,0.24098114062135084,-1.0520640589559447,1.0,-0.43004842537049087,0,0,0,1,0
-0.5498503426961121,0,1.0098385828749563,2.531094125316807,1.0,1,1.080202056526309,0.4023532302146519,0,0,0.4959563769353289,1,-0.15808808652554468,0.31543094017013357,1.0,2.191555428931237,0,0,0,1,0
1.6680587301659138,1,0.12348284599505385,-0.07016869368809163,0.0,1,0.8613873587988008,0.4023532302146519,0,0,1.6019266592521622,1,1.1559284904849312,0.297304558595238,1.0,-0.10399009267525915,1,0,0,0,0
0.8908401731592052,1,0.6030141917067217,0.9774124004582966,1.0,1,-1.280503293500673,0.4023532302146519,0,0,-0.024621897210922304,1,-1.2044432310566484,-0.8984786599130088,1.0,0.8159869936584984,1,0,0,0,0
-0.7032029378236305,0,-2.0659831012358127,-0.855823175032347,1.0,1,0.263932977758847,0.4023532302146519,1,0,-0.3262170865067372,0,-1.2044432310566484,-1.0891146293991636,1.0,-0.17862852973088011,0,0,0,1,0
-0.2282124748248864,1,0.5365295204946718,-0.2739504777059779,1.0,1,1.080202056526309,-2.1779376168872213,0,0,-0.029305163774832554,1,1.5288471593288677,-1.0891146293991636,1.0,-0.47764854703157145,0,0,0,1,0
-0.8217675938086411,0,-0.423428156887292,-1.4094834304494184,1.0,1,-1.7686523741937936,0.4023532302146519,0,0,-1.580388042409219,0,1.1559284904849312,0.5764538328718619,1.0,-1.4550527085845901,0,0,0,1,0
-0.5694553988226317,0,-2.0494152064065276,-0.8330333763172105,0.0,0,-0.2538611970999158,0.6726490176119616,0,0,-0.029305163774832554,1,0.09740562972928059,1.011238820968477,1.0,-0.153359853947283,0,0,0,1,0
-0.9291021113707468,0,-1.1925620423769736,-1.7794573108087437,1.0,1,-0.8095852938684521,-2.0804632597016774,0,0,-1.6605369868018272,0,-1.0540580477479304,1.7081110000142123,1.0,-1.7219119766998543,0,0,0,1,0
-0.20501848120630586,1,1.4264865103985598,-1.0633424040295045,1.0,1,1.080202056526309,0.4023532302146519,0,0,0.01634322756075488,1,0.756501667022222,-0.8980472776812806,1.0,-1.5270124556158764,1,0,0,0,0
-0.8309231711367714,0,-1.830015791406757,-1.7104542183966633,2.0,0,-0.8095852938684521,0.4023532302146519,1,0,-1.6605369868018272,0,1.1559284904849312,-1.0891146293991636,1.0,-1.4676340356054471,0,0,0,1,0
0.2644100362415433,0,-0.8448067244779082,0.9157415635527336,1.0,1,1.080202056526309,0.4023532302146519,0,0,1.1045542890202935,1,-1.2044432310566484,-0.4004453750301136,1.0,1.5293777483571729,0,0,0,1,0
0.1381196821925486,0,-0.018734684668163807,-0.2226921477692935,2.0,1,0.2208590546812991,0.4023532302146519,0,0,0.4104162113676161,1,-0.6106657604139272,0.5764538328718619,1.0,-0.21883769732060454,0,0,0,1,0
0.13863667946643118,0,-0.16463870511332895,0.6919749842641517,1.0,1,1.080202056526309,0.4023532302146519,0,0,-1.4113891630799762,1,-0.8277798324764862,0.5764538328718619,1.0,0.8843506803351794,0,0,0,1,0
-0.4209172625700581,1,-1.027575642742579,-0.7651258240004473,1.0,1,-0.13399387525172698,0.8883729437384904,0,0,0.27221662008894604,1,0.39846750225432664,-1.0643226428382593,1.0,-0.4797291776739763,0,0,0,1,0
-0.4351262378885147,0,-1.165392825775894,-1.633302993733638,0.0,0,1.080202056526309,-1.3874048790426556,0,0,0.8949980928751301,0,0.20052672968584992,-1.0891146293991636,2.0,-1.5407791836674622,0,0,0,1,0
-1.0360545141196502,1,0.12615714927617966,-0.12532077139118022,1.0,1,-0.7907781301573231,0.03608868534108221,0,0,-0.5829224072646721,1,-0.024257370285858674,-0.0818954132100064,1.0,-0.16614046982822908,0,0,0,1,0
-0.3077914053881983,1,1.7961689842839066,1.3402810118199535,1.0,1,0.7703808693658398,-0.01641378267032306,0,0,-0.4996447602354982,1,-0.09823142003897173,-1.0891146293991636,1.0,0.6278394720194383,0,0,0,1,0
-0.9873993436193877,0,-0.6580103693994328,-1.0577528228548838,1.0,1,-0.8095852938684521,0.4023532302146519,0,0,-1.6605369868018272,1,-0.024257370285858674,0.5764538328718619,1.0,-0.9687606839477384,0,0,0,1,0
-0.9873993436193877,1,0.1943572102422592,-1.2113296218058909,1.0,1,-0.8095852938684521,1.6924986537655886,0,0,-0.029305163774832554,0,1.1559284904849312,0.5764538328718619,1.0,-1.3865418959091154,0,0,0,1,0
-0.7932033379504569,1,1.652022971971752,0.08000614880095216,1.0,1,-0.7206348930727211,1.4720140910261572,0,0,-0.614881501141417,1,0.6305298084294084,-0.6756905568311743,1.0,-0.49776093693490453,0,0,0,1,0
-0.6825618529591037,0,-1.8205971296517176,-1.8113724893407497,1.0,1,-1.7129017575697978,0.4023532302146519,0,0,-0.059874448138358405,0,1.5180614407472832,0.11085083151784585,1.0,-1.6102907952397527,0,0,0,1,0
-0.55889419603709,1,0.6198271422151549,-1.211198428825387,0.0,1,0.37536995823692554,1.4769295450898863,0,0,1.591238828347689,1,1.1559284904849312,1.2858244376584784,1.0,-1.4905737070552498,0,0,0,1,0
-0.36149465368892225,1,0.4074491051526822,0.2860441679664272,1.0,1,-0.8095852938684521,0.4023532302146519,0,0,-0.029305163774832554,1,-1.2044432310566484,-1.0891146293991636,1.0,0.16914742955036213,0,0,0,1,0
-0.7812970659862546,0,0.31363539841836907,-1.416704150805698,1.0,1,0.9285485114444801,1.145609879158617,0,0,-0.1119955673477169,0,1.085332132665344,0.5764538328718619,1.0,-1.6393754434044865,0,0,0,1,0
-0.9873993436193877,1,-0.5514644219442213,-0.6354166257396147,0.0,0,-0.8095852938684521,0.4023532302146519,0,0,-0.029305163774832554,1,-1.2044432310566484,-1.0891146293991636,1.0,-0.4972649628223329,0,0,0,1,0
-0.0421200571764857,1,-0.9404530215084516,0.4584635347459314,0.0,1,1.080202056526309,-0.7317671663937287,0,0,-1.6605369868018272,1,0.6170391038549377,0.39359606810451286,1.0,1.0164672981015348,0,0,0,1,0
-0.1065700890033152,0,-0.018521592773251987,-0.2353324013895553,1.0,1,-0.8095852938684521,0.4023532302146519,0,0,0.6018249534816037,1,-0.11135390662488212,1.1494593509469628,1.0,-0.23314658556725001,0,0,0,1,0
-0.8450938097929698,0,0.32323518828408404,-1.4033006204946494,1.0,1,-2.59820476824718,0.891136435235736,0,0,-1.6605369868018272,0,0.9829427479424527,0.34628726150216665,1.0,-1.6269950835593219,0,0,0,1,0
0.16748196653039388,0,-0.7605182254460904,-1.554460350995366,0.0,1,0.49579287756613083,0.4511078257706421,0,0,0.316998827326506,1,0.7037780438781476,-1.0891146293991636,2.0,-1.544162569131212,0,0,0,1,0
2.533583989208496,1,0.4604450594169047,0.9452602145313093,0.0,1,-0.25349835792864045,0.21005447454353748,0,0,-0.240892243539664,1,-0.12219627412778344,-1.0891146293991636,1.0,0.851294184587702,1,0,0,0,0
0.1079338637589269,1,0.8336328949735282,0.43962096691743413,0.0,0,-0.8095852938684521,0.4023532302146519,0,0,1.6019266592521622,1,2.3361143512557208,2.2420222951428874,1.0,0.15450337265704903,0,0,0,1,0
0.2518248141649391,0,-0.9724487695292525,0.5999149462951601,1.0,1,1.080202056526309,0.4023532302146519,0,0,-1.606977121124559,1,-1.1510398208567703,0.447787003592963,1.0,1.2115031354080592,0,0,0,1,0
0.2644100362415433,0,-0.6822495724454913,0.9467685306680065,1.0,1,1.080202056526309,0.4023532302146519,0,0,1.1274665712065306,1,-1.2044432310566484,-0.9050393340858944,1.0,1.469871316066966,0,0,0,1,0
-1.151621243116066,0,-1.046892423016207,-0.8273876244283733,0.0,1,1.0047617454985502,-2.1779376168872213,1,0,-0.029305163774832554,1,-0.3357886715818025,1.149529304822378,1.0,-0.5511907300387271,0,0,0,1,0
2.611552623480789,0,-1.7234698439515455,-0.2514746283620972,1.0,1,-0.8095852938684521,0.4023532302146519,0,0,-1.6605369868018272,1,-1.2044432310566484,-1.0891146293991636,3.0,0.5044505749006842,1,0,0,0,0
-0.048542308723689476,1,0.5139950526078937,-0.09789782941109025,1.0,1,1.080202056526309,0.4023532302146519,1,0,-0.029305163774832554,0,-0.024257370285858674,-1.0891146293991636,0.0,-0.28284166678487555,0,0,0,1,0
-0.36149465368892225,1,-0.5514644219442213,-1.172935422068139,1.0,0,1.080202056526309,0.4023532302146519,0,0,1.6019266592521622,0,1.1559284904849312,-1.0891146293991636,1.0,-1.1394863262597068,0,0,0,1,0
-0.5929241646000918,0,-0.3528414666982157,1.4649296625843518,1.0,1,1.080202056526309,0.4023532302146519,0,0,-1.4054938912715567,1,-0.2758399505980895,-0.4788753283499939,1.0,1.885098871359342,0,0,0,1,0
0.04255811889568982,1,0.7263730896703664,1.1963209232598604,1.0,1,-1.8000115054862442,0.4015094751076497,0,0,0.0023896705465816844,1,0.03106738249535438,-0.3215107544661652,1.0,0.984292977008421,0,0,0,1,0
1.0149107562253616,1,-0.35458882023648175,0.537295158348879,0.0,1,0.9957285619636628,-0.3998450025496616,0,0,-1.6605369868018272,1,0.84703490458781,-0.4319929072739891,1.0,0.8022843244856427,0,0,0,1,0
-0.36149465368892225,0,-1.5103779490411224,-1.4416948202324011,0.0,1,-0.8095852938684521,0.4023532302146519,1,0,-1.6605369868018272,0,1.1559284904849312,-1.0891146293991636,1.0,-1.1937568815649737,0,0,0,0,1
0.8856900728942853,0,-0.9684532964996819,-1.4218823765243285,0.0,1,-0.6978270495408069,1.5697516378781053,0,0,-0.029305163774832554,1,-0.23435759777785703,-1.0891146293991636,2.0,-1.3252118974659721,0,0,0,1,0
-0.2068955693714073,1,1.134838288429411,0.18480991275849895,1.0,1,-0.8776837810399274,-1.0990844699329159,0,0,-0.2652302223392269,1,-1.2044432310566484,1.6886288457110277,1.0,-0.2188188433862288,0,0,0,1,0
0.2644100362415433,1,-0.018734684668163807,-0.6354166257396147,2.0,0,1.080202056526309,-2.1779376168872213,0,0,-0.029305163774832554,1,1.1559284904849312,-1.0891146293991636,2.0,-0.6833758250641323,0,0,0,1,0
1.6923178570905828,0,-1.8317844541345147,-0.9078642475190849,1.0,1,-0.8095852938684521,-0.751532194282529,0,0,-0.9157475298123391,0,-1.2044432310566484,0.5721233548699571,1.0,-0.35166181282226006,1,0,0,0,0
-1.062233447204509,1,0.59878431759275,-1.322890880099881,1.0,1,-0.40331880928058605,-0.06009939685718122,0,0,0.16848332599901358,0,-0.026156289335838842,0.34130887736843857,1.0,-1.6031493696806012,0,0,0,1,0
-0.7897802652012269,0,0.41825286422464136,1.7672643660830811,1.0,1,1.080202056526309,0.4023532302146519,0,0,0.6823376625707472,1,0.5241443143819473,0.3614622557619179,1.0,1.7541816456705852,0,0,0,1,0
-0.5026306846022054,1,-0.12062457421958235,0.376914676839144,0.0,1,-0.8095852938684521,0.3485928704152846,0,0,-0.029305163774832554,1,-1.2044432310566484,1.5679767318725768,1.0,0.5032945357474813,0,0,0,1,0
-0.20501848120630586,1,1.0467247898839511,-0.36665722757535246,2.0,0,-0.8095852938684521,0.4023532302146519,0,0,-0.029305163774832554,1,1.1559284904849312,0.5764538328718619,1.0,-0.7403279094010619,0,0,0,1,0
-0.7970648569349826,1,1.1796088955500912,0.007620757757174129,1.0,1,-0.8095852938684521,0.4023532302146519,0,0,0.2458037144104933,1,-0.05022381959453755,-0.8515412750777492,1.0,-0.4104303652816106,0,0,0,1,0
-0.8309231711367714,0,-0.977648211765065,-0.9425702236416286,2.0,1,1.080202056526309,-2.1779376168872213,0,0,-0.029305163774832554,1,-0.024257370285858674,-1.0891146293991636,2.0,-0.7211701442309447,0,0,0,1,0
-0.7223593767636421,1,1.0467247898839511,-0.059503629673338505,1.0,1,-0.45294084552725233,0.4023532302146519,0,0,1.1473936991566285,1,0.6000231841143445,0.5764538328718619,1.0,-0.43195971505216396,0,0,0,1,0
-0.674446998654155,0,-0.33837252703379833,-1.019358623117132,1.0,1,1.080202056526309,0.4023532302146519,0,0,-0.029305163774832554,0,2.3361143512557208,-1.0891146293991636,0.0,-1.0215249505501987,0,0,0,1,0
-0.9673314309746647,1,-0.024733221509890813,-1.3231884351478487,1.0,1,0.8033727769290315,0.4023532302146519,0,0,-0.029305163774832554,1,-0.4013692394931138,1.007637861953047,1.0,-1.4559992535204267,0,0,0,1,0
-0.5179708261715386,0,-1.616923896496334,-1.0961470225926355,1.0,1,-0.8095852938684521,-2.1779376168872213,0,0,-1.6605369868018272,0,-0.024257370285858674,-1.0891146293991636,1.0,-0.693358716427264,0,0,0,1,0
0.2644100362415433,0,-1.0626186048605968,0.7045159120896923,1.0,1,1.080202056526309,0.4023532302146519,0,0,0.9721537268724842,1,-1.2044432310566484,-0.16790037189629542,1.0,1.3961940818716456,0,0,0,1,0
0.495094251143178,1,1.5093472937344794,1.3004345130829218,1.0,1,0.6362210857866151,0.4023532302146519,0,0,1.3853088605451154,1,-0.370315008938652,0.03998922129052497,1.0,0.7172683663500682,0,0,0,1,0
-0.5179708261715386,1,0.9401788424287397,0.7083803650816963,1.0,1,-0.8095852938684521,0.4023532302146519,0,0,-1.6605369868018272,1,-1.2044432310566484,-1.0891146293991636,3.0,0.3843086808649518,0,0,0,1,0
-0.5616841661924551,1,0.03777728586208006,0.5115607932732554,0.0,1,-0.8095852938684521,-1.7994837780519426,0,0,-0.029305163774832554,1,-1.2044432310566484,2.1049110337602746,1.0,0.5807876400353,0,0,0,1,0
-0.22411639805780942,0,-0.34764202446240094,-0.021004383405104327,0.0,1,-0.26136743245568395,-0.12624128228636733,0,0,0.7965809832964426,1,-0.8359254752875263,0.5764538328718619,1.0,0.14691370038961613,0,0,0,1,0
0.8903147261720088,1,0.7270869475183167,0.8619571640327033,1.0,1,1.080202056526309,0.4023532302146519,0,0,-1.6605369868018272,1,1.1559284904849312,-1.0891146293991636,1.0,0.6367761466823902,1,0,0,0,0
-0.8309231711367714,0,-0.977648211765065,-1.257402661491193,1.0,1,-0.8095852938684521,0.4023532302146519,0,0,-0.029305163774832554,1,1.1559284904849312,0.5764538328718619,3.0,-1.1162516508983917,0,0,0,1,0
-0.0481661400050415,1,-0.9838491859069591,0.5194182046437861,0.0,1,0.8641861338647348,-1.294015122268074,0,0,-1.6412085209307803,1,-0.6106858235735603,0.9394295022861243,1.0,1.1169591429505135,0,0,0,1,0
-0.20501848120630586,0,-0.21782644208297164,-0.25004628734345363,0.0,1,-0.8095852938684521,0.3760342635742129,0,0,-0.08731992356078773,1,-0.9802586655022116,1.7959164382082156,1.0,-0.17231817369947663,0,0,0,1,0
-0.45650698562036673,0,-0.6457682400368283,0.058718907092552744,0.0,1,0.33892729897191237,-2.1774034966818716,0,0,1.6019266592521622,1,0.29341207767195404,1.3435547061292545,1.0,0.37577953531693353,0,0,0,1,0
2.319823767694064,0,-2.065833936909376,-0.2672323758184654,1.0,1,-0.8095852938684521,0.4023532302146519,0,0,-1.6605369868018272,1,-1.2044432310566484,-1.0891146293991636,1.0,0.6633723997809715,1,0,0,0,0
0.7723737842105142,1,0.5996366851723925,0.9923173359500893,1.0,1,-0.19917831032889324,0.4023532302146519,0,0,0.22444599615160082,1,-1.2044432310566484,0.9954342418299875,1.0,0.8333054922684378,1,0,0,0,0
-0.048542308723689476,0,-1.5103779490411224,-1.3649064207568977,2.0,0,1.080202056526309,0.4023532302146519,0,0,-0.029305163774832554,0,1.1559284904849312,2.2420222951428874,2.0,-1.0911195387713315,0,0,0,1,0
-0.5751325108364733,0,-1.423138127264797,-0.7158899853233485,0.0,0,0.15934458663859966,0.4023532302146519,0,0,-1.4465699398071992,1,-1.0918664819835837,0.5764538328718619,1.0,-0.25992241477696937,0,0,0,1,0
2.04139851609181,0,-1.5157159010086294,-0.3563625907996691,1.0,1,-0.8095852938684521,0.4023532302146519,0,0,-0.6319996478922624,1,-1.2044432310566484,-1.0891146293991636,1.0,0.25947416163504566,1,0,0,0,0
2.2712465223276976,1,0.842646682128238,-0.03309798040949979,1.0,1,0.8948592723489927,-2.016699112288096,0,0,1.2166623272896464,1,-0.1949122457533148,0.5750930634381866,1.0,-0.33401799011702243,1,0,0,0,0
1.1547239375764766,1,0.6811656441651202,1.2874778144684216,1.0,1,0.7433039962093839,0.4023532302146519,0,0,0.253353055287462,1,0.0896966556867258,-0.7012736884116572,1.0,1.1019818237495758,1,0,0,0,0
-0.9873993436193877,0,-0.9848826815972749,-0.07896349944521959,0.0,1,-0.8095852938684521,0.4023532302146519,0,0,-1.5761452084375256,1,-0.024257370285858674,-1.0891146293991636,1.0,0.36600113730984307,0,0,0,1,0
0.2632987424645718,0,-0.6785204642845605,0.7097825980445187,1.0,1,1.080202056526309,0.4023532302146519,0,0,0.6544305485424016,1,-1.181542904614252,-0.09372761156597977,1.0,1.1803730460083766,0,0,0,1,0
-0.8226560655159973,0,-1.6536715937736368,-1.7077669315686188,0.0,1,1.080202056526309,-1.2290446888834723,0,0,0.49062714256949946,0,0.2040920711712384,0.15286646154709468,1.0,-1.5116829678348642,0,0,0,1,0
0.1292327744525709,1,0.6646510223095631,1.0189785370073823,1.0,1,-2.3802707114249557,0.4023532302146519,0,0,-0.007764747551760873,1,0.2663315329107076,-1.0864663755441528,1.0,0.8298072002772257,0,0,0,1,0
-0.8094084798012738,0,0.15728987512259104,1.5777142752645863,1.0,1,1.080202056526309,0.4023532302146519,0,0,-1.1486009788539735,1,-0.12771954395619076,0.08926506424681321,1.0,1.7019246642826482,0,0,0,1,0
-0.20501848120630586,1,0.5139950526078937,-0.6738108254773664,1.0,0,1.080202056526309,0.4023532302146519,0,0,-0.029305163774832554,0,1.1559284904849312,0.5764538328718619,0.0,-0.8945434727177909,1,0,0,0,0
1.7230984414558108,1,0.8336328949735282,0.6034088952596951,1.0,1,0.6787904356416076,-2.0301333965835315,0,0,1.6019266592521622,1,1.9942593544531324,-0.1361013388146168,1.0,0.3226549193090119,1,0,0,0,0
-0.5133339677523612,1,-1.0087383192324977,-0.7228700892298713,1.0,1,-0.8095852938684521,1.2941352907540715,0,0,1.6019266592521622,1,0.2449855112469461,-0.5308160808459159,0.0,-0.4336098994115022,0,0,0,1,0
2.2821810772607827,0,-1.6248402603922556,-0.2514746283620972,1.0,1,0.5824849824781401,-2.009249812612513,0,0,-1.0322272693674044,1,0.7628852923431312,-1.0891146293991636,1.0,0.4542567241168902,1,0,0,0,0
0.2644100362415433,0,-0.6375748566775223,0.9721097391383156,1.0,1,1.080202056526309,0.4023532302146519,0,0,1.0072676230949635,1,-1.2044432310566484,-0.9420299440644717,1.0,1.4740337031086188,0,0,0,1,0
-0.9813872161202606,1,-0.030305574561798918,-1.3383271913160448,1.0,1,0.7486558739857013,0.4023532302146519,0,0,-0.029305163774832554,1,-0.5750394898348393,0.7426176049418685,1.0,-1.4716733573213983,0,0,0,1,0
-0.3620387213406443,0,0.33566910035210634,-1.3691158456335457,1.0,0,1.080202056526309,1.3899930957239062,0,0,-0.5903151498866305,0,-0.6995951253947277,-0.1631135281357284,2.0,-1.5927831843309026,0,0,0,1,0
-0.5179708261715386,0,-2.1496536337723913,-1.698935958475338,0.0,0,-2.6993726442632133,-2.1779376168872213,0,0,-0.029305163774832554,1,2.3361143512557208,-1.0891146293991636,1.0,-1.3604563482366954,0,0,0,1,0
-0.517770223718416,0,-1.9578922375425025,-0.839049939387115,0.0,0,-0.5754406411545414,-1.3097239329452302,0,0,-0.029305163774832554,1,0.6631159202311508,1.0983813629144974,1.0,-0.2019730758830279,0,0,0,1,0
-0.03602875273408209,1,-0.8731266373115039,0.46046978525902804,0.0,1,1.0016058006233912,-0.3274213990532063,0,0,-1.6605369868018272,1,1.0733544263643813,0.16676229922782182,1.0,0.982162531278751,0,0,0,1,0
-0.36149465368892225,1,-0.23182657957858682,-1.2113296218058909,1.0,1,-0.8095852938684521,0.4023532302146519,0,0,-0.029305163774832554,1,-1.2044432310566484,2.2420222951428874,1.0,-1.274662338001798,1,0,0,0,0
0.3876885369225929,1,1.2346824957896898,0.02140512013542108,0.0,1,1.0265094183268932,0.07114322664438479,0,0,-1.0163912708294582,0,1.1559284904849312,-0.30589271899544973,1.0,-0.41558948899370174,1,0,0,0,0
-0.8918298000377325,0,-1.6092206244953218,-0.9952347411437081,1.0,1,0.7460479674421571,-0.05604575993638421,1,0,-1.290632333684934,0,-0.32222125492638154,-1.0742927356534138,1.0,-0.5596688685077882,0,0,0,1,0
0.2644100362415433,0,-0.6515536849836459,0.9401615799887346,1.0,1,1.080202056526309,0.4023532302146519,0,0,1.1279363659715622,1,-1.2044432310566484,-0.7085555537287062,1.0,1.4437161209540457,0,0,0,1,0
-0.9873993436193877,1,1.1194637082116232,0.8554069215864444,0.0,1,-0.8095852938684521,-1.8568978296908063,0,0,0.6496347269827019,1,-0.024257370285858674,1.4870834027969977,1.0,0.45492789281176627,0,0,0,1,0
-0.15371995872429461,1,0.5612907986832629,1.262838951093915,1.0,1,-1.0109837113747224,0.4023532302146519,0,0,-0.029305163774832554,1,1.0584250752256308,0.4706569241484063,1.0,1.1378383240056065,0,0,0,1,0
1.1135394089790525,1,1.5654224258801572,0.4780151666551859,1.0,1,0.6253037842633843,-0.12329071970270641,0,0,0.8672475771017952,1,0.4799569755688281,-0.22402669793790425,1.0,-0.09065219979981173,1,0,0,0,0
-0.39103891981536504,1,0.11615248481013507,-1.3419239215532777,0.0,1,1.080202056526309,0.6038133085384016,0,0,-1.2465254564221069,1,-0.5614968570824944,-0.6620928559051936,2.0,-1.5114218914116657,0,0,0,1,0
-0.6828585317821305,0,-1.0475956262694128,-1.5952716191834082,1.0,0,1.080202056526309,0.4023532302146519,1,0,0.766603836084676,0,0.24770583965602277,-1.0891146293991636,2.0,-1.5224511120962452,0,0,0,1,0
-0.5719939117688172,1,0.8420606794172353,0.6285671937624532,1.0,1,-0.8095852938684521,0.4023532302146519,0,0,-0.6592395881049902,1,0.2727541043650222,-1.0891146293991636,1.0,0.3448802970493225,0,0,0,1,0
0.2644100362415433,0,-0.8183620203195261,0.9389344629709164,1.0,1,1.080202056526309,0.4023532302146519,0,0,1.119595877660425,1,-1.2044432310566484,-0.551692315952021,1.0,1.541960924315486,0,0,0,1,0
2.579327451091202,1,0.3632431915535154,0.8961024312622772,0.0,1,-0.23254061621276206,0.6205026297374563,0,0,-1.6252860671062141,1,-0.13167670714735513,-1.0891146293991636,1.0,0.8462807885372701,1,0,0,0,0
1.829171761067707,0,-0.5514644219442213,-0.2514746283620972,0.0,1,-0.8095852938684521,0.4023532302146519,0,0,-1.6605369868018272,1,-1.2044432310566484,2.2420222951428874,1.0,-0.03853541750992292,1,0,0,0,0
-0.674446998654155,1,-0.018734684668163807,-0.8273876244283733,0.0,1,-0.8095852938684521,0.4023532302146519,0,0,-0.029305163774832554,0,-1.2044432310566484,0.5764538328718619,1.0,-0.8994469647030661,0,0,0,1,0
0.1747867436904001,0,-0.19451418877977053,0.6991520504153295,1.0,1,1.080202056526309,0.4023532302146519,0,0,-0.8039331132711308,1,-0.9438286883519387,0.40340959748421373,1.0,0.9078996568417026,0,0,0,1,0
-0.9119668751506929,0,-0.018734684668163807,-1.4033006204946494,1.0,1,-1.5802727017443927,1.0926016741411801,0,0,-1.519613238378702,0,-0.47401085940941656,0.5764538328718619,1.0,-1.547660383619867,0,0,0,1,0
-0.674446998654155,1,0.8336328949735282,-0.7122050252151181,0.0,0,-0.8095852938684521,-2.1779376168872213,1,0,1.6019266592521622,0,1.1559284904849312,0.5764538328718619,2.0,-1.0280094291795583,0,0,0,1,0
0.11360909805869904,1,1.8406945357254412,1.3320929496012814,1.0,1,0.38123963774725134,0.4023532302146519,0,0,1.5368209347315085,1,0.39644112313138324,-1.0891146293991636,1.0,0.6009471216227438,0,0,0,1,0
-0.674446998654155,0,-0.8711022643098535,-1.326512221019146,0.0,1,1.080202056526309,0.4023532302146519,0,0,-1.6605369868018272,0,2.3361143512557208,0.5764538328718619,2.0,-1.2338121957279249,1,0,0,0,0
-1.3003516885846205,1,-0.33837252703379833,-1.4033006204946494,0.0,1,-0.8095852938684521,-2.1779376168872213,0,0,1.6019266592521622,1,-0.024257370285858674,-1.0891146293991636,2.0,-1.4693327554600328,0,0,0,1,0
-0.45343473244984306,0,-0.27911167105920903,1.347228288685701,1.0,1,1.080202056526309,0.4023532302146519,0,0,-0.8694906890067623,1,-0.3284502758995298,-0.08195870481157266,1.0,1.7026224737758617,0,0,0,1,0
-0.9873993436193877,0,-0.19986279534202217,0.167951595566648,1.0,1,-0.07743253985441133,0.4023532302146519,0,0,-0.38879603293352166,1,-0.3275592355746478,0.4434781779810678,1.0,0.300626739188315,0,0,0,1,0
1.6174651328409364,1,0.7217489955508097,-0.059503629673338505,0.0,1,0.7073394531440211,0.4023532302146519,0,0,1.5667980819432756,1,1.126017860029556,0.471398102114117,1.0,-0.3180346680795871,1,0,0,0,0
-0.5179708261715386,1,0.5139950526078937,-0.9425702236416286,1.0,1,1.080202056526309,1.6924986537655886,0,1,-0.029305163774832554,0,-1.2044432310566484,-1.0891146293991636,2.0,-1.1800043154864848,0,0,0,1,0
0.3095404244804619,1,0.703710766646643,-0.14801420066497484,0.0,1,-0.9089786595624645,0.5546071620841685,0,0,0.19280173001670026,1,-0.2792211830891978,0.3910427516518514,1.0,-0.4036643865872015,0,0,0,1,0
0.29559902341695105,1,1.9536332400279646,1.3251851803670642,1.0,1,-0.009655316532503575,0.4023532302146519,0,0,1.443178440698821,1,0.2631969592645004,-0.1637397818775424,1.0,0.5462979406786159,0,0,0,1,0
0.2644100362415433,0,-1.5103779490411224,0.5931977658684411,1.0,1,1.080202056526309,0.4023532302146519,0,1,-1.6605369868018272,1,-1.2044432310566484,0.5764538328718619,1.0,1.5261327024665399,0,0,0,1,0
1.263331701754073,0,-0.650680008214514,-1.531705337425192,0.0,1,1.080202056526309,0.5463076565744655,0,0,1.1480673978995386,1,0.4984115418737011,-1.0891146293991636,2.0,-1.5437771268891103,0,0,0,1,0
0.25890019725608515,0,-0.8291444702019912,0.899747154249182,1.0,1,1.080202056526309,0.4023532302146519,0,0,0.7401811430152845,1,-1.2043299332140143,-0.3671523270377781,1.0,1.5001713074130563,0,0,0,1,0
-0.9873993436193877,1,-0.018734684668163807,-0.3282630278376007,1.0,1,-2.6993726442632133,0.4023532302146519,0,0,-0.029305163774832554,0,-1.2044432310566484,0.5764538328718619,1.0,-0.3376620016418387,0,0,0,1,0
1.960574348147882,1,0.43781470017741764,0.7629401354654305,0.0,1,0.21427314576517342,0.27674338163230944,0,0,-1.6605369868018272,1,0.7652409433212295,-1.0891146293991636,1.0,0.6671725319454758,1,0,0,0,0
-0.8550959232142311,0,0.5509771509695977,-0.2514746283620972,0.0,1,-0.8095852938684521,-1.6724870231392825,0,0,1.023622353352632,1,1.964458481282809,0.5357140282847125,1.0,-0.45886526003906386,0,0,0,1,0
-0.674446998654155,1,1.4729085797047972,0.6699861653439446,0.0,0,-0.8095852938684521,0.4023532302146519,0,0,1.6019266592521622,1,2.3361143512557208,-1.0891146293991636,1.0,0.12801419174634257,0,0,1,0,0
-0.5153343591413789,0,0.23983102061614278,1.784705046496554,1.0,1,1.080202056526309,0.4023532302146519,0,0,-0.5992379879585882,1,0.6102565757130879,0.4306449729792694,1.0,1.8798824621995682,0,0,0,1,0
0.2573678260989632,0,-1.163794636564065,0.6267753748548922,1.0,1,1.080202056526309,0.4023532302146519,0,0,-1.5391537643867426,1,-1.1970493666389195,0.3193450260564704,1.0,1.3575426077296187,0,0,0,1,0
-0.5179708261715386,1,-0.9504150675955129,-0.6560167264553073,1.0,1,-0.8095852938684521,-1.842979740861539,0,0,1.6019266592521622,0,-0.024257370285858674,-1.0891146293991636,0.0,-0.3721770705440253,0,0,0,1,0
-0.5179708261715386,1,1.0467247898839511,-0.44344562705085594,1.0,1,1.080202056526309,0.4023532302146519,0,0,-1.6605369868018272,1,1.1559284904849312,-1.0891146293991636,2.0,-0.8174199579882864,0,0,0,1,0
0.5088923200326954,1,2.203899016005512,1.6232420405252133,1.0,1,-0.4197675183784226,0.4023532302146519,0,0,-0.3342117536713922,1,1.0967303677086684,-1.0891146293991636,1.0,0.7083678410498541,0,0,0,1,0
-0.674446998654155,1,1.0467247898839511,-0.44344562705085594,1.0,1,1.080202056526309,1.6924986537655886,0,0,1.6019266592521622,0,1.1559284904849312,-1.0891146293991636,3.0,-0.8174199579882864,0,0,0,1,0
-0.9873993436193877,0,-0.018734684668163807,-1.4033006204946494,1.0,1,-2.6405076580857667,0.4023532302146519,0,0,-0.08863632764197052,0,-1.1711596294111908,0.5764538328718619,1.0,-1.547660383619867,0,0,0,1,0
-0.20501848120630586,1,0.4074491051526822,0.2668470680975513,2.0,1,-0.8095852938684521,0.4023532302146519,0,1,-1.6605369868018272,0,-0.024257370285858674,0.5764538328718619,2.0,0.1485223273718537,1,0,0,0,0
-1.2044148954261484,0,0.8115672292555546,-1.6044085556543992,1.0,1,0.9136683258474715,0.5293022497466408,0,0,0.29107692242678423,0,1.5432029401392835,1.4926996996517758,1.0,-1.9398700890750744,0,0,0,1,0
-0.4309135863729378,1,0.766125382665905,1.1368722658467196,1.0,1,-0.8095852938684521,0.4023532302146519,0,0,-0.029305163774832554,1,0.44685276217420755,0.5764538328718619,1.0,0.9031018749878611,0,0,0,1,0
0.5393679323377543,0,-2.091724602140994,-0.8699256717496209,0.0,0,-0.8095852938684521,-2.1779376168872213,0,0,-1.2061116880066132,1,-1.1795177056771693,-1.0891146293991636,1.0,-0.18753092437965652,0,0,0,1,0
2.0627036858323526,1,1.4198913162510831,0.22339861751212212,1.0,1,-0.8095852938684521,-1.310049049591965,0,0,1.2213178629125656,1,-0.024257370285858674,-1.0439893830508546,1.0,-0.28255342683544993,1,0,0,0,0
-0.20501848120630586,0,-1.190740106675488,-1.480089019970153,1.0,1,-0.8095852938684521,-2.1779376168872213,0,0,-1.6605369868018272,1,-1.2044432310566484,2.2420222951428874,2.0,-1.337153197618248,0,0,0,1,0
-0.36149465368892225,0,-0.5514644219442213,-1.0961470225926355,1.0,1,1.080202056526309,1.6924986537655886,0,0,-0.029305163774832554,1,-0.024257370285858674,-1.0891146293991636,2.0,-1.047740417197225,0,0,0,1,0
-0.31801634087907504,1,2.61727598294224,1.1650066139537505,1.0,1,-0.8095852938684521,0.4023532302146519,0,0,1.6019266592521622,1,-0.05354132204916425,0.5764538328718619,1.0,0.14109422188619203,0,0,0,1,0
-0.9873993436193877,0,-1.190740106675488,-1.787242617872167,0.0,1,-0.8095852938684521,-2.1779376168872213,0,0,-1.6605369868018272,1,-1.2044432310566484,2.2420222951428874,2.0,-1.7323562946834072,0,0,0,1,0
-0.9774502756205979,0,-0.7254006811648531,-0.15704113775371717,0.0,1,0.9319973733589502,0.4023532302146519,0,0,-1.6546058278933011,1,-0.02398946809546373,0.4192175077596279,1.0,0.15026924474937686,0,0,0,1,0
-0.674446998654155,0,-1.0841941592202764,-1.1345412223303872,0.0,0,1.080202056526309,0.4023532302146519,0,0,-0.029305163774832554,0,-0.024257370285858674,-1.0891146293991636,3.0,-0.9276374962028339,0,0,0,0,1
-0.5253663595115846,0,0.30445113774772836,1.7494963367226437,1.0,1,1.080202056526309,0.4023532302146519,0,0,-0.5609872329404282,1,0.7823961249933938,0.21036021929622817,1.0,1.802524665730791,0,0,0,1,0
0.6036189264731864,0,-0.46407543584145644,-0.3282630278376007,2.0,1,0.9630938242096961,-1.4905055604203052,0,0,-0.14146540146252282,1,-0.5848432937802623,-0.4696214299736161,1.0,-0.16559055526828034,1,0,0,0,0
-0.3338105763009526,0,0.16729453958863563,-1.3460181254365127,0.0,1,0.10920852823262633,0.4023532302146519,0,0,-1.5555215444989954,1,1.3991116880260563,2.172216655320647,2.0,-1.528199884793892,0,0,0,1,0
2.1367147247502154,0,-1.5082576846867655,-0.2514746283620972,1.0,1,0.19881468523894458,-1.8275031563606217,0,0,-0.2027197876490093,1,0.3257090439378075,-1.0891146293991636,1.0,0.39607470488172664,1,0,0,0,0
2.5836239738352287,0,-1.5846830927963873,-0.3380466378147744,1.0,1,-0.8095852938684521,0.4023532302146519,0,0,-0.9980692749932193,1,-1.2044432310566484,-1.0891146293991636,1.0,0.3173209314325797,1,0,0,0,0
-0.36449164182048166,1,1.2584848604511825,0.7486372978139251,1.0,1,-0.8095852938684521,0.4023532302146519,0,0,1.1863573024814513,1,-1.2044432310566484,0.25829694520885066,1.0,0.29057918125312887,0,0,0,1,0
-0.5179708261715386,1,-0.08662576238662499,-0.44344562705085594,1.0,1,-0.8095852938684521,0.4023532302146519,0,0,-0.30163116047007404,1,-0.024257370285858674,-1.0891146293991636,1.0,-0.4428708315062844,0,0,0,1,0
-0.7723686920605692,0,-0.7368010975425597,-0.17468622888659374,1.0,1,0.7126610943227323,0.24858982819958061,0,0,-1.658404966809131,1,-1.2044432310566484,1.2037019190577434,1.0,0.13379496643457522,0,0,0,1,0
-0.41551022842992114,1,0.5772620362067983,1.1426940935355538,1.0,1,-1.1873122098906561,0.4023532302146519,0,0,-0.029305163774832554,1,0.7895102853621201,0.18413251272084638,1.0,1.0028183098836188,0,0,0,1,0
-1.1438755161020042,1,-0.33837252703379833,-1.019358623117132,0.0,0,-0.8095852938684521,1.6924986537655886,0,0,-0.029305163774832554,0,-1.2044432310566484,2.2420222951428874,3.0,-1.0215249505501987,0,0,0,1,0
-0.36149465368892225,0,-1.2972860541306994,-1.0961470225926355,0.0,1,-0.8095852938684521,-2.1779376168872213,0,0,-1.6605369868018272,1,-1.2044432310566484,-1.0891146293991636,1.0,-0.8067659134591277,0,0,0,1,0
-0.9873993436193877,1,1.2639187037713984,0.8387288651623621,1.0,1,-0.8095852938684521,-0.6751259118635716,0,0,0.1248119876329352,1,-0.024257370285858674,0.03773737272953451,1.0,0.3767722608005065,0,0,0,1,0
-0.674446998654155,0,-0.6580103693994328,-1.4416948202324011,1.0,0,1.080202056526309,0.4023532302146519,0,1,-0.029305163774832554,0,1.1559284904849312,0.5764538328718619,1.0,-1.4331015476869697,1,0,0,0,0
0.7064988803570569,1,1.210240855443464,1.299641749646737,1.0,1,1.0184060101684,0.4023532302146519,0,0,0.8353047955432803,1,0.028977273335929348,0.48962108665982423,1.0,0.8544227403004216,1,0,0,0,0
-0.20501848120630586,1,0.14234147869462443,-0.18809432810741078,1.0,1,-0.8095852938684521,-0.9177958153063852,0,0,-0.6344970638133166,1,-0.16519044503566327,0.789105286292315,1.0,-0.24182617109646587,0,0,0,1,0
0.1835714724897467,0,-1.4540364520268072,-0.8331994696252764,0.0,0,-0.8095852938684521,-2.1779376168872213,0,0,-1.6605369868018272,1,-0.3303586364363961,-1.0891146293991636,1.0,-0.40287396190605407,0,0,0,1,0
-0.9726782217883956,0,0.22981570155535352,-1.4033006204946494,1.0,1,-2.5997827406847596,1.6907156727902413,0,0,-1.6605369868018272,0,1.1559284904849312,0.5764538328718619,2.0,-1.6057618231707391,0,0,0,1,0
-0.6814482120395448,0,-1.2003292419464584,-0.5312297029950543,1.0,0,1.080202056526309,1.507277635888075,0,0,-0.029305163774832554,1,0.3583234802002083,0.5764538328718619,1.0,-0.11222128519459484,0,0,0,1,0
-0.9873993436193877,1,0.1943572102422592,-1.2881180212813943,1.0,1,-0.8095852938684521,0.4023532302146519,0,0,-0.029305163774832554,1,-1.2044432310566484,2.2420222951428874,1.0,-1.470972073512755,0,0,0,1,0
-0.525625014624698,0,0.07269239284315257,1.7171822424553629,1.0,1,1.080202056526309,0.4023532302146519,0,0,-0.3605169980495257,1,0.7836766266523302,0.3888908371985971,1.0,1.9077302592021477,0,0,0,1,0
1.5162194161024742,1,1.4729085797047972,0.05567896953991672,0.0,1,1.080202056526309,0.4023532302146519,1,0,-1.6605369868018272,0,1.1559284904849312,-1.0891146293991636,1.0,-0.4621990346775875,1,0,0,0,0
-0.7817225246992346,0,-0.3137604131716441,-1.4142835116948318,1.0,1,0.25324812007971537,1.0323854266423633,0,0,-0.5666003016434641,0,1.1559284904849312,0.5764538328718619,1.0,-1.4882886011647865,0,0,0,1,0
-0.674446998654155,0,-0.977648211765065,-0.8657818241661251,2.0,0,1.080202056526309,0.4023532302146519,1,0,-0.029305163774832554,1,-1.2044432310566484,0.5764538328718619,3.0,-0.6248088011413234,0,0,0,1,0
-0.36149465368892225,0,-0.5514644219442213,-1.019358623117132,1.0,1,1.080202056526309,0.4023532302146519,0,0,-0.029305163774832554,1,-0.024257370285858674,-1.0891146293991636,1.0,-0.9559945081347428,1,0,0,0,0
2.5786189269822004,0,-1.6196088543722067,-0.2514746283620972,1.0,1,-0.8095852938684521,-2.0500184079967223,0,0,-0.5388840417384124,1,1.008006355067642,-1.0891146293991636,1.0,0.4516194865488157,1,0,0,0,0
2.2592163212348884,1,0.8556559423125208,0.6541040974688258,2.0,1,0.7891011028588503,-0.9803988318387709,0,0,1.0183909928961843,1,2.336017576015138,0.5764538328718619,1.0,0.36523440792918754,1,0,0,0,0
1.2438918844656954,1,0.016915589350350688,0.6195453631022761,0.0,1,0.5585319278118861,-0.9856265010949992,0,0,-1.6605369868018272,1,0.709883145335915,-0.9735791418768095,1.0,0.7117180802438563,0,0,0,1,0
-0.1337711244468309,1,0.008072275711566986,-0.44344562705085594,1.0,1,-0.5024589434696458,0.4023532302146519,0,0,0.21972847371940657,1,0.06788446060795994,1.413966612871762,1.0,-0.4768769882749242,0,0,0,1,0
4.958695210720035,1,0.9401788424287397,0.1324673690154202,2.0,0,-0.8095852938684521,0.4023532302146519,0,1,-0.029305163774832554,1,-0.024257370285858674,-1.0891146293991636,1.0,-0.20035995640278464,1,0,0,0,0
1.2816840096436972,0,-0.27466870505032553,-0.44499110877289993,1.0,1,-0.2580584148051426,-1.4611882958155336,0,0,-1.6605369868018272,1,-1.2044432310566484,-0.44242269698473036,1.0,-0.3755233163514322,1,0,0,0,0
-0.39319860394796985,1,0.7865822045773071,0.6548548576504978,0.0,1,-0.5792032077691771,0.4023532302146519,0,0,0.7872177126322678,1,0.22072561069294197,-1.0891146293991636,1.0,0.3958103599048021,0,0,0,1,0
-0.8166296986851741,0,-1.042396184033598,-1.5952716191834082,1.0,0,1.080202056526309,0.4023532302146519,1,0,-1.1997792460696224,0,0.6861555086051182,-1.0891146293991636,2.0,-1.523781059989769,0,0,0,1,0
-0.740686179037151,1,1.4165990464747182,0.11055192141091165,1.0,1,-0.16266761871926647,1.1878582713436396,0,0,1.40432902360161,1,1.1559284904849312,-0.7421384106334767,1.0,-0.3904456047306663,0,0,0,1,0
-0.4411324192930875,0,-1.223215311459838,-1.6687002190282605,0.0,0,-0.7930307566789938,-1.2263005495675796,0,0,-0.36856549586434084,0,-1.0632422541164488,-1.0891146293991636,2.0,-1.5716479376947547,0,0,0,1,0
-0.7502872440283396,1,1.889972036423475,1.0129609372940853,1.0,1,-0.8095852938684521,-0.6907444123610795,0,0,0.8412669478564443,1,-0.12154835209022025,1.0525365909904874,1.0,0.28578659394682987,0,0,0,1,0
0.19035706170945504,1,0.869656079808136,1.1056519071473676,1.0,1,-0.4478251911697337,0.4023532302146519,0,0,0.13823702553644696,1,0.35970429765731005,-0.4545680222116106,1.0,0.821055552995048,0,0,0,1,0
-0.38642850586933714,0,0.48713481925443497,1.9184368434581105,1.0,1,1.080202056526309,0.4023532302146519,0,0,-0.669513086126414,1,1.112708904077644,0.34059601406658657,1.0,1.8748680864893237,0,0,0,1,0
-1.1438755161020042,1,2.1121842644360638,-1.019358623117132,0.0,0,1.080202056526309,0.4023532302146519,0,0,-0.029305163774832554,0,2.3361143512557208,0.5764538328718619,1.0,-1.6326523554445997,0,0,0,0,1
-0.06225165562340911,1,0.7801787931352481,1.249039960525568,1.0,1,-0.005475106913430169,0.39826862980368993,0,0,-0.0005922212259112031,1,0.660560817842582,-0.2034169537857626,1.0,1.0120587481337395,0,0,0,1,0
-0.20501848120630586,0,-0.9939603963204596,-0.13802760055378727,0.0,1,-0.5260151427923169,0.3875668735153344,0,0,1.224011026652383,1,1.256421316529564,-1.0891146293991636,1.0,0.29605825678417974,0,0,0,1,0
-0.9873993436193877,1,0.4074491051526822,-0.8657818241661251,1.0,1,1.080202056526309,1.6924986537655886,1,0,-1.6605369868018272,1,1.1559284904849312,-1.0891146293991636,1.0,-1.0683587011601372,0,0,0,1,0
-0.30007619122777024,0,-0.49147905352693705,1.3305649372401187,1.0,1,1.080202056526309,0.4023532302146519,0,0,-1.093587685622388,1,-0.6580750066269505,-0.5595637925047138,1.0,1.8139177818687444,0,0,0,1,0
-1.16972334560589,0,0.45028057602967625,-1.4033006204946494,1.0,1,-0.4504312079259281,0.9450116179778,0,0,-1.079157808915891,0,0.3911633319620162,0.5509373240298697,1.0,-1.6553588560910233,0,0,0,1,0
0.25718553135802086,1,-0.4735793343544602,0.1324673690154202,1.0,1,-0.8095852938684521,0.4023532302146519,0,0,1.6019266592521622,1,-0.7162676110498367,0.4446374136308083,1.0,0.38385420492588707,1,0,0,0,0
1.0789730400967799,1,1.8749277486427995,1.559248853660113,1.0,1,0.5725447010150632,0.4023532302146519,0,1,-0.8664141857885337,1,0.5492869939598082,0.8270202867674527,1.0,0.795775902417187,0,0,0,1,0
-0.834527130341391,0,0.610855973439426,1.8181114173521749,1.0,1,1.080202056526309,0.4023532302146519,0,0,1.3774822102582316,1,0.5150084956337206,0.14744170506547802,1.0,1.69593855481567,0,0,0,1,0
0.18805717492630566,1,-0.4368103278876681,0.6823284799742413,0.0,1,0.6058106277440626,-1.9025805889933216,0,0,-0.9283178022405851,1,-1.0527326990262849,0.9745879869562034,1.0,1.0153465652751803,0,0,0,1,0
2.2912249306017607,0,-1.4204425147941793,-0.90974038008927,1.0,1,-0.8043014484367483,0.4023532302146519,0,0,0.829986979800213,1,-0.8844075104479903,0.2534484754151797,1.0,-0.5173588562664738,1,0,0,0,0
0.9598028213242616,1,0.6319201072513225,1.2217349271328724,1.0,1,0.2700010849409643,0.4023532302146519,0,0,0.33635828660219075,1,-0.0028275554259827957,0.8311175851846392,1.0,1.0583115543690955,1,0,0,0,0
-0.20501848120630586,1,0.1943572102422592,-0.6354166257396147,2.0,0,-0.8095852938684521,0.4023532302146519,0,0,-0.029305163774832554,0,2.3361143512557208,0.5764538328718619,1.0,-0.7533155638818186,0,0,0,1,0
2.249121573919518,0,-2.128419026444569,-0.38036610695691514,1.0,1,-0.8095852938684521,0.4023532302146519,0,0,-1.6605369868018272,1,-1.2044432310566484,-1.0891146293991636,1.0,0.5345103029642025,1,0,0,0,0
2.132116515945642,1,0.8971023158725976,0.4856666315383231,1.0,1,-0.7242424971246245,-1.0496641593383735,0,0,1.3678791485160717,1,1.1621669529449654,-0.9135503889280993,1.0,0.17573494853865404,1,0,0,0,0
0.11543611384860572,1,1.080894075232837,1.2202889247823492,1.0,1,-1.8842204298198346,0.4023532302146519,0,0,0.13211990620009548,1,0.1065874757260772,-0.7610775896179606,1.0,0.8366836271941461,0,0,0,1,0
1.6726955885850907,0,-1.830015791406757,-1.5952716191834082,0.0,0,1.080202056526309,0.4023532302146519,0,0,-1.6605369868018272,1,-1.2044432310566484,0.5764538328718619,2.0,-1.3075813395766076,1,0,0,0,0
1.548204397567301,0,-0.3924232861778258,-0.2366514725157456,0.0,1,-0.8095852938684521,0.4023532302146519,0,0,1.0173616856158545,1,-0.867041075506748,1.4142514250788103,1.0,-0.08665030247692075,1,0,0,0,0
-0.748157290368506,0,1.237623163939453,2.1504342944980714,1.0,1,1.080202056526309,0.4023532302146519,0,0,0.8874503832299847,1,1.1281079691889813,0.14395733584240689,1.0,1.6789340422985821,0,0,0,1,0
0.12569969895408586,0,-2.092257331878269,-0.8767157627616419,0.0,0,-0.8095852938684521,-1.927999034128122,0,0,-0.27979549128703485,1,-0.5595873163597673,-0.6965218215887979,1.0,-0.1970433035830192,0,0,0,1,0
2.0177526192870996,0,-0.3653393063347106,-0.21333486698600734,0.0,1,-0.789666935195291,0.11444437749502488,0,0,-0.5977111549722349,1,-1.2044432310566484,0.22829506049796255,1.0,-0.07040650490650545,1,0,0,0,0
-0.4729058449727177,0,-1.555361648056712,-1.696628467071099,0.0,0,-0.20796204193352807,-2.071753487947285,0,0,-1.3010705861204837,0,-1.1651099966888796,-1.0891146293991636,2.0,-1.5226930504568301,0,0,0,1,0
-0.5179708261715386,1,-0.33837252703379833,-1.019358623117132,1.0,1,-0.8095852938684521,0.4023532302146519,0,0,-0.029305163774832554,1,1.1559284904849312,0.5764538328718619,2.0,-1.0215249505501987,0,0,0,1,0
-0.8309231711367714,1,-0.018734684668163807,-0.8273876244283733,0.0,0,-0.8095852938684521,0.4023532302146519,0,0,-0.029305163774832554,1,-0.024257370285858674,-1.0891146293991636,2.0,-0.8994469647030661,0,0,0,1,0
-0.7424365215025418,1,0.0407605723908266,-0.32727917646932064,1.0,0,-0.9296264761528776,0.19256010260018677,0,0,0.2316707218957874,1,0.5372420170647816,-0.012301300582473796,1.0,-0.35859682972125856,0,0,0,1,0
0.9768612277436266,1,0.8384061534195217,0.0722634976934377,1.0,1,-0.8095852938684521,-1.9473783085352805,0,0,-0.36976608248608883,1,-0.15011003010673415,-0.628811466892094,1.0,-0.22439514288274387,0,0,0,1,0
-0.5160226978241298,0,0.49026727010961835,1.5877167321802654,1.0,1,1.080202056526309,0.4023532302146519,0,0,-0.5101629430303762,1,-0.7430649112044982,0.5741986531739469,1.0,1.5208221745275863,0,0,0,1,0
0.8135085533850889,1,0.7341509438345981,0.9952279618380088,1.0,1,-0.23690224541747354,0.4023532302146519,0,0,0.07805762112133517,1,-1.2044432310566484,0.11879226194595408,1.0,0.7717909467396409,1,0,0,0,0
-0.45856057890802876,1,-0.003679742292741277,0.3901206689925416,0.0,1,-0.8095852938684521,0.35228526661748727,0,0,0.9875134057181063,1,-0.04587129414001498,1.1683468973091162,1.0,0.4639691795989827,0,0,0,1,0
-0.6156745482696845,0,0.9102927041675535,2.511981070351158,1.0,1,1.080202056526309,0.4023532302146519,0,0,0.4677572724106611,1,-0.22883078739186744,0.434034404799991,1.0,2.2339387139988447,0,0,0,1,0
-0.6237851777179757,0,0.7719108276127249,1.9808855468503594,1.0,1,1.080202056526309,0.4023532302146519,0,0,1.3018648278699925,1,0.6506496169838291,0.056893075614113546,1.0,1.7724466727209198,0,0,0,1,0
0.520253116059623,1,1.1130709513643111,1.300555877148293,1.0,1,1.031078924140148,0.4023532302146519,0,0,0.8936914761848862,1,-0.3897975171282561,1.1422324493891687,1.0,0.9015274086727186,0,0,0,1,0
-0.4590691264685975,0,0.22128137116419055,-1.3713171386813097,1.0,0,1.080202056526309,0.7702601302124018,0,0,-0.7322323184899789,0,-0.5601431839001904,-0.30673882777428346,2.0,-1.5687425918106914,0,0,0,1,0
0.2644100362415433,0,-1.0760753580241902,0.7255911026329397,1.0,1,1.080202056526309,0.4023532302146519,0,0,-1.6093913442226386,1,-1.2044432310566484,-0.46510940500932396,1.0,1.4310055320261938,0,0,0,1,0
0.2644100362415433,0,-0.7546795075255449,0.9573865617880812,1.0,1,1.080202056526309,0.4023532302146519,0,0,0.6951656696270316,1,-1.2044432310566484,-0.6464231878121477,1.0,1.5261137573411419,0,0,0,1,0
-0.7237369929861793,1,1.4544335124160623,0.11315143909835591,1.0,1,-0.5192402551411512,1.3249981495762573,0,0,1.1180005329375047,1,1.1559284904849312,-0.7125345967850716,1.0,-0.40074950263067055,0,0,0,1,0
-0.24272955172696165,1,1.6829852243022374,1.3336119777197057,1.0,1,0.4264792571283514,-0.1471093845123038,0,0,-0.38049306295431423,1,0.17700798585240943,-1.0891146293991636,1.0,0.6712468973759111,0,0,0,1,0
0.2636196750943333,0,-1.1553561975256132,0.9068079627635538,1.0,1,1.080202056526309,0.4023532302146519,0,0,0.7003546180560807,1,-1.2039074266758585,-0.278718969533498,1.0,1.711314653180474,0,0,0,1,0
0.8800600602083605,0,-0.6713925403998066,-0.6645058375941231,1.0,1,-0.7535833355268535,0.4023532302146519,0,0,-0.31066818476964375,1,-0.6377108995993506,-1.0891146293991636,1.0,-0.4882359166877917,1,0,0,0,0
1.2032670711372415,1,0.5139950526078937,1.2842933611479725,0.0,0,1.080202056526309,0.4023532302146519,0,0,1.6019266592521622,1,-1.2044432310566484,2.2420222951428874,1.0,1.1852426674541223,1,0,0,0,0
-0.5044337595377226,1,1.7252626562524649,0.11552992137790985,1.0,1,-0.8095852938684521,0.4023532302146519,0,0,-1.6511949221513516,1,-1.2044432310566484,0.2403737629863521,1.0,-0.48813275241470433,0,0,0,1,0
-0.397666624577039,0,0.3369476517215678,1.8803578217060057,1.0,1,1.080202056526309,0.4023532302146519,0,0,-0.868188966011987,1,1.0973605869583198,0.35866076960837795,1.0,1.9248194281894035,0,0,0,1,0
2.250447083576618,0,-1.6363365681226734,-0.9294609848715703,1.0,1,0.9983194604210545,0.35783547222960344,0,0,1.3868193812132386,1,-1.2044432310566484,-0.17430115149680286,1.0,-0.46004559330091155,1,0,0,0,0
-1.1249889985595252,1,1.1452904458747661,-1.0589432734119524,0.0,1,0.18147210672437145,1.6924986537655886,0,0,-0.029305163774832554,1,1.1559284904849312,-1.0251901118172018,1.0,-1.4585367360441386,1,0,0,0,0
-0.5179708261715386,1,1.5794545271600087,-0.7122050252151181,1.0,1,-0.8095852938684521,0.4023532302146519,0,0,-0.029305163774832554,1,-1.2044432310566484,0.5764538328718619,1.0,-1.2270101810702272,0,0,0,1,0
0.1570928875345832,1,0.74665943806584,1.08871695513284,1.0,1,-1.5935012131971558,0.4023532302146519,0,0,0.13682111631405935,1,0.6177177107248808,-1.0889930429014179,1.0,0.8627220251052572,0,0,0,1,0
-0.7074179364817949,1,1.2666675892157437,-0.059503629673338505,1.0,1,1.080202056526309,0.4023532302146519,0,0,1.2092010729311211,1,0.8765513529656874,-0.334089127493236,1.0,-0.5058364073834868,0,0,0,1,0
0.9027343964581263,1,1.1598339677024032,0.2422845323921235,1.0,1,-0.8095852938684521,0.4023532302146519,0,0,-0.6448700669759453,1,-1.164617859184938,-0.9127392570869735,1.0,-0.17082851071378455,0,0,0,1,0
1.9346182371326375,1,0.962553491394334,0.5657752846187479,1.0,1,-0.3895195820480041,-1.4312646628616932,0,0,1.2619844722606286,1,1.5714613103895794,-0.5597203559401672,1.0,0.23028859596264123,1,0,0,0,0
-0.16788637252383606,1,0.6312808315665894,0.4330687663669886,0.0,1,-0.8095852938684521,0.4023532302146519,0,0,1.5836095571113917,1,1.6633175363050914,2.205451408416802,1.0,0.23140017632470747,0,0,0,1,0
-0.8169036884631915,1,-0.016987331129897774,0.485874267370505,0.0,1,-0.8095852938684521,-0.7331992278138699,0,0,-0.029305163774832554,1,-1.2044432310566484,2.0463829579960704,1.0,0.5778554916048619,0,0,0,1,0
-0.9535954831256234,1,0.5726699058714778,-1.326512221019146,0.0,1,1.080202056526309,0.4023532302146519,0,0,-0.029305163774832554,1,-0.4268258485099397,0.5764538328718619,2.0,-1.6010890228443442,0,0,0,1,0
-0.2408513682286528,1,1.7409781835021074,1.3429354716072224,1.0,1,0.586967558073276,0.06755017163979567,0,0,-0.31548684357486534,1,0.08767027656378214,-1.0891146293991636,1.0,0.6544403370200188,0,0,0,1,0
1.5162194161024742,1,-0.1252806321233753,-0.09789782941109025,0.0,0,-0.8095852938684521,0.4023532302146519,0,0,1.6019266592521622,1,1.1559284904849312,-1.0891146293991636,1.0,-0.03529101541780027,1,0,0,0,0
-0.1154127139864804,1,-0.03635738437725625,-0.44344562705085594,1.0,1,-0.8095852938684521,0.4023532302146519,0,0,-0.029305163774832554,1,-0.7964718619619587,1.2685574894101146,1.0,-0.4609887340828757,0,0,0,1,0
-0.20632224067543092,0,0.41059221060261025,-1.2433329918146947,0.0,1,1.080202056526309,0.4023532302146519,0,0,0.011930745479466565,1,1.1559284904849312,-0.8343076381986307,2.0,-1.4747519655010415,0,0,0,1,0
-0.6627975040889965,0,1.1578202492954999,2.5212444773160856,1.0,1,1.080202056526309,0.4023532302146519,0,0,0.45868762347463105,1,0.8007586368011265,0.1262873200261736,1.0,2.091603047473501,0,0,0,1,0
-0.674446998654155,1,1.0467247898839511,-0.8273876244283733,1.0,1,-0.8095852938684521,0.4023532302146519,0,0,-1.6605369868018272,0,1.1559284904849312,-1.0891146293991636,2.0,-1.2028802009244084,0,0,1,0,0
0.2535155392086134,0,-0.9767319166169521,0.6080735985568331,1.0,1,1.080202056526309,0.4023532302146519,0,0,-1.5780553809022901,1,-1.1737194525432024,-0.19124997616887274,1.0,1.224197346981938,0,0,0,1,0
-0.694371579124884,0,1.230314111944026,2.527186977974696,1.0,1,1.080202056526309,0.4023532302146519,0,0,0.46907041402819816,1,1.1043284042803105,0.4494708933083189,1.0,2.0541057078390206,0,0,0,1,0
0.21106605723283967,1,1.562620267462084,1.1933646466684533,1.0,1,-0.5666077750787962,0.4023532302146519,0,0,0.8384840663663602,1,-0.0203698380604798,-1.044852147514311,1.0,0.5914225467589531,0,0,0,1,0
-0.3677630891585759,0,-2.3277558395385225,-0.9082349435175526,0.0,0,-0.8095852938684521,-1.2995575870076488,0,0,-0.30068504601271867,1,-0.8717771613660212,-0.1300003615373181,1.0,-0.13821615756612152,0,0,0,1,0
-0.7959884573444751,1,0.0460665605740973,-0.32543997911928346,1.0,0,-0.8826312443232609,0.4023532302146519,0,0,-0.029305163774832554,1,0.7493402992190649,0.5764538328718619,1.0,-0.3584967638101892,0,0,0,1,0
-0.20501848120630586,1,0.4074491051526822,0.7083803650816963,1.0,1,1.080202056526309,0.4023532302146519,0,0,-0.029305163774832554,1,-0.024257370285858674,-1.0891146293991636,1.0,0.6228996774775453,0,0,0,1,0
-0.6446018288480279,0,-0.22370777838249808,1.4923341753485677,1.0,1,1.080202056526309,0.4023532302146519,0,0,-1.457667209899252,1,-0.16934115870799413,-0.16971084481478393,1.0,1.8362755551806664,0,0,0,1,0
-1.1119673644378663,1,1.6148810546888643,-1.0339681920303427,0.0,1,0.8605048281061656,1.1709715578947815,0,0,-0.029305163774832554,1,1.2475734631313655,0.10126881615440061,1.0,-1.5406194932866297,1,0,0,0,0
-0.38940217905119656,0,-2.2408463101993066,-0.9322071684020126,0.0,0,-0.8095852938684521,-1.5617886753623413,0,0,-0.037404229776161764,1,-0.8212652065250315,-0.227299539966267,1.0,-0.2122166281328916,0,0,0,1,0
0.0254806223832818,1,-0.5114990370537709,0.1787228963320757,0.0,1,-1.7680211852187615,0.4023532302146519,0,0,-1.6517821656076415,1,-0.1154397100748707,0.13211514407565997,1.0,0.456501890850451,1,0,0,0,0
0.12366175328367203,1,1.3727127707179143,1.2237900918564346,1.0,1,-1.8383817478486593,0.4023532302146519,0,0,0.5633327761536355,1,0.1464954606080414,-0.9208489099297711,1.0,0.7050951938979465,0,0,0,1,0
1.5162194161024742,0,-0.23182657957858682,-0.36665722757535246,1.0,0,1.080202056526309,-2.1779376168872213,0,0,-0.029305163774832554,1,-0.024257370285858674,-1.0891146293991636,1.0,-0.3011785611988362,1,0,0,0,0
-0.36149465368892225,0,-2.1496536337723913,-1.4416948202324011,0.0,0,-0.8095852938684521,-2.1779376168872213,0,0,-0.029305163774832554,1,2.3361143512557208,-1.0891146293991636,1.0,-0.9885643058519242,0,0,0,0,1
-0.15253778124118847,1,0.1238237930269085,-0.1714016434932288,1.0,1,0.5452202657157053,-0.11618330856436432,0,0,1.44769369038496,1,0.6843628062826074,-0.7944888929711174,1.0,-0.2162938910574675,0,0,0,1,0
-0.048542308723689476,1,1.4729085797047972,-0.021109429935586767,1.0,1,-0.8095852938684521,-2.1779376168872213,0,0,-0.029305163774832554,1,1.1559284904849312,0.5764538328718619,3.0,-0.5359756879805788,0,0,0,1,0
2.1421241060329397,0,-2.1496536337723913,-1.019358623117132,1.0,1,-0.8095852938684521,-2.1779376168872213,0,1,-0.029305163774832554,1,-1.2044432310566484,-1.0891146293991636,3.0,-0.3779952810411065,1,0,0,0,0
-0.6214305242744572,1,-0.031211215115169416,0.4616113599998309,0.0,1,-0.8095852938684521,-0.38100887936581773,0,0,-0.029305163774832554,1,-1.2044432310566484,1.9244150450724253,1.0,0.5572481303836475,0,0,0,1,0
-0.9873993436193877,0,-2.164985595611196,-1.1968737448742304,1.0,1,-0.8095852938684521,0.4023532302146519,1,0,-1.2124082428434972,0,-1.0511347273708014,0.540767362999243,1.0,-0.6287218900246285,0,0,0,1,0
-0.5974486731274268,0,-1.8382944115240272,-0.8219967716315953,0.0,0,-0.8021187440470428,0.4023532302146519,0,0,-1.321276654712319,1,1.0576791977616238,0.9578606828896155,1.0,-0.22953996855435563,0,0,0,1,0
0.2644100362415433,0,-0.7305148866427037,0.9726763223438457,1.0,1,1.080202056526309,0.4023532302146519,0,0,0.9812706815313823,1,-1.2044432310566484,-0.8553221154871045,1.0,1.5302316163394274,0,0,0,1,0
-0.9873993436193877,1,0.9640344800639603,0.8329457004326634,1.0,1,-0.8095852938684521,-0.7047992566052433,0,0,1.5038031714016191,1,-0.024257370285858674,-0.9174678059513608,1.0,0.5002326414341121,0,0,0,1,0
-0.9873993436193877,1,1.2697254579077075,0.8520516524713623,0.0,1,-0.8095852938684521,-1.8484989829834897,0,0,0.7815230823380807,1,-0.024257370285858674,1.3119771936530582,1.0,0.3873970378622688,0,0,0,1,0
-0.3641638242391305,0,0.4989081464482349,1.8119426596745094,1.0,1,1.080202056526309,0.4023532302146519,0,0,-0.020936944522704306,1,0.37864628072268136,-0.09098941701400623,1.0,1.7545184782259111,0,0,0,1,0
-0.674446998654155,1,-1.0841941592202764,-1.4033006204946494,0.0,0,-0.8095852938684521,1.6924986537655886,0,1,-0.029305163774832554,1,2.3361143512557208,2.2420222951428874,2.0,-1.2691311801790548,0,0,0,1,0
0.2644100362415433,0,-0.7323794407231702,0.9718868992030377,1.0,1,1.080202056526309,0.4023532302146519,0,0,0.9238317465789557,1,-1.2044432310566484,-0.7025228647583605,1.0,1.5303915394716594,0,0,0,1,0
-0.674446998654155,1,-1.0841941592202764,-1.172935422068139,1.0,1,-0.8095852938684521,0.4023532302146519,0,0,-0.029305163774832554,0,-0.024257370285858674,-1.0891146293991636,1.0,-0.9764223081994369,0,0,0,1,0
-0.9873993436193877,1,0.3009031576974707,-0.6354166257396147,1.0,1,1.080202056526309,0.4023532302146519,0,0,-1.6605369868018272,0,1.1559284904849312,0.5764538328718619,2.0,-0.7873793279422269,0,0,0,1,0
0.15381299048317512,0,-2.113651758127275,-0.8526333849181341,0.0,0,-0.8095852938684521,-2.1779376168872213,0,0,-0.6168634478063948,1,-1.1193317673354415,-1.0891146293991636,1.0,-0.15299774461053942,0,0,0,1,0
-0.4722846345679613,0,1.0488557088330552,2.637407549208043,1.0,1,1.080202056526309,0.4023532302146519,0,0,0.5435720338494866,1,0.036981293843676925,0.05428312983373487,1.0,2.2742864728363488,0,0,0,1,0
-0.36149465368892225,1,0.1943572102422592,-0.7122050252151181,0.0,1,-0.8095852938684521,0.4023532302146519,0,0,-0.029305163774832554,1,-0.024257370285858674,0.5764538328718619,1.0,-0.8377457414854582,0,0,0,1,0
-0.9797445292615383,1,0.20910316937006102,0.4945481697926585,0.0,1,-0.8095852938684521,0.4023532302146519,0,0,-0.029305163774832554,1,0.6595789032064209,0.3097330304607044,1.0,0.4823534779449675,0,0,0,1,0
1.3611961248813587,1,0.42014938208934427,-0.06820571343809984,0.0,1,-0.8095852938684521,0.4023532302146519,0,0,0.029344145190279718,1,0.2244502772695345,-1.0891146293991636,1.0,-0.21624007043754054,1,0,0,0,0
2.607328862156966,1,0.5076555687343097,0.8968490064761774,0.0,1,-0.47638365760889895,0.38511301691974076,0,0,-1.6349723216713483,1,-0.09340445986841928,-1.0891146293991636,1.0,0.7767708386344347,1,0,0,0,0
0.09420370552826737,1,0.5774964372911994,0.9877967260845673,1.0,1,-1.9482426456765085,0.4023532302146519,0,0,0.0016393039079894219,1,-0.4191015320511949,-0.9855712348051608,1.0,0.839292084535519,1,0,0,0,0
0.2644100362415433,0,-0.665990660863827,0.9743370250593025,1.0,1,1.080202056526309,0.4023532302146519,0,0,1.0727012252120451,1,-1.2044432310566484,-0.9526562708537607,1.0,1.4936067302599074,0,0,0,1,0
-0.04827864637305652,1,-1.0195633874939463,0.5149400587631736,0.0,1,1.080202056526309,-1.637582138705112,0,0,-1.6605369868018272,1,0.20118173283857754,1.216341918117918,1.0,1.1314747713005342,0,0,0,1,0
1.150505496442518,1,1.568427021598393,0.47464649796439534,1.0,1,-0.05455666397788268,-0.08392967297559045,0,0,0.8436110279861343,1,0.012035705304564524,-0.07934043118888259,1.0,-0.09496088379783699,1,0,0,0,0
-0.5179708261715386,0,-2.1496536337723913,-0.8273876244283733,1.0,0,-0.8095852938684521,0.4023532302146519,0,0,-0.029305163774832554,1,1.1559284904849312,2.2420222951428874,1.0,-0.1004639061270986,0,0,0,1,0
-0.9873993436193877,0,-1.0841941592202764,-0.136292029148842,0.0,1,-0.8095852938684521,0.4023532302146519,1,0,-0.029305163774832554,1,-0.024257370285858674,-1.0891146293991636,1.0,0.3407676157088429,0,0,0,1,0
1.6726955885850907,1,0.7270869475183167,-0.059503629673338505,1.0,0,1.080202056526309,0.4023532302146519,0,0,1.6019266592521622,1,1.1559284904849312,0.5764538328718619,2.0,-0.31995367203869435,1,0,0,0,0
-0.9873993436193877,1,0.4004596909996204,-1.3667706895193639,1.0,1,-1.0176830075318721,0.4023532302146519,0,0,-0.09531948442091215,1,-0.5902662478105041,0.8282311550395236,1.0,-1.60502863260254,0,0,0,1,0
0.09416302172342175,1,0.8894736260348051,0.057117984146087736,1.0,1,-2.1195027345186834,-0.5271372007643148,0,0,-0.029305163774832554,1,-1.2044432310566484,0.1427547954126472,1.0,-0.2585353890894111,0,0,0,1,0
0.2644100362415433,0,-0.6383100237149644,0.9649570149097717,1.0,1,1.080202056526309,0.4023532302146519,0,0,1.002046050029454,1,-1.2044432310566484,-0.6823744830702678,1.0,1.4658382435877506,0,0,0,1,0
-0.40770222389921107,0,0.9147569793659263,1.969946732191476,1.0,1,1.080202056526309,0.4023532302146519,0,0,0.8376227759638019,1,1.1331957504347643,0.3029191898815537,1.0,1.6794085481818504,0,0,0,1,0
-0.36149465368892225,0,-0.5514644219442213,-0.8273876244283733,0.0,1,-0.8095852938684521,0.4023532302146519,1,0,-0.029305163774832554,1,-0.024257370285858674,-1.0891146293991636,2.0,-0.7266297354785379,1,0,0,0,0
-0.27555668795208943,1,-0.7731439202195329,-0.6354166257396147,1.0,1,-0.8095852938684521,-2.1779376168872213,0,0,1.2810813032128054,0,-0.9148799093730922,-1.0891146293991636,0.0,-0.41472488891626763,0,0,0,1,0
-0.6722710409996119,1,-0.5746807838947111,0.7663535717931153,0.0,1,0.8341101681832027,-1.5729265008038569,0,0,-0.5903151498866305,1,-1.2044432310566484,1.316021193879452,1.0,1.1904845509608795,0,0,0,1,0
-0.6127825556498604,0,0.4896386490196323,1.5971334471847456,1.0,1,1.080202056526309,0.4023532302146519,0,0,0.3501209894930692,1,-0.550239064156602,0.3035521058972166,1.0,1.5312033161654492,0,0,0,1,0
-0.6603689938920665,0,1.06247228091783,2.4905351454152425,1.0,1,1.080202056526309,0.4023532302146519,0,0,0.33948535800693375,1,1.0163844944932536,0.4664663538973325,1.0,2.1185897415229404,0,0,0,1,0
0.1746642228473459,1,1.4365977208120604,1.2220026498876437,1.0,1,-1.1081905931043283,0.4023532302146519,0,0,0.7916024637725644,1,0.24248705777969443,-0.9588555166703335,1.0,0.6746008530453719,0,0,0,1,0
-0.45845730463419027,1,0.2459147942158364,-0.1640759917890663,1.0,1,-0.6310192871296513,-1.0510162317422551,0,0,-0.029305163774832554,1,1.2499999252611098,0.37727516274271905,1.0,-0.25452958235176665,0,0,0,1,0
0.05435610934853411,1,0.07502574909242374,-0.11632270674064092,1.0,1,0.49356859785471585,0.033520005802792484,0,0,0.42615759845982687,1,-0.058882843255012876,0.29089045444703227,1.0,-0.13619285808573395,0,0,0,1,0
-0.5050796931777306,0,-2.2936611363528563,-1.0148283763074757,0.0,0,-0.8095852938684521,-2.0429342194760043,0,0,-1.6605369868018272,1,-1.2044432310566484,0.5249827706823004,1.0,-0.31048740357612964,0,0,0,1,0
-0.4857946308239383,1,0.02998877710310371,-0.2514746283620972,0.0,1,-0.8095852938684521,0.4023532302146519,0,0,-0.029305163774832554,1,2.1564440359978367,1.264958195963147,1.0,-0.2697581691645588,0,0,0,1,0
-0.9873993436193877,1,-1.0841941592202764,-1.0961470225926355,1.0,1,-0.8095852938684521,0.4023532302146519,0,0,-0.029305163774832554,1,-0.024257370285858674,-1.0891146293991636,2.0,-0.878852684206231,0,0,0,1,0
0.15944581974020425,1,0.7464463461709282,1.0541136834945946,1.0,1,-1.7009394036417986,0.4023532302146519,0,0,0.1001379750778282,1,0.5923059487707643,-0.7083690100609318,1.0,0.8269711552278742,0,0,0,1,0
-0.20501848120630586,0,0.0891857055092204,-1.400229430063427,0.0,1,-0.8095852938684521,0.4023532302146519,0,0,1.0894621321936477,1,-0.7640143904190405,2.2420222951428874,2.0,-1.56976421030097,0,0,0,1,0
0.21685270256741887,0,-0.4131890913368463,0.9360775121742307,1.0,1,1.080202056526309,0.4023532302146519,0,0,-0.5521329066050377,1,-1.1834312019914854,-0.7306343292645707,1.0,1.301223014715502,0,0,0,1,0
0.26263684825497036,0,-0.8532984364900879,0.7204348767907592,1.0,1,1.080202056526309,0.4023532302146519,0,0,-1.5904119619617199,1,-1.0898306613737538,-0.3736863521152674,1.0,1.2929531660378337,0,0,0,1,0
-0.6868666689402725,1,0.7110304732368171,-1.1041951763474636,0.0,1,-0.8095852938684521,1.5597143064828791,0,0,0.986361756051049,1,1.1559284904849312,2.0656469228306973,1.0,-1.4007030330560495,1,0,0,0,0
-0.6637390212188243,1,-0.47547585221916305,0.7306678524816634,0.0,1,0.5588494120867523,-1.6129068173342767,0,0,-0.6974283563138749,1,-1.1695061890202507,0.7798497223474748,1.0,1.093317693399568,0,0,0,1,0
-0.8309231711367714,0,-2.04310768631718,-1.0577528228548838,1.0,1,1.080202056526309,0.4023532302146519,0,0,-1.6605369868018272,1,-0.024257370285858674,2.2420222951428874,2.0,-0.4767336922205476,0,0,0,0,1
4.150113821510291,1,0.4663477049059228,-0.16966703194327673,0.0,1,-0.8095852938684521,0.4023532302146519,0,0,-0.39669445742061843,1,-0.0912140349108286,-1.0891146293991636,1.0,-0.3418871659296187,1,0,0,0,0
1.0467908986546253,0,-0.8711022643098535,-0.7122050252151181,1.0,0,1.080202056526309,0.4023532302146519,0,0,-0.029305163774832554,0,-0.024257370285858674,-1.0891146293991636,1.0,-0.47240924671830087,1,0,0,0,0
-0.23977340387641988,0,-0.42984222292409563,1.3130204005163553,1.0,1,1.080202056526309,0.4023532302146519,0,0,-0.1754798474362815,1,-0.9478059147027365,0.2030666949999433,1.0,1.7548528651467676,0,0,0,1,0
-0.7629015706730254,0,-1.875926440165209,-1.7104542183966633,1.0,1,1.080202056526309,-2.1779376168872213,0,0,-0.41418615625893695,0,-1.2044432310566484,-0.15491893130135492,2.0,-1.4549591575354397,0,0,0,1,0
-0.20501848120630586,0,-0.9663756505243035,-0.09055973798621246,0.0,1,-0.5425961370046801,0.38830612684302934,0,0,0.8186760183393433,1,1.2873657897989739,-1.0666577698223634,1.0,0.34268716231220214,0,0,0,1,0
1.538040487783693,1,0.7765988493007542,1.2901280124995194,1.0,0,1.009174398961722,0.4023532302146519,0,0,0.25232537923895476,1,0.09128872641290539,-1.0891146293991636,1.0,1.0562839643865074,1,0,0,0,0
0.3594658685489382,1,0.973996526151024,1.2138431529535765,1.0,1,-0.8056620953290322,0.4023532302146519,0,0,0.5226596418782804,1,-0.14515324949149688,-0.9539437552750963,1.0,0.8811654295084744,0,0,0,1,0
-0.8745736077363496,1,0.7870296975566177,-0.24711715545126037,0.0,1,-1.4000134455396376,0.08808025576476151,0,0,0.0997758416131163,1,2.2553034848111624,0.04635335838486249,1.0,-0.5349538050670449,0,0,0,1,0
0.2644100362415433,0,-0.8453394542151854,0.9263190120036854,1.0,1,1.080202056526309,0.4023532302146519,0,0,1.098828665321469,1,-1.2044432310566484,-0.3804602190513236,1.0,1.542771757042245,0,0,0,1,0
0.9766523320533622,1,0.8802680561746751,0.6266968971106284,1.0,1,-0.29687464698225097,0.4023532302146519,0,0,-0.4025342673470549,1,1.1559284904849312,-0.39998234699760227,1.0,0.32669459302434695,1,0,0,0,0
-0.9642870305628432,0,1.070772210224592,2.4336562885789483,1.0,1,1.080202056526309,0.4023532302146519,0,0,0.26727072520152867,1,1.1507144293520457,0.4759617597007395,1.0,2.0565927456624666,0,0,0,1,0
1.4770368436557926,1,-0.0039567617561256955,0.7861445531435346,0.0,1,0.25179109403256045,0.24427171146695592,0,0,-1.6605369868018272,1,1.1327980277996845,-1.0891146293991636,1.0,0.9091111784528887,1,0,0,0,0
0.27109751490110534,1,1.44219138305346,0.7357254436247184,1.0,1,1.080202056526309,0.4023532302146519,0,0,0.8012316252238927,1,1.1559284904849312,1.5171602380886882,1.0,0.20342385899772247,0,0,0,1,0
-0.7149427191403109,1,1.2255408534980325,-0.0010369807068896536,1.0,1,-0.8095852938684521,0.4023532302146519,0,0,0.2600525243846336,1,-0.8069401105469957,-1.0810982483902534,1.0,-0.43459513267601646,0,0,0,1,0
-1.080486392724606,1,1.31575330720836,-1.06107088799042,0.0,1,0.28813926393005324,1.54788109265807,0,0,-0.029305163774832554,1,1.1559284904849312,-0.33353116205837513,1.0,-1.499882509392203,1,0,0,0,0
-0.512682870398661,1,-0.8083360466639898,-0.6354166257396147,1.0,1,-0.8095852938684521,-2.1779376168872213,0,0,-0.015015573005115917,0,-0.4595217175967336,-1.0891146293991636,0.0,-0.4013291988632136,0,0,0,1,0
-0.674446998654155,0,-0.23182657957858682,-0.7122050252151181,0.0,1,1.080202056526309,-2.1779376168872213,0,0,-1.6605369868018272,0,-0.024257370285858674,-1.0891146293991636,1.0,-0.6994219244364114,0,0,0,1,0
-0.9873993436193877,1,2.4318221068016985,-0.021109429935586767,1.0,0,1.080202056526309,1.6924986537655886,0,0,-0.029305163774832554,0,1.1559284904849312,-1.0891146293991636,3.0,-0.8249482762447768,0,0,0,0,1
0.1850539277478466,1,0.7284081172667615,1.060221778336674,1.0,1,-0.5090467421731222,0.4023532302146519,0,0,0.16056858919368647,1,0.36700492739203816,-1.000936103869611,1.0,0.8419917760455481,0,0,0,1,0
0.42088620872415966,0,-1.0841941592202764,-0.9809644233793803,1.0,1,1.080202056526309,0.4023532302146519,0,0,-0.029305163774832554,0,-1.2044432310566484,-1.0891146293991636,3.0,-0.7324982482164221,1,0,0,0,0
1.0467908986546253,0,-0.23182657957858682,-0.9041760239038769,1.0,1,1.080202056526309,-2.1779376168872213,0,0,-0.029305163774832554,1,-0.024257370285858674,0.5764538328718619,2.0,-0.9206682373461753,1,0,0,0,0
0.1079338637589269,1,0.8336328949735282,-0.3282630278376007,1.0,1,-0.8095852938684521,-2.1779376168872213,0,0,-0.029305163774832554,1,1.1559284904849312,0.5764538328718619,1.0,-0.6338384952340227,0,0,0,1,0
1.7066779883916583,1,1.2935704409481834,0.19505978189728815,1.0,1,-0.8095852938684521,0.3956444740121872,0,0,-1.1858827821692552,1,-0.17061221888004427,0.33336411580340564,1.0,-0.26558500098405596,1,0,0,0,0
0.1379189232632533,1,1.1924583368131878,-0.03501623141679764,0.0,1,-1.8485563629431847,1.673716716689534,0,0,0.21170281315011405,0,-1.1491680460815878,0.5764538328718619,1.0,-0.45697720266073816,1,0,0,0,0
-0.9873993436193877,1,0.8336328949735282,0.8235629642949516,0.0,0,-0.8095852938684521,0.4023532302146519,0,0,1.6019266592521622,1,-0.024257370285858674,-1.0891146293991636,1.0,0.5486743066025855,0,0,0,1,0
-0.8392004477087567,0,-1.9481006649713672,-1.0090909774638643,1.0,1,0.7741264278943222,0.06378165685760315,1,0,-1.4248778190245865,0,-0.31484037255312103,1.054212152863532,1.0,-0.44595707616776625,0,0,0,1,0
-0.9873993436193877,1,1.165939050491586,0.8543153360936999,0.0,1,-0.8095852938684521,-1.8546942613073814,0,0,0.16836098361228682,1,-0.024257370285858674,0.14518652536756294,1.0,0.43381616617314334,0,0,0,1,0
4.823794129375494,1,-0.4745275932868116,-0.2133410100579657,0.0,1,-0.8095852938684521,0.4023532302146519,0,0,-0.029305163774832554,1,-0.024257370285858674,-1.0891146293991636,1.0,-0.0252814286910564,1,0,0,0,0
0.2644100362415433,0,-0.8274290804479638,0.8995221258445192,1.0,1,1.080202056526309,0.4023532302146519,0,0,0.825122646503946,1,-1.2044432310566484,-0.4496146216048166,1.0,1.498861187852073,0,0,0,1,0
1.1355504427336647,1,0.5494428893262434,1.2177059166007924,1.0,1,-0.36957476635193787,0.4023532302146519,0,0,0.20950391265267346,1,-0.157834346565479,-0.29318942833370865,1.0,1.0962314571099787,1,0,0,0,0
0.1079338637589269,1,-0.018734684668163807,-0.7122050252151181,0.0,1,-0.8095852938684521,0.4023532302146519,0,0,-0.029305163774832554,0,-1.2044432310566484,0.5764538328718619,2.0,-0.769804280919706,0,0,0,1,0
-0.9873993436193877,0,-0.8711022643098535,-1.4033006204946494,1.0,1,1.080202056526309,0.4023532302146519,0,0,-1.6605369868018272,0,-1.2044432310566484,-1.0891146293991636,1.0,-1.3289875643541276,1,0,0,0,0
-0.5179708261715386,0,-1.830015791406757,-1.2881180212813943,1.0,1,1.080202056526309,0.4023532302146519,0,0,-0.029305163774832554,0,1.1559284904849312,0.5764538328718619,1.0,-0.8807741501663683,0,0,0,1,0
-0.9401790596207911,0,1.1401123128284432,2.0633891533220265,1.0,1,1.080202056526309,0.4023532302146519,0,0,1.3250201635978607,1,0.899991024346456,0.2251254837142608,1.0,1.647044960522753,0,0,0,1,0
2.318364783861835,0,-1.4795968248213127,-0.3797308365280541,1.0,1,-0.8095852938684521,0.4023532302146519,0,0,-0.9419369567310374,1,-1.2044432310566484,-1.0891146293991636,1.0,0.2111606092806584,1,0,0,0,0
-0.30888486088150685,1,0.8945558677284169,0.7105183844882925,1.0,1,-0.3301330145618487,0.4023532302146519,0,0,0.8261650036388604,1,-0.5173862303503255,-0.796484243988918,1.0,0.40614095939149036,0,0,0,1,0
2.0287255108824427,1,0.4719626763368119,-0.1254559573684571,0.0,1,0.6009671027650011,-2.1029504944341704,0,0,0.4041571748626617,1,-0.15923168662463158,0.03249249764184312,1.0,-0.2967481204876131,1,0,0,0,0
-0.582598927882654,1,0.854430663916785,0.6281600232742344,0.0,1,-0.8095852938684521,0.4023532302146519,0,0,-0.5353246939005674,1,0.5235896270273851,-1.0891146293991636,1.0,0.3391832621257724,0,0,0,1,0
-0.2618165152463907,0,0.0194513828997843,-1.3415976476439064,0.0,1,0.2486200308585979,0.4023532302146519,0,0,-0.044332071328557224,1,-0.6308658216068801,1.511290774827645,2.0,-1.4875849398730234,0,0,0,1,0
-1.1648458268334343,0,-0.6148272968958347,-0.7337215570843514,0.0,1,-2.1056959481366992,-2.089954859582742,1,0,-1.0652075143653643,1,-1.2044432310566484,-0.9926349106536522,1.0,-0.5922968810796428,0,0,0,1,0
0.2644100362415433,0,-0.5602224988250384,0.9738517223746171,1.0,1,1.080202056526309,0.4023532302146519,0,0,1.4128293726314038,1,-1.2044432310566484,-0.9282606895868771,1.0,1.4305896123829729,0,0,0,1,0
0.25504540674697596,0,-1.118150352674253,0.605500688049807,1.0,1,1.080202056526309,0.4023532302146519,0,0,-1.6596626465446846,1,-1.197434107229531,-0.14581493408658153,1.0,1.3032566934102259,0,0,0,1,0
-0.7816388099469566,0,-0.4299700780610432,-1.405903785631069,1.0,1,-0.4213492703907025,0.4023532302146519,0,0,-0.7951179364994926,0,1.1559284904849312,0.5764538328718619,1.0,-1.44916848388273,0,0,0,1,0
0.3621046827216847,1,-0.12248912830004893,0.6385381674343477,0.0,1,0.41765395020200796,-2.022988571227907,0,0,-1.4104919855773113,1,-0.948451476368578,-0.05810776443185158,1.0,0.8020372985829768,0,0,0,1,0
-0.01939502264683509,1,0.9916085712653694,1.319604621829382,1.0,1,0.34667542710853133,0.07895763747483306,0,0,0.5658481356247433,1,0.14298440767224835,-0.9841754884337777,1.0,0.9795082034857621,0,0,0,1,0
0.3938097283139403,1,-0.3033508741052699,0.1324673690154202,1.0,1,-0.8095852938684521,0.4023532302146519,0,0,1.6019266592521622,1,-0.16005545635544957,-0.8854489178326626,1.0,0.30607991467817264,1,0,0,0,0
-0.36149465368892225,0,-0.018734684668163807,-0.7889934246906216,1.0,0,1.080202056526309,0.4023532302146519,1,0,-0.029305163774832554,1,1.1559284904849312,0.5764538328718619,3.0,-0.8562327367752792,0,0,0,1,0
-0.942302128329035,0,0.12578423846008635,-1.4033006204946494,1.0,1,-2.433640195987454,1.0107032426541664,0,0,-1.6605369868018272,0,1.1559284904849312,0.5764538328718619,1.0,-1.5817319370037908,0,0,0,1,0
0.18600999716171532,0,-0.18974093033377704,0.7024990263832683,1.0,1,1.080202056526309,0.4023532302146519,0,0,-1.2667935118232172,1,-0.8982711537544646,0.33055263623909215,1.0,0.9092830573118008,0,0,0,1,0
0.2644100362415433,0,-0.8578372938516803,0.9490096385008991,1.0,1,1.080202056526309,0.4023532302146519,0,0,0.9587074829552724,1,-1.2044432310566484,-0.757288421366294,1.0,1.578453815485888,0,0,0,1,0
2.24296376710381,1,0.7082815877924717,1.1995292577725467,1.0,1,-0.3735319810636646,0.29962282057356165,0,0,-0.3046783015154888,1,-0.3118958088304979,-1.0891146293991636,1.0,0.9966476320755238,1,0,0,0,0
0.2644100362415433,0,-0.8020285265746421,0.9524546732549679,1.0,1,1.080202056526309,0.4023532302146519,0,0,0.9810635150898579,1,-1.2044432310566484,-0.8042457930231011,1.0,1.5486927546614961,0,0,0,1,0
-0.5144961162853895,0,0.40691637541540737,1.8868281658226103,1.0,1,1.080202056526309,0.4023532302146519,0,0,-0.5786828357566249,1,0.08672140713172265,0.22112978497327257,1.0,1.8893296184900146,0,0,0,1,0
0.2644100362415433,0,-0.8455632007048395,0.9307837583085893,1.0,1,1.080202056526309,0.4023532302146519,0,0,1.1199090741704465,1,-1.2044432310566484,-0.5977885887138339,1.0,1.5484251868251158,0,0,0,1,0
-0.25844382782470066,1,0.8868419411326601,1.0429674249745287,1.0,1,-1.2630624460438797,0.4023532302146519,0,0,-0.023545284207723956,1,0.0808511626602487,-0.9687539900416102,1.0,0.7488783471805882,0,0,0,1,0
-0.5179708261715386,0,-0.44491847448900984,-1.1345412223303872,0.0,1,-0.8095852938684521,0.4023532302146519,0,0,-1.6605369868018272,1,-0.024257370285858674,0.5764538328718619,2.0,-1.125021596185605,0,0,0,1,0
2.1421241060329397,1,0.5139950526078937,-0.44344562705085594,0.0,0,1.080202056526309,0.4023532302146519,0,0,-1.6605369868018272,1,2.3361143512557208,0.5764538328718619,2.0,-0.6498627503446248,1,0,0,0,0
0.21014926333826386,0,-0.39228477644613363,0.9357573429426174,1.0,1,1.080202056526309,0.4023532302146519,0,0,-0.6751506233067955,1,-1.1693586657876545,-0.7557977375925614,1.0,1.289047449388383,0,0,0,1,0
0.2644100362415433,0,-0.4821669377193511,0.9768730771345802,1.0,1,1.080202056526309,0.4023532302146519,0,0,1.427575708311568,1,-1.2044432310566484,-1.05695250239271,1.0,1.3888169120584706,0,0,0,1,0
-0.8309231711367714,0,-1.5149913885659345,-1.7056100222157513,0.0,1,1.080202056526309,-0.9014703151167718,0,0,0.36481186329125076,0,-0.9612954390913464,-0.6153386836007836,1.0,-1.5453120957785698,0,0,0,1,0
-0.13738525460266188,1,0.5672254079565173,1.2492608423566591,1.0,1,-1.5066446967856624,0.4023532302146519,0,0,-0.029305163774832554,1,0.6758088191637407,0.34950347420281186,1.0,1.1204227393242197,0,0,0,1,0
-1.137763869757178,1,1.0456806395988885,0.3405511847197218,1.0,1,-0.8095852938684521,0.4023532302146519,0,0,1.6019266592521622,1,0.03155361906999204,0.46619653180644455,1.0,-0.02992240783146945,0,0,0,1,0
-0.9873993436193877,1,1.7925464220704317,-0.7505992249528699,1.0,1,1.080202056526309,0.4023532302146519,1,0,1.6019266592521622,1,-0.024257370285858674,0.5764538328718619,2.0,-1.315517836900352,1,0,0,0,0
-0.38574454851941575,0,-0.9385671582384933,-0.7073306895874121,1.0,1,-1.2661692564479288,1.6692721657054008,0,0,0.25493371892397515,1,-0.11811047067779501,1.172998830024239,1.0,-0.44087471905084313,0,0,0,1,0
-0.5179708261715386,0,0.5139950526078937,0.05567896953991672,1.0,1,-0.8095852938684521,0.4023532302146519,0,0,1.6019266592521622,1,2.3361143512557208,-1.0891146293991636,1.0,-0.11972118520276452,0,0,0,1,0
-0.732812610990171,1,1.2109014403176865,-0.047902975799376024,1.0,1,1.0559145094990354,1.0260727450849285,0,0,0.5567083437203235,1,1.2272294192633981,-0.09144078606728172,1.0,-0.4758936905812635,0,0,0,1,0
-0.9706419973558792,0,0.0159886396074909,0.19004649766073112,1.0,1,-0.9989552148894598,0.4023532302146519,0,0,-0.9428569714792246,1,-0.0798441243281629,0.3080424784714993,1.0,0.23059942130849323,0,0,0,1,0
0.1079338637589269,1,-0.44491847448900984,-0.7122050252151181,1.0,1,-0.8095852938684521,0.4023532302146519,0,1,-1.6605369868018272,0,-0.024257370285858674,0.5764538328718619,1.0,-0.6264803326407,0,0,0,1,0
-0.19941209642242624,0,-1.0989827367270615,-1.6722928026919215,0.0,0,0.6148457010662998,0.16029227541175473,0,0,0.536156453982006,0,0.6983090625993357,-1.0891146293991636,2.0,-1.6072768279206746,0,0,0,1,0
-0.9873993436193877,1,0.4074491051526822,-0.8657818241661251,0.0,0,1.080202056526309,0.4023532302146519,1,0,-0.029305163774832554,0,-1.2044432310566484,0.5764538328718619,1.0,-1.0683587011601372,0,0,0,1,0
0.2644100362415433,0,-0.9843606064547447,0.7240188217594793,1.0,1,1.080202056526309,0.4023532302146519,0,0,0.9641998405034049,1,-1.2044432310566484,-0.17540042668190173,1.0,1.3742002328795944,0,0,0,1,0
-0.06666037178310642,1,0.1285650876886657,-0.09970358541315624,1.0,1,-0.8095852938684521,-0.030103515759621953,0,0,-0.3380353610645677,1,-0.2486225042769935,0.5764538328718619,1.0,-0.1387047504917593,0,0,0,1,0
-0.9873993436193877,0,-1.0841941592202764,-1.172935422068139,1.0,1,-0.8095852938684521,-2.1779376168872213,0,0,-0.029305163774832554,1,-0.024257370285858674,-1.0891146293991636,3.0,-0.9764223081994369,0,0,0,0,1
-0.22070678225941276,0,-0.42664584450043963,-0.1518112334422394,1.0,1,-2.3143209124708792,-1.7194792800467018,0,0,1.2195545013118734,1,-1.0529758173136037,1.674856260096509,1.0,0.02730633202704774,0,0,0,1,0
2.3321666081794925,0,-1.289135289150377,-0.9183288170228073,1.0,1,0.11105674026131226,0.4023532302146519,0,0,0.618256351634955,1,-0.5234016376826742,-0.364472427381984,1.0,-0.5781005286012323,1,0,0,0,0
-0.8442158219891694,0,-0.7292256806784951,-1.5952716191834082,1.0,1,1.080202056526309,0.4023532302146519,1,0,1.4789219924049883,0,0.39182659641576933,-0.7225446632433205,1.0,-1.6017009498619073,0,0,0,1,0
0.7338385536893924,1,-0.373426143746563,0.09592188838924111,1.0,1,-1.0027291202281983,0.4023532302146519,0,0,-1.3456456269165193,1,-1.1908486701264296,-1.0891146293991636,1.0,0.2950322767275385,1,0,0,0,0
0.42088620872415966,1,1.4194864416507533,0.4812202376608939,1.0,1,0.6278001933532555,-2.1779376168872213,0,0,-1.1118264886356528,1,1.036598717916536,-0.2773582000998226,1.0,-0.0333464792495309,0,0,0,1,0
-0.5179708261715386,1,-0.8711022643098535,-0.6354166257396147,1.0,1,-0.8095852938684521,-2.1779376168872213,0,0,1.6019266592521622,0,-0.024257370285858674,-1.0891146293991636,0.0,-0.3772338780920976,0,0,0,1,0
-0.674446998654155,1,1.1532707373391626,-0.289868828099849,1.0,0,1.080202056526309,-2.1779376168872213,0,0,-0.029305163774832554,1,-1.2044432310566484,-1.0891146293991636,1.0,-0.6967908214935943,0,0,0,1,0
-0.20501848120630586,1,0.3611975093623757,0.264128950727117,0.0,1,-0.8095852938684521,0.4023532302146519,0,0,-1.2538594746984364,1,-0.05557360210141155,0.5764538328718619,1.0,0.16490422288873194,0,0,0,1,0
-1.1438755161020042,1,0.4074491051526822,-1.172935422068139,0.0,1,-0.8095852938684521,0.4023532302146519,0,0,-0.029305163774832554,1,1.1559284904849312,0.5764538328718619,1.0,-1.3983603360162706,0,0,0,1,0
-0.674446998654155,0,-0.8711022643098535,-1.2881180212813943,0.0,1,1.080202056526309,-2.1779376168872213,0,0,1.6019266592521622,0,-0.024257370285858674,0.5764538328718619,1.0,-1.186224511414823,0,0,0,1,0
-0.20501848120630586,0,-0.9689114440737395,-0.1542223507915704,0.0,1,-0.626975142199806,0.24694360263912982,0,0,0.6769643849456964,1,1.022581650448161,-1.0891146293991636,1.0,0.2640757967085137,0,0,0,1,0
-0.8027681004696291,1,-0.6842526362576501,-0.6354166257396147,0.0,1,-0.8095852938684521,-2.138696553684496,0,0,0.16434815332764022,1,-0.579819242570961,-1.0891146293991636,1.0,-0.4482006462651287,0,0,0,1,0
0.12975696963038727,1,0.6971049179044192,0.9858180810010821,1.0,1,-1.860923131364168,0.4023532302146519,0,0,-0.025726241155111643,1,0.43147258003664246,-1.0868877643651071,1.0,0.7796368578489652,0,0,0,1,0
-0.8138991894753523,1,0.7119361137901853,0.048127252787697826,1.0,1,0.6165351709575531,0.4023532302146519,0,0,1.5331229321887065,1,1.4424233289304835,0.22103651313938547,1.0,-0.20257241999576478,0,0,0,1,0
-0.8522234901159675,0,-1.5100689657935018,-0.5690687993929975,1.0,0,1.080202056526309,0.8408917217155448,0,0,-0.029305163774832554,1,-0.024257370285858674,0.5764538328718619,1.0,-0.027519430544459517,0,0,0,1,0
-0.816836716661369,0,-1.4844446654305234,-0.6184166339507318,0.0,0,0.6044348625529751,0.49316140599670827,0,0,-0.09076671640284383,1,0.14775707929320558,0.5764538328718619,1.0,-0.10459655731929475,0,0,0,1,0
-0.40832046125669,0,0.9354375477669825,1.9664733241238013,1.0,1,1.080202056526309,0.4023532302146519,0,0,1.328954694755002,1,0.5726511334454876,0.4482133891193042,1.0,1.6641994520256667,0,0,0,1,0
-1.3003516885846205,0,-1.616923896496334,-1.5952716191834082,0.0,1,-0.8095852938684521,0.4023532302146519,0,0,-0.029305163774832554,0,-0.024257370285858674,0.5764538328718619,2.0,-1.369137506540457,0,0,0,1,0
-0.20501848120630586,1,-0.8711022643098535,-1.2881180212813943,1.0,1,-0.8095852938684521,0.4023532302146519,0,0,-0.029305163774832554,1,-0.024257370285858674,0.5764538328718619,1.0,-1.186224511414823,0,0,0,1,0
0.2568958939627558,0,-0.42667780828467594,0.9809260456472969,1.0,1,1.080202056526309,0.4023532302146519,0,0,1.5397750955630103,1,-0.8982746943120471,-0.9556559596543109,1.0,1.3616910285018802,0,0,0,1,0
2.387635846562855,1,0.889953082798352,0.5329812628547446,2.0,1,0.8378708450104877,-1.1552457903655118,0,0,1.0984012825838354,1,1.7999641760085767,0.41639770035300316,1.0,0.22694313964080562,1,0,0,0,0
-0.5164692808203957,0,0.13248597855501903,1.7399071165787425,1.0,1,1.080202056526309,0.4023532302146519,0,0,-0.5030866593820849,1,0.6749956711056697,0.4529402724152294,1.0,1.896173939968512,0,0,0,1,0
-0.2591097904147864,0,-0.8579651489886279,-0.17468622888659374,1.0,1,-2.579467526668016,-2.1779376168872213,0,0,-0.029305163774832554,1,-1.2044432310566484,1.3792844807818925,1.0,0.18788510778390263,0,0,0,1,0
0.2644100362415433,0,-0.6215610007750038,0.9748354585602979,1.0,1,1.080202056526309,0.4023532302146519,0,0,1.1488944324338128,1,-1.2044432310566484,-0.9363636801558256,1.0,1.467841626247989,0,0,0,1,0
2.8597684287473757,0,-1.3887344408315074,-0.1778034923575017,0.0,1,0.1772295341227355,-1.7560832860036888,0,0,-0.23700501810539065,1,0.032989905262550114,-1.0891146293991636,1.0,0.4347274613813417,1,0,0,0,0
2.611552623480789,1,1.0467247898839511,0.4780151666551859,2.0,1,-0.8095852938684521,0.4023532302146519,0,0,-0.029305163774832554,0,1.1559284904849312,0.5764538328718619,1.0,0.1076846250584071,1,0,0,0,0
-0.7173655961950319,0,0.4770129542461898,1.6438078552205404,1.0,1,1.080202056526309,0.4023532302146519,0,0,0.37966259780808814,1,-0.44635084339053166,0.05201462558812178,1.0,1.588087838647056,0,0,0,1,0
1.2469034248812962,0,-0.5938697090313941,-0.47617887079667454,1.0,1,0.8632128933792813,-0.16157578514658005,0,0,-1.63279625841943,1,-0.5096996798391253,0.43703076246361655,1.0,-0.29054094018948823,1,0,0,0,0
0.26353267434243305,1,0.5493789617577685,0.823517467168262,1.0,1,1.080202056526309,0.4023532302146519,0,0,-0.39308454139625965,1,0.8699977808808274,-1.0891146293991636,1.0,0.6791645167262446,1,0,0,0,0
0.2668272801540546,1,1.365371754938251,0.7251268783639105,1.0,1,1.080202056526309,0.4023532302146519,0,0,0.337581710469461,1,0.8981629164481222,1.5658847778839646,1.0,0.22401473436061858,0,0,0,1,0
-0.038547549682535084,0,0.37882020907146813,1.789814239444056,1.0,1,1.080202056526309,0.4023532302146519,0,0,1.3511394475481688,1,0.3247932197098495,0.11534786636597748,1.0,1.8017824802109184,0,0,0,1,0
0.840447021811179,1,-0.23120861308334537,0.13225048018110144,1.0,1,-0.611588493592892,-0.40221499969272423,0,0,0.32743055483476424,1,0.5916108192987704,-1.0891146293991636,1.0,0.27353694221967806,1,0,0,0,0
-0.36149465368892225,1,0.4074491051526822,-0.44344562705085594,0.0,1,1.080202056526309,0.4023532302146519,0,0,-1.6605369868018272,1,-0.024257370285858674,-1.0891146293991636,2.0,-0.614606453232954,1,0,0,0,0
-1.1438755161020042,1,0.1943572102422592,-0.9425702236416286,0.0,1,-0.8095852938684521,0.4023532302146519,0,0,-0.029305163774832554,0,2.3361143512557208,0.5764538328718619,3.0,-1.091036274296377,0,0,0,1,0
-0.674446998654155,1,1.7925464220704317,-0.44344562705085594,1.0,1,-0.8095852938684521,0.4023532302146519,0,0,-1.6605369868018272,0,-0.024257370285858674,0.5764538328718619,2.0,-1.0298039332455637,0,0,0,1,0
-0.674446998654155,1,-0.5514644219442213,-1.0961470225926355,1.0,1,-0.8095852938684521,0.4023532302146519,0,0,-0.029305163774832554,0,2.3361143512557208,0.5764538328718619,1.0,-1.047740417197225,0,0,0,1,0
0.9534067012978621,1,-0.05746413656813374,0.6245267801530511,0.0,1,0.686483759945064,-0.7171188552547315,0,0,-1.2452433082092078,1,-0.43409343304056625,0.6442641216763021,1.0,0.7538035040447697,0,0,0,1,0
-0.20874449182546184,1,1.320739657549263,1.3317837227165936,1.0,1,-0.05880301615421992,0.26420445826081784,0,0,-0.05544891620248622,1,0.9903094680853838,-1.084784151397259,1.0,0.8340983798937527,0,0,0,1,0
-0.9873993436193877,1,1.5304327367358652,-1.019358623117132,0.0,1,1.080202056526309,1.6924986537655886,0,0,-0.029305163774832554,1,1.1559284904849312,-1.0891146293991636,1.0,-1.5080039364129747,1,0,0,0,0
0.08061281109111709,1,1.0076437363573796,1.3189092260837316,1.0,1,-0.43925500553569313,0.4023532302146519,0,0,0.8105704274107223,1,0.7602381354574222,-0.8764665071156349,1.0,0.970955310247295,0,0,0,1,0
-0.8224722060133303,0,-1.5464863706336944,-1.7989415225032586,1.0,1,-1.0189756220795418,-0.6069907517549997,0,0,-0.007112254822550147,0,1.244788224499946,1.7144718059716246,1.0,-1.662382072936327,0,0,0,1,0
-0.5179708261715386,0,-1.0841941592202764,-0.7122050252151181,1.0,1,-0.8095852938684521,0.4023532302146519,0,0,1.6019266592521622,1,-0.024257370285858674,-1.0891146293991636,1.0,-0.39100456424020125,0,0,0,1,0
-0.17795091993791773,1,1.6713397522453828,0.08161436664536748,1.0,1,-0.8095852938684521,0.11444437749502488,0,0,-1.2066777254492036,1,-0.5469262824454183,0.5764538328718619,1.0,-0.5025071498658291,1,0,0,0,0
-0.9835274972074781,0,-0.9010203663552784,-0.13161519328458696,0.0,1,1.0358090618781857,0.4023532302146519,0,0,-1.6234998682599995,1,0.006061604477342904,-0.5677650516129363,1.0,0.2609511151518571,0,0,0,1,0
-0.47322411750754706,0,0.2680870058812659,1.7195217930163829,1.0,1,1.080202056526309,0.4023532302146519,0,0,-0.3616409167755912,1,0.8353097580610521,0.4064392665170848,1.0,1.7916351924369827,0,0,0,1,0
0.7676403799929146,1,0.5381277097064987,0.05936719315512476,1.0,1,-0.8095852938684521,-1.0240521923900403,0,0,-0.029305163774832554,1,-1.2044432310566484,-1.0891146293991636,1.0,-0.12508536075625104,0,0,0,1,0
-0.9873993436193877,1,1.6860004746152202,0.9003513637704551,1.0,1,-0.8095852938684521,-2.1779376168872213,0,1,-0.029305163774832554,1,-0.024257370285858674,2.2420222951428874,1.0,0.26255059779268014,0,0,0,1,0
0.2644100362415433,0,-0.7871440577151481,0.7053307137965267,1.0,1,1.080202056526309,0.4023532302146519,0,0,0.9300336899701042,1,-1.2044432310566484,-0.31361429438653826,1.0,1.2363341366729226,0,0,0,1,0
-0.4737616131600248,0,0.6394315965469145,1.818105926981612,1.0,1,1.080202056526309,0.4023532302146519,0,0,1.4274859905613013,1,0.45746735380597997,0.2557602844408118,1.0,1.6794910371930512,0,0,0,1,0
-0.048542308723689476,0,-0.8711022643098535,-1.0961470225926355,1.0,1,1.080202056526309,0.4023532302146519,0,0,-0.029305163774832554,0,-0.024257370285858674,0.5764538328718619,1.0,-0.9482860898493157,0,0,0,1,0
2.0854956921638266,1,0.5149006931612619,1.2118889649753242,1.0,1,-0.6712075049231458,0.4023532302146519,0,0,0.009901493091621309,1,-1.049401034341329,-1.0891146293991636,1.0,1.107870988984635,1,0,0,0,0
0.9397273978232594,1,-0.002049589296678165,0.6601393585140022,0.0,1,0.27985821576062403,-0.6463479280458445,0,0,-1.0389234760009303,1,1.0712796596211462,-0.4001305825907444,1.0,0.7665767124945655,0,0,0,1,0
-0.5179708261715386,1,-0.8711022643098535,-0.6354166257396147,1.0,1,-0.8095852938684521,-2.1779376168872213,0,0,1.6019266592521622,0,-0.024257370285858674,-1.0891146293991636,0.0,-0.3772338780920976,0,0,0,1,0
-0.0787138878256151,1,0.2921344262219066,-0.15444327101686128,1.0,1,0.5941411908553744,0.32185718680303815,0,0,-0.03799962939156653,1,-0.024257370285858674,-1.0498671741542092,1.0,-0.2613579853434098,0,0,0,1,0
-0.39049704283005776,0,-0.9582355401387256,-0.745209946318281,1.0,1,-1.045931548845573,0.8801740695718241,0,0,0.8821831356734303,1,0.21900371952207728,-0.6377056024806212,1.0,-0.48081305177369504,0,0,0,1,0
-0.9211345011441044,0,0.359087899602761,1.5453037731617636,1.0,1,1.080202056526309,0.4023532302146519,0,0,0.6009865003245679,1,0.6185096154374581,0.4100085797317314,1.0,1.5494744420853515,0,0,0,1,0
-0.9873993436193877,1,1.0443701244451908,0.859445185120661,0.0,1,-0.8095852938684521,-1.9265979361981458,0,0,0.6800066322956417,1,-0.024257370285858674,1.47828420461082,1.0,0.4916542322170758,0,0,0,1,0
-0.30234697344283795,0,-0.02333746959822881,-1.2118003346946755,0.0,1,1.080202056526309,0.4023532302146519,0,0,-0.029305163774832554,1,-1.039443806234006,0.3690305988544775,2.0,-1.3309108944092694,0,0,0,1,0
0.9973987253819697,1,2.2720031856188823,1.6669463884518945,1.0,1,-0.6042825756962661,0.4023532302146519,0,1,-1.6362707822024778,1,-0.03898490964241738,-1.0100450977897713,1.0,0.7176977016768383,0,0,0,1,0
-0.5212170808458628,0,0.5837826481910577,-0.30055408746366447,2.0,1,-0.8095852938684521,0.4023532302146519,0,0,1.2972680165927024,1,-0.934472174847748,2.2420222951428874,1.0,-0.5219885319665979,0,0,0,1,0
-0.9873993436193877,1,0.1943572102422592,-1.2881180212813943,1.0,1,-0.8095852938684521,0.4023532302146519,0,0,-0.029305163774832554,1,-1.2044432310566484,2.2420222951428874,1.0,-1.470972073512755,0,0,0,1,0
0.2644100362415433,0,-0.6225092597073552,0.9320149835057794,1.0,1,1.080202056526309,0.4023532302146519,0,0,1.1283050243635664,1,-1.2044432310566484,-0.6708071100997957,1.0,1.4168248642753236,0,0,0,1,0
-0.14789826272707884,0,0.4534662998585876,1.800790949178081,1.0,1,1.080202056526309,0.4023532302146519,0,0,1.3394108907406046,1,0.24840214931387763,0.23084171467677497,1.0,1.7693435611957469,0,0,0,1,0
-0.6514271630155476,0,-1.8512077803555986,-1.7104542183966633,1.0,1,1.080202056526309,-2.1779376168872213,0,0,-1.1341890456975297,0,-1.2044432310566484,-0.2918469801531183,2.0,-1.461796737205981,0,0,0,1,0
2.077754190006421,1,0.5589254786497555,1.203558037939428,1.0,1,0.20174196584470566,0.2938790931479127,0,0,-0.20482570793253704,1,-0.3857105334924069,-0.9768386593574738,1.0,1.07640256822572,1,0,0,0,0
-1.2580352113554563,0,1.241362926695131,-1.5136948102992116,1.0,1,1.080202056526309,0.7718908740277701,0,0,0.21235530587932477,0,1.6967333187669555,1.0317086573697882,1.0,-1.9282178189702879,0,0,0,1,0
0.9072479516533875,1,1.4932375464792518,1.4405852827218342,1.0,1,0.07398100223391735,0.4023532302146519,0,0,1.0477808966516615,1,-0.030840447017238107,-0.572132172121011,1.0,0.8589122954508337,0,0,0,1,0
-0.048542308723689476,1,-0.44491847448900984,-0.7505992249528699,0.0,1,1.080202056526309,-2.1779376168872213,0,0,-0.029305163774832554,1,-0.024257370285858674,-1.0891146293991636,1.0,-0.671802265690237,0,0,0,1,0
-0.5179708261715386,1,-0.8711022643098535,-0.6354166257396147,1.0,1,-0.8095852938684521,-2.1779376168872213,0,0,1.6019266592521622,0,-0.024257370285858674,-1.0891146293991636,0.0,-0.3772338780920976,0,0,0,1,0
-0.5313705067259148,1,-0.60739038976346,0.5574139109824596,0.0,1,0.7060090428493427,-1.7352667895946947,0,0,-1.4502026930770806,1,-0.9282950820524737,0.27661819829383194,1.0,0.9575548229175529,0,0,0,1,0
-0.9873993436193877,0,-2.1496536337723913,-1.4033006204946494,1.0,1,1.080202056526309,0.4023532302146519,0,0,-0.029305163774832554,1,-1.2044432310566484,0.5764538328718619,2.0,-0.9330580308691228,0,0,0,1,0
-0.5217304791677785,1,0.9683709001253878,0.7321518650899269,1.0,1,-0.8095852938684521,0.4023532302146519,0,0,-1.61930760247482,1,-1.2020474537592838,-0.7966624598143811,1.0,0.39629746625370815,0,0,0,1,0
-0.9381730350895642,0,0.46713614491709277,1.8047146828144798,1.0,1,1.080202056526309,0.4023532302146519,0,0,1.4776137444829212,1,0.6089772542400123,-0.0475513915179779,1.0,1.7654829801927423,0,0,0,1,0
-0.048542308723689476,1,-0.018734684668163807,-0.059503629673338505,2.0,1,-0.8095852938684521,0.4023532302146519,0,0,1.6019266592521622,1,-1.2044432310566484,0.5764538328718619,2.0,-0.03516240614733181,0,0,0,1,0
-1.0793089095266748,1,0.22835602207521655,0.4146787893649993,0.0,1,-0.8095852938684521,0.4023532302146519,0,0,-0.029305163774832554,1,-1.2044432310566484,0.46273048383645854,1.0,0.38607616666328565,0,0,0,1,0
-0.4260030511280883,1,-0.3942878402582924,0.2958940847265481,0.0,1,-0.8095852938684521,0.3715161743009373,0,0,-0.029305163774832554,1,-1.2044432310566484,1.2313886636060745,1.0,0.5391639038654115,0,0,0,1,0
0.2606873116220095,0,-0.9298730089261489,0.708357443744453,1.0,1,1.080202056526309,0.4023532302146519,0,0,-1.2730264486190035,1,-1.1056911791566526,-0.18344345678620846,1.0,1.3225080072426245,0,0,0,1,0
-0.40908030955026564,0,0.5723396134343679,1.8168401470046573,1.0,1,1.080202056526309,0.4023532302146519,0,0,-0.09571750498573059,1,0.48694131549286973,0.4287762051646014,1.0,1.7168774866800587,0,0,0,1,0
-0.8941999446223264,0,-0.9830287821115553,-1.685246007434246,0.0,1,0.8847262325761754,-0.0808384845407629,1,0,1.3402085631020648,0,1.096526195554755,0.9983606456181977,1.0,-1.6518600213455505,0,0,0,1,0
5.741076073133116,0,-0.5514644219442213,-0.7889934246906216,2.0,1,1.080202056526309,0.4023532302146519,0,0,-0.029305163774832554,0,-0.024257370285858674,0.5764538328718619,3.0,-0.6807567809472967,0,0,0,1,0
-0.13435462409401855,1,-0.33595393402656526,-0.44344562705085594,1.0,1,-0.8095852938684521,0.4023532302146519,0,0,-0.029305163774832554,1,-1.0520068847219108,2.2148368867017,1.0,-0.3507261023112824,0,0,0,1,0
-0.968506567030009,0,1.1274439996760197,2.534703026515357,1.0,1,1.080202056526309,0.4023532302146519,0,0,0.2393880796505282,1,1.1554930019023066,0.47874492460119433,1.0,2.1233122457779436,0,0,0,1,0
-0.20501848120630586,1,-0.12319233155325227,-0.44344562705085594,1.0,1,0.3639027285947302,0.4023532302146519,0,0,1.3157417169884829,1,-0.31387616070487123,2.2420222951428874,1.0,-0.4295959479385164,0,0,0,1,0
2.2535601770281595,1,0.7300489248575716,1.1803172609541726,1.0,1,-0.33263698280112175,0.1996042966127752,0,0,-0.22606271503652567,1,-0.1193945128943136,-1.0891146293991636,1.0,0.965853112501878,1,0,0,0,0
-0.20501848120630586,1,0.08781126278704769,-1.4033006204946494,0.0,1,-0.8095852938684521,0.4023532302146519,0,0,1.6019266592521622,1,-1.2044432310566484,2.2420222951428874,3.0,-1.572857968728747,0,0,0,1,0
-0.38699119418558486,0,-1.531207681768618,-0.881230383132005,1.0,1,0.20929355609688294,-1.415484894186242,0,0,-0.06551687901420894,0,0.2880386914478646,-1.0891146293991636,1.0,-0.4364300608433184,0,0,0,1,0
-0.20501848120630586,1,0.5535875266822509,0.7656418585125767,1.0,1,0.5900535808164707,0.4023532302146519,0,0,0.1028327700494695,1,-0.43704507787835395,0.19180745219499118,1.0,0.6159763538550455,0,0,0,1,0
-0.20501848120630586,0,-0.7607526265304916,-0.1324103755553552,0.0,1,1.0378424730672102,-1.3644931864658145,0,0,1.3398186986963618,1,0.08369895114228862,0.3924368324547722,1.0,0.19613290766029604,0,0,0,1,0
-0.5179708261715386,1,-0.44491847448900984,-0.9425702236416286,2.0,1,-0.8095852938684521,0.4023532302146519,0,1,-0.029305163774832554,1,-0.024257370285858674,0.5764538328718619,1.0,-0.898411930937921,0,0,0,1,0
-0.8560861044337011,0,-0.8196299170942428,-0.6363531754538178,0.0,1,-0.3295830864428833,0.08280743141870861,0,0,0.5062788119114435,1,-0.2419910399253224,-1.0489944162799791,1.0,-0.3981668379821547,0,0,0,1,0
-0.9873993436193877,1,0.8500729346658681,-1.369909031405928,1.0,1,-0.7095550698373563,0.4023532302146519,0,0,-0.029305163774832554,0,-0.5902650676246433,0.5764538328718619,1.0,-1.7067077113490894,0,0,0,1,0
-0.9040247705401652,0,0.5236907338263176,2.149897620374138,1.0,1,1.080202056526309,0.4023532302146519,0,0,0.577607685836945,1,0.3590728982217977,0.361254059704134,1.0,2.0985971266659926,0,0,0,1,0
-0.29535624396100474,0,-0.0175626792461559,-1.3966421064051298,0.0,1,0.4649458786456366,0.4023532302146519,0,0,0.7102692450764381,1,0.3553187269986857,2.2263942662613987,2.0,-1.5404465202518869,0,0,0,1,0
0.9562844545859901,1,1.252315850093527,1.3663769734687075,1.0,1,-0.8095852938684521,0.4023532302146519,0,0,-0.054877985064426656,1,-0.2682466347698902,-1.0891146293991636,1.0,0.900221484097383,0,0,0,1,0
-0.3181556046725843,1,1.5789217974227316,1.3528840230664698,1.0,1,1.080202056526309,-0.5365965470097901,0,0,-0.7543322472283488,1,-0.7927483755712269,-1.0891146293991636,1.0,0.7359317897927112,0,0,0,1,0
0.9468597382411893,1,0.6048787457871883,0.9631436568561578,1.0,1,-2.201950377041706,0.6853427584342792,0,0,-0.05902294512673845,1,-0.634856030002146,-1.0891146293991636,1.0,0.8000777842065631,1,0,0,0,0
1.1710231216069562,0,-0.5498662327323921,-0.4891067737613715,1.0,1,-0.1056508445705058,0.2086353145776319,0,0,-1.613984893036283,1,-0.40665765233522766,-0.5844057461194861,1.0,-0.3230711477309666,1,0,0,0,0
0.1293847128160515,1,0.7488755937729082,1.0565365110748461,1.0,1,-1.519453675446638,0.4023532302146519,0,0,0.10399746957111058,1,0.6117707541724567,-0.49472654340542727,1.0,0.8283139102480434,0,0,0,1,0
-0.674446998654155,0,-0.44491847448900984,-1.019358623117132,1.0,0,1.080202056526309,0.4023532302146519,0,0,-0.029305163774832554,1,-0.024257370285858674,-1.0891146293991636,1.0,-0.9890557970369946,0,0,0,0,1
-0.9467031771562812,1,1.0664144809736726,0.6984713596481787,0.0,1,-0.8095852938684521,0.4023532302146519,0,0,1.6019266592521622,1,0.900840758166211,-1.0891146293991636,1.0,0.32073523499889106,0,0,0,1,0
0.2644100362415433,0,-0.8223468387543497,0.9311863982812391,1.0,1,1.080202056526309,0.4023532302146519,0,0,1.1204310683538148,1,-1.2044432310566484,-0.6401156800455274,1.0,1.5348292883234496,0,0,0,1,0
-0.674446998654155,0,-1.0841941592202764,-0.8273876244283733,1.0,0,1.080202056526309,0.4023532302146519,1,0,-0.029305163774832554,0,-1.2044432310566484,-1.0891146293991636,1.0,-0.5373590002300102,0,0,0,1,0
-0.44394539144580725,1,-0.0781553595639346,-0.23952355062712802,0.0,1,-0.8095852938684521,-0.053433215453693346,0,0,-0.029305163774832554,1,1.896512820906513,1.174079783956253,1.0,-0.2148984259105995,0,0,0,1,0
-0.9751541442655882,0,-0.8391491346680359,-0.15921044843309975,0.0,1,-0.16629223085732336,0.4023532302146519,0,0,-0.591680490922504,1,-0.016132970820312686,-0.17548537067347758,1.0,0.19852124706404642,0,0,0,1,0
1.3754817735243317,1,1.460027174657462,0.05022123404719527,0.0,1,0.729557683022612,-0.1033128178190202,0,0,-0.2590478537299546,0,1.1559284904849312,-0.22954139511648372,1.0,-0.4631795054384757,1,0,0,0,0
-0.20501848120630586,0,-2.1496536337723913,-1.2113296218058909,1.0,1,1.080202056526309,0.4023532302146519,0,0,-0.029305163774832554,1,-0.024257370285858674,-1.0891146293991636,1.0,-0.6555266559551148,0,0,1,0,0
-0.8513979218299494,0,0.5861692774140546,-0.2518666715356193,2.0,1,-0.8095852938684521,-0.03805210171411938,0,0,1.2457113035941112,1,1.1039908711241302,1.2580011164962408,1.0,-0.4714860982897057,0,0,0,1,0
0.25014394712013077,0,-1.001791523458417,0.6049374451396544,1.0,1,1.080202056526309,0.4023532302146519,0,0,-1.610782784967681,1,-1.126763397700715,0.562251530594077,1.0,1.2346932526489596,0,0,0,1,0
-0.24341053602960555,1,0.3460466756342443,0.3244383677041789,0.0,1,-0.8095852938684521,0.4023532302146519,0,0,0.43926291492602554,1,1.9456840846096677,0.972637606286884,1.0,0.2364856392707527,0,0,0,1,0
-0.5179708261715386,0,-0.7645563168546443,-1.3649064207568977,0.0,1,-0.8095852938684521,-2.1779376168872213,0,0,-1.6605369868018272,0,-0.024257370285858674,0.5764538328718619,1.0,-1.311087330358676,0,0,0,1,0
-0.1550032198148245,1,1.5399259806541241,1.3322106662176776,1.0,1,1.080202056526309,0.00936977361934259,0,0,0.9964395062537102,1,-0.0533088254345924,-1.0891146293991636,1.0,0.7338422053602485,0,0,0,1,0
0.1079338637589269,1,2.0056383169808525,-0.44344562705085594,0.0,0,1.080202056526309,0.4023532302146519,1,0,-0.029305163774832554,0,2.3361143512557208,-1.0891146293991636,2.0,-1.0861932566342214,0,0,0,1,0
-0.048542308723689476,1,-0.018734684668163807,-0.7122050252151181,1.0,1,1.080202056526309,0.4023532302146519,0,0,-0.029305163774832554,0,-1.2044432310566484,-1.0891146293991636,1.0,-0.769804280919706,0,0,1,0,0
-0.6978364310121665,1,0.8875664535753551,0.6771779364736219,0.0,1,-0.8095852938684521,0.4023532302146519,0,0,0.217940643641369,1,0.6909151981816067,-1.0891146293991636,1.0,0.37513078751273504,0,0,0,1,0
0.846808717079632,1,2.313119266741849,1.6679137303142868,1.0,1,-0.7313934524585184,0.4023532302146519,0,0,-1.4644417156602834,1,0.04118393569388162,-1.0891146293991636,1.0,0.7007677263780417,0,0,0,1,0
1.829171761067707,0,-0.7645563168546443,-0.2514746283620972,1.0,0,1.080202056526309,0.4023532302146519,0,0,-1.6605369868018272,1,-1.2044432310566484,-1.0891146293991636,1.0,0.05207441552103494,1,0,0,0,0
-0.16512738465062274,1,1.5531376781385695,1.363485621469057,1.0,1,1.080202056526309,-0.5258483454861871,0,0,-0.6955051339945264,1,-0.10358592328928881,-1.0891146293991636,1.0,0.7576851484946513,0,0,0,1,0
-0.20501848120630586,0,-0.9152762141247863,-0.22784971740846519,0.0,1,-0.8095852938684521,-2.1779376168872213,0,0,-0.029305163774832554,1,-1.1735908122843786,-1.0891146293991636,1.0,0.1476366513375871,0,0,0,1,0
0.3745238835792854,1,1.0773141313983408,-0.029939596750672853,1.0,1,0.8385379399451772,0.4691879237362849,0,0,0.1532508832355874,1,-0.20870979865158612,-0.8333516019012872,1.0,-0.4128000331372008,1,0,0,0,0
0.306912250687444,1,-0.4347433365070367,0.1324673690154202,1.0,1,-0.8095852938684521,0.4023532302146519,0,0,1.6019266592521622,1,-0.41457079853169576,-0.24755951474133167,1.0,0.36591296413290886,1,0,0,0,0
-0.9873993436193877,0,-2.1496536337723913,-1.0961470225926355,0.0,1,-0.8095852938684521,0.4023532302146519,0,0,-1.6605369868018272,0,-1.2044432310566484,-1.0891146293991636,1.0,-0.48900783100670975,0,0,0,1,0
0.2644100362415433,0,-0.5229740355946971,0.9740357841681602,1.0,1,1.080202056526309,0.4023532302146519,0,0,1.299360887021646,1,-1.2044432310566484,-0.9198962047693521,1.0,1.4090903080129522,0,0,0,1,0
0.7338385536893924,0,-0.018734684668163807,-0.3282630278376007,2.0,1,1.080202056526309,0.4023532302146519,0,0,-1.6605369868018272,1,1.1559284904849312,0.5764538328718619,1.0,-0.3376620016418387,1,0,0,0,0
-0.9873993436193877,1,1.5794545271600087,-1.019358623117132,1.0,1,1.080202056526309,1.6924986537655886,1,0,-0.029305163774832554,1,1.1559284904849312,-1.0891146293991636,1.0,-1.5189350750630475,1,0,0,0,0
-0.36149465368892225,0,0.3009031576974707,-0.289868828099849,1.0,1,-0.8095852938684521,-2.1779376168872213,0,0,-0.029305163774832554,1,-0.024257370285858674,-1.0891146293991636,1.0,-0.4118231555336158,0,0,0,1,0
0.2644100362415433,1,0.5139950526078937,-0.2514746283620972,1.0,1,1.080202056526309,-2.1779376168872213,1,1,-0.029305163774832554,1,1.1559284904849312,-1.0891146293991636,2.0,-0.4459621483669861,0,0,0,1,0
1.0779704972596837,1,1.5671484702289316,1.4792538474109116,1.0,1,0.1281082915239242,0.4023532302146519,0,1,-0.5804706658346624,1,-0.03326100821767902,-0.7266336338181958,1.0,0.8615003405303552,0,0,0,1,0
-0.2261399479203545,0,-0.7419898851836298,-0.17468622888659374,1.0,1,0.3012109230327339,-1.5559546377570441,0,0,-0.1734016580937451,1,-1.2044432310566484,-0.874787614105666,1.0,0.13608820058201726,0,0,0,1,0
0.1079338637589269,0,-1.5103779490411224,-1.5952716191834082,1.0,1,-0.8095852938684521,0.4023532302146519,0,0,-1.6605369868018272,0,-1.2044432310566484,-1.0891146293991636,1.0,-1.3990315671522575,0,0,0,1,0
-0.5196895604500877,0,1.1249295153160754,2.6615736648011787,1.0,1,1.080202056526309,0.4023532302146519,0,0,0.6511175167098335,1,-0.08005065685379771,-0.13314828593101044,1.0,2.2511751900986625,0,0,0,1,0
0.15462635362773977,1,1.3373714799470229,1.3225368252575536,1.0,1,1.080202056526309,0.4023532302146519,0,0,1.6019266592521622,1,0.10581681435899386,-0.42896323824111815,1.0,0.8173323004749016,0,0,0,1,0
-0.23063128349912307,0,-1.0320612271304435,-0.17468622888659374,1.0,1,-2.682818107073755,-2.1779376168872213,0,0,-0.029305163774832554,1,-1.2044432310566484,-0.11323808053302256,1.0,0.26762741458287154,0,0,0,1,0
-0.8177295697015549,1,1.5914196370592288,-0.9707982152018196,1.0,1,1.080202056526309,1.6855163867333307,0,0,0.8654695344146958,1,0.31324746143392873,-0.6442812667696672,1.0,-1.4754939538339011,1,0,0,0,0
0.11699039166987558,1,0.6630208693134976,1.01820877169684,1.0,1,-1.9197106362602483,0.4023532302146519,0,0,-0.025235240376379982,1,0.6753509070497616,-1.0860050130801038,1.0,0.8297897891433833,0,0,0,1,0
0.19256634878873724,0,-0.3521276088502654,0.6989721735895582,1.0,1,1.080202056526309,0.4023532302146519,0,0,-0.9883895453553769,1,-1.0345495754693894,0.16518667146251342,1.0,0.9898982236129047,0,0,0,1,0
-1.1438755161020042,1,1.0467247898839511,-0.7122050252151181,1.0,0,-0.8095852938684521,0.4023532302146519,0,0,-1.6605369868018272,1,1.1559284904849312,0.5764538328718619,1.0,-1.087242128043572,0,0,0,1,0
-0.20501848120630586,1,-0.315987223473457,-0.21539433185994042,0.0,1,-0.8095852938684521,-0.3771719868761772,0,0,-1.0067882090872984,1,-0.2736790302870182,1.4831176842883305,1.0,-0.09293014330755076,0,0,0,1,0
-0.42024331969517537,1,0.9417876862353135,0.7590870471565485,1.0,1,0.11787698280888691,0.4023532302146519,0,0,1.0383637953373266,1,-1.07172661026953,0.1706197557864415,1.0,0.4350871662811877,0,0,0,1,0
-0.7438083481066967,1,0.7011217001234814,-1.1611476732588544,0.0,1,-0.12374744823788608,1.6924986537655886,0,0,0.5549564007423925,1,1.1559284904849312,0.47621825724392924,1.0,-1.4575695717162518,1,0,0,0,0
-0.959542985965515,1,1.6303834900435998,1.0836775244462615,1.0,1,-0.8095852938684521,-1.0754619072276983,0,0,0.2319676060875778,1,-0.024257370285858674,2.2420222951428874,1.0,0.45827310973274105,0,0,0,1,0
0.9718159665142695,1,0.876773349098143,1.3090260599466377,1.0,1,0.1336226910123765,0.4023532302146519,0,0,0.03749704184176873,1,-0.214575322379617,-0.2732292558818527,1.0,1.0255100541176296,1,0,0,0,0
-1.1437578460202975,1,1.28202086024404,-1.0791365107930242,0.0,1,0.2478849035792948,0.4642273145827314,0,0,-0.029305163774832554,1,1.1696729350194675,-0.1081047985323032,1.0,-1.5099011045415236,1,0,0,0,0
-0.6499328155683385,1,-0.8699409134825926,0.6466944776498366,0.0,1,0.6388252127554588,-1.867755693575411,0,0,-0.9864826353542584,1,-1.0093950940329208,0.34758307376581343,1.0,1.211216469278288,0,0,0,1,0
-0.4843883794618368,1,2.4362544182158348,1.2290252561732764,1.0,1,-0.8095852938684521,0.4023532302146519,0,0,1.6019266592521622,1,-0.340327666402327,0.5764538328718619,1.0,0.2650332672305461,0,0,0,1,0
-0.5179708261715386,0,-0.5514644219442213,0.05567896953991672,0.0,1,1.080202056526309,-2.1779376168872213,0,0,1.6019266592521622,1,1.1559284904849312,0.5764538328718619,1.0,0.3284482187400049,0,0,0,1,0
1.1693937352228947,1,-0.3068455811817996,0.1324673690154202,1.0,1,0.9842802301949716,-1.1689032698192219,0,0,0.31487985718839406,1,1.147335557232659,-1.0891146293991636,1.0,0.3076542141508557,1,0,0,0,0
1.2410696802187997,1,0.5988162813769886,0.05207064425436309,1.0,1,-0.8095852938684521,-1.1515237208185674,0,0,-0.26574569159530337,1,0.07437312247047774,-0.7250646683267365,1.0,-0.15594822254403867,0,0,0,1,0
-0.20501848120630586,1,0.5139950526078937,1.2842933611479725,1.0,1,-0.8095852938684521,0.4023532302146519,0,1,-0.029305163774832554,1,1.1559284904849312,0.5764538328718619,1.0,1.1852426674541223,0,0,0,1,0
-0.674446998654155,1,2.1121842644360638,0.17086156875317193,1.0,1,1.080202056526309,1.6924986537655886,0,0,1.6019266592521622,1,1.1559284904849312,-1.0891146293991636,1.0,-0.5601973194195549,0,0,0,0,1
0.1079338637589269,1,0.9401788424287397,-0.5586282262641111,1.0,1,-0.8095852938684521,0.4023532302146519,0,0,-0.029305163774832554,1,-0.024257370285858674,0.5764538328718619,1.0,-0.9019623211240682,0,0,0,1,0
0.05783128866320056,1,-0.018734684668163807,-0.07149974380459986,1.0,1,-0.8095852938684521,0.4023532302146519,0,0,0.004011114978671143,1,-1.2044432310566484,0.5764538328718619,1.0,-0.048664518806456475,0,0,0,1,0
2.417455667229039,1,0.9668899114557616,0.58475484295191,1.0,1,-0.17913333590325553,-0.7412639268564871,0,0,0.7930575225587043,1,2.3349117418635954,0.5764538328718619,1.0,0.24771445043927812,1,0,0,0,0
-0.9873993436193877,1,1.084303545551405,0.8332015977739154,0.0,1,-0.8095852938684521,-1.2625200921883484,0,0,0.8355038058256898,1,-0.024257370285858674,-0.014156743849443817,1.0,0.4479713868112194,0,0,0,1,0
2.0546608105667463,0,-1.8908215636194474,-0.3972665809800781,1.0,1,-0.8095852938684521,0.39467170436282967,0,0,-0.6760086512457079,1,0.37211631235503656,-1.0891146293991636,1.0,0.387613598267324,1,0,0,0,0
1.3990211100555823,0,0.3049412491060222,-0.4081030367024605,1.0,1,-0.7835402446053116,-0.08023598662796404,0,0,-1.5861756529173188,1,-0.5514404933628666,-0.2892853358581454,1.0,-0.5417127908836328,1,0,0,0,0
0.25916871036806566,0,-0.7567784626904126,0.7003386615524244,1.0,1,1.080202056526309,0.4023532302146519,0,0,0.6820701405517711,1,-1.0519891819339993,0.04969448872017828,1.0,1.2129594357982774,0,0,0,1,0
-1.1438755161020042,0,0.5139950526078937,-1.1345412223303872,0.0,1,1.080202056526309,0.4023532302146519,0,0,-0.029305163774832554,1,-1.2044432310566484,0.5764538328718619,2.0,-1.3839049174641236,0,0,0,1,0
2.4550764509981726,0,-1.5103779490411224,-0.2514746283620972,0.0,1,-0.8095852938684521,-2.1779376168872213,0,0,-0.029305163774832554,1,1.1559284904849312,-1.0891146293991636,1.0,0.39712193173647764,0,0,0,1,0
-1.033766363049437,1,1.9349344262495756,-1.019358623117132,0.0,1,1.080202056526309,1.2110357338777324,0,0,-0.029305163774832554,1,1.1695230514151496,-0.3288459179740068,1.0,-1.595820197971498,1,0,0,0,0
0.2644100362415433,0,-0.7225239405835625,0.9744790452041324,1.0,1,1.080202056526309,0.4023532302146519,0,0,1.0845064499152914,1,-1.2044432310566484,-0.8364312379880263,1.0,1.5276199670671742,0,0,0,1,0
-0.9873993436193877,1,1.1717884230068787,0.8580150011804298,0.0,1,-0.8095852938684521,-1.9170973052991165,0,0,0.5627178017563546,1,-0.024257370285858674,1.3688313731126796,1.0,0.43497250424530487,0,0,0,1,0
0.2644100362415433,0,-0.8423242039022025,0.8996868369613941,1.0,1,1.080202056526309,0.4023532302146519,0,0,1.0933558825552132,1,-1.2044432310566484,-0.337315333604655,1.0,1.508040863859565,0,0,0,1,0
1.359743243619858,0,-0.7645563168546443,-0.9425702236416286,0.0,1,-0.8095852938684521,0.4023532302146519,0,0,-0.029305163774832554,1,-0.024257370285858674,0.5764538328718619,1.0,-0.7940259784732685,0,0,0,1,0
0.9850554154680239,1,0.5650944890074133,1.2384482678265134,1.0,1,0.9054760976835099,0.4023532302146519,0,0,0.4347705024854093,1,-0.44011710167394036,1.6895832164399092,1.0,1.1101017027799562,1,0,0,0,0
0.2644100362415433,1,-0.018734684668163807,-0.5586282262641111,1.0,1,-0.8095852938684521,0.4023532302146519,0,0,-0.029305163774832554,0,-1.2044432310566484,-1.0891146293991636,3.0,-0.5969473692085592,0,0,0,1,0
2.141797383784796,1,0.6281057623324251,1.2331650339716003,1.0,1,0.34549431001453484,0.3921391488963992,0,0,-0.36146311250688135,1,-0.44681819699139685,-0.751320689565977,1.0,1.07224330240891,1,0,0,0,0
-0.042142433269150376,1,-1.0498224365712259,0.5012638912397873,0.0,1,1.080202056526309,-1.838847405069905,0,0,-1.6605369868018272,1,-0.16213730421384923,1.2143582260793533,1.0,1.1313293590021807,0,0,0,1,0
-0.5907938979879134,0,0.6031953198173972,-0.2718422521983777,1.0,1,0.8075057418643452,-2.1779376168872213,0,0,1.0536060254916908,1,2.0560692285392808,0.21558510756237245,1.0,-0.4983821190999608,0,0,0,1,0
0.9676055056651074,1,0.580277286519781,1.2503959668719056,1.0,1,0.36205829614074475,0.4023532302146519,0,0,0.2883707088323823,1,0.06652960723979516,0.7280122350962137,1.0,1.1148858610138015,1,0,0,0,0
-0.4389592782096487,1,1.2583996236932182,0.7482515128949597,0.0,1,-0.8095852938684521,0.4023532302146519,0,0,1.1374366601088715,1,-1.2044432310566484,-0.05378894540918289,1.0,0.2902354392313437,0,0,0,1,0
2.8208055488468595,0,-0.5899275089755515,0.0034575211028106574,0.0,1,0.7333504862348549,-0.5346277850934512,0,0,-0.48268484297148656,1,-1.2044432310566484,-1.0891146293991636,1.0,0.28350299215218683,1,0,0,0,0
0.6687357032709648,0,-1.3126286705642511,-0.807317286880662,1.0,0,-0.8095852938684521,-0.52181277060132,0,0,-0.07722749227171945,1,0.9945475155114119,1.5453200040803043,1.0,-0.4244372503571259,0,0,0,1,0
-0.5179708261715386,1,-0.27429579423423456,-0.44344562705085594,1.0,1,-0.8095852938684521,0.4023532302146519,0,0,-1.3929138314523726,1,-0.024257370285858674,-1.0891146293991636,1.0,-0.3738728660529515,0,0,0,1,0
-0.7058902596098465,1,0.44689241490060244,-1.2141120878550853,1.0,1,-0.8095852938684521,0.775540695430996,0,0,1.3527788355303112,1,0.7792650919047689,2.2420222951428874,1.0,-1.4522105517442876,0,0,0,1,0
-0.9051672030754611,1,1.6501264541070493,-1.0478328366802414,0.0,1,0.3096355950407939,0.7947161268612336,0,0,0.030665442966931546,1,1.2015462145613045,0.7761171834235256,1.0,-1.5614205151553469,1,0,0,0,0
0.26428250816097004,0,-1.4193557461301358,0.5932024499608093,1.0,1,1.080202056526309,0.4023532302146519,0,0,-1.6596495966901004,1,-1.2029125299952286,0.5764538328718619,1.0,1.4692751772463817,0,0,0,1,0
-0.5179708261715386,0,-1.830015791406757,-0.8273876244283733,0.0,0,-0.8095852938684521,0.4023532302146519,0,0,-1.6605369868018272,1,-1.2044432310566484,0.5764538328718619,1.0,-0.2405633660510097,0,0,0,1,0
0.7338385536893924,1,-0.8711022643098535,0.09407316927766846,1.0,1,-2.6993726442632133,0.4023532302146519,0,0,-1.6605369868018272,1,-1.2044432310566484,-1.0891146293991636,1.0,0.5269321238568309,0,0,0,1,0
-0.7004718027091188,0,-0.02444554745176175,-1.415738575076493,1.0,1,-2.188283434923651,1.3457230456601796,0,0,-0.23008533271211037,0,1.1559284904849312,0.5764538328718619,2.0,-1.5603054738127553,0,0,0,1,0
-0.8929665994308187,0,-0.2135113312110357,0.15826331838742305,1.0,1,-1.7083152436703897,0.4023532302146519,0,0,-1.034419644937553,1,-1.0505269316525043,0.5764538328718619,1.0,0.2955936274363903,0,0,0,1,0
2.2270808096921346,0,-1.9658831836016435,-0.2574940326027822,1.0,1,-0.8095852938684521,0.4023532302146519,0,0,-1.505351378549977,1,-1.2044432310566484,-1.0891146293991636,1.0,0.6232397630059853,1,0,0,0,0
-1.0732914618376832,0,-1.0841941592202764,-0.8273876244283733,1.0,1,1.080202056526309,-0.3075841230206867,1,0,-0.029305163774832554,1,-0.6384355337178638,1.7767324206597785,1.0,-0.5373590002300102,0,0,0,1,0
-0.9873993436193877,1,-0.018734684668163807,-1.019358623117132,0.0,1,-0.8095852938684521,0.4023532302146519,0,0,-0.029305163774832554,0,1.1559284904849312,0.5764538328718619,1.0,-1.1155181043419997,0,0,0,1,0
0.2644100362415433,0,-0.6306067517139522,0.9720782175003307,1.0,1,1.080202056526309,0.4023532302146519,0,0,0.9877499343324456,1,-1.2044432310566484,-0.8583284665615035,1.0,1.46986970925124,0,0,0,1,0
-0.20501848120630586,1,-0.498606977411691,0.316397816000899,0.0,1,-0.8095852938684521,0.4023532302146519,0,0,-0.8602334484110844,1,-0.43222873938054834,0.5764538328718619,1.0,0.613921675410939,0,0,0,1,0
-0.12658495622556665,0,-1.0841941592202764,-1.5952716191834082,0.0,0,0.30810864686167466,0.4023532302146519,0,0,0.09148429025667017,0,0.7781923029573282,-1.0891146293991636,2.0,-1.5130552401620696,0,0,0,1,0
-0.642156888652987,0,0.3903697897756116,0.28184699083949555,1.0,1,-0.8159387589404795,0.4023532302146519,0,0,-1.606381721509154,1,-0.514278800978916,-0.22585549210947792,1.0,0.17178404511996218,0,0,0,1,0
-0.9873993436193877,0,-0.33837252703379833,-0.7889934246906216,1.0,1,1.080202056526309,0.4023532302146519,0,0,-0.029305163774832554,0,-1.2044432310566484,-1.0891146293991636,1.0,-0.7528402676042983,0,0,0,1,0
-0.9595346927283732,0,-0.6271972813953844,-0.16914191447346347,0.0,1,0.45447456693710003,0.4023532302146519,0,0,-1.3789977927701291,1,-0.1582698351481034,0.9973046752131178,1.0,0.0925117303398044,0,0,0,1,0
-0.0258071032428276,1,1.3193758694218372,1.317327193083538,1.0,1,-0.04720539118484758,0.4023532302146519,0,0,0.7709983746159107,1,1.1559284904849312,0.08972143000547547,1.0,0.8206257270570312,0,0,0,1,0
-0.36149465368892225,1,0.4074491051526822,-0.44344562705085594,0.0,1,1.080202056526309,0.4023532302146519,0,0,-1.6605369868018272,1,-0.024257370285858674,-1.0891146293991636,2.0,-0.614606453232954,1,0,0,0,0
3.080981140928638,1,-1.0841941592202764,-0.2514746283620972,0.0,0,-0.8095852938684521,0.4023532302146519,0,1,1.6019266592521622,1,-1.2044432310566484,-1.0891146293991636,1.0,0.19441317971903396,0,0,1,0,0
0.2644100362415433,0,-0.6459493681475015,0.971062191792671,1.0,1,1.080202056526309,0.4023532302146519,0,0,0.9778189949938572,1,-1.2044432310566484,-0.7553696864977578,1.0,1.47773383020125,0,0,0,1,0
-0.674446998654155,1,0.7270869475183167,-0.6354166257396147,1.0,1,-2.6993726442632133,-2.1779376168872213,0,0,-0.029305163774832554,1,-0.024257370285858674,0.5764538328718619,1.0,-0.9179098087393723,0,0,0,1,0
-0.4641402062664141,0,0.4768744445144976,2.2173592240609463,1.0,1,1.080202056526309,0.4023532302146519,0,0,0.5685576116827911,1,0.26784453118421575,0.11570096687997893,1.0,2.1997930039573497,0,0,0,1,0
-0.674446998654155,1,-1.0841941592202764,-1.4033006204946494,1.0,0,-0.8095852938684521,0.4023532302146519,0,0,-1.6605369868018272,0,-1.2044432310566484,-1.0891146293991636,1.0,-1.2691311801790548,0,0,0,1,0
-0.16641549650249957,1,-0.5198096209552774,0.2595630741001038,0.0,1,-2.002082687289255,0.4023532302146519,0,0,-0.10572511222000121,1,-1.0808695101329213,-0.7196415774135821,1.0,0.5566734744981865,1,0,0,0,0
1.118365134138416,1,1.8359106226847006,1.624751777247301,1.0,1,0.9976126799520071,0.4023532302146519,0,1,-1.211785112287101,1,-0.1400052787668147,2.0338645454336413,1.0,0.8740620080732076,1,0,0,0,0
0.024963312157054506,0,-0.40932147344422326,1.018497496078868,1.0,1,1.080202056526309,0.4023532302146519,0,0,1.0019987443065859,1,-0.8492497736556285,-0.640143994709386,1.0,1.3959378585510789,0,0,0,1,0
0.2644100362415433,0,-0.8415783822700159,0.8988046150398202,1.0,1,1.080202056526309,0.4023532302146519,0,0,1.0785247228202512,1,-1.2044432310566484,-0.29072771814647214,1.0,1.5065011036096017,0,0,0,1,0
2.5333473972357026,1,0.4937832863756397,0.8353926779645495,0.0,1,-0.2096552913994818,1.349736688072846,0,0,-1.6605369868018272,1,0.7176511286715082,-1.0891146293991636,1.0,0.7180373208151113,1,0,0,0,0
3.6608974837664623,1,0.44937493547630813,-0.06990089414492093,0.0,1,0.2020462216081198,0.4023532302146519,0,0,-1.4214065577051849,1,-0.834089106088167,-1.0891146293991636,1.0,-0.22902990664793446,1,0,0,0,0
-0.4212300584388511,1,-0.2392208683319782,-0.44344562705085594,1.0,1,-0.8095852938684521,0.4023532302146519,0,0,-0.09802732924713695,1,-0.030639815420907067,-0.8937384520693855,1.0,-0.38693351249458724,0,0,0,1,0
-0.731733238352386,0,-0.4359686149027702,-1.440166961448037,1.0,0,0.609106416883151,0.4023532302146519,0,0,-0.029305163774832554,0,0.055779294234033994,0.5764538328718619,2.0,-1.488041169698359,0,0,0,1,0
-1.1438755161020042,1,0.9401788424287397,-1.1345412223303872,0.0,1,-0.8095852938684521,1.6924986537655886,0,0,-0.029305163774832554,1,1.1559284904849312,0.5764538328718619,2.0,-1.4866309583918047,0,0,0,1,0
-0.18650312514495518,1,-0.25768528102596616,-0.44344562705085594,1.0,1,-0.8095852938684521,0.4023532302146519,0,0,-0.029305163774832554,1,-0.8095778259458184,2.085169050776976,1.0,-0.38006761082136203,0,0,0,1,0
-0.6231661579796347,0,0.8625494651128713,2.6134408914825453,1.0,1,1.080202056526309,0.4023532302146519,0,0,0.49196964635985074,1,1.1213844503401702,0.19066653779833564,1.0,2.3676952301850385,0,0,0,1,0
-0.047370615144139865,1,-0.896087288988101,0.5525520150754683,0.0,1,0.8364497249229911,-1.101347385005824,0,0,-1.6334830070169244,1,-0.9257210966901326,0.5347130216388877,1.0,1.1091305232552444,0,0,0,1,0
-0.674446998654155,1,1.0467247898839511,-0.059503629673338505,1.0,0,-0.8095852938684521,0.4023532302146519,0,0,1.6019266592521622,1,1.1559284904849312,0.5764538328718619,1.0,-0.43195971505216396,0,0,0,1,0
-0.5179708261715386,1,-0.8711022643098535,-0.6354166257396147,1.0,1,-0.8095852938684521,-2.1779376168872213,0,0,1.6019266592521622,0,-0.024257370285858674,-1.0891146293991636,0.0,-0.3772338780920976,0,0,0,1,0
1.949603021314263,0,-1.616923896496334,-0.9296036961119952,1.0,1,-0.06753194392569319,0.4023532302146519,0,0,1.5220876489059287,1,-1.2044432310566484,-0.47429668064721087,1.0,-0.46787103571737215,1,0,0,0,0
-0.18289243746491904,1,1.572070893001362,1.3479789336847734,1.0,1,1.080202056526309,-0.22964385769312765,0,0,-0.5295028275241841,1,-0.2960435523486247,-1.0891146293991636,1.0,0.7343574871478297,0,0,0,1,0
-0.36149465368892225,0,-0.23182657957858682,-1.326512221019146,0.0,1,1.080202056526309,0.4023532302146519,0,0,-0.029305163774832554,0,-1.2044432310566484,0.5764538328718619,2.0,-1.4074101257476563,0,0,0,1,0
-0.658638836852926,1,-0.88039307092795,0.6816469061404972,0.0,1,0.8362210606535933,-1.3683004056107133,0,0,-1.0476375163995404,1,-0.9563905866539831,0.8481363637321246,1.0,1.2605481090341755,0,0,0,1,0
-0.9873993436193877,1,0.4374844077403053,0.0005889752578039079,1.0,1,1.080202056526309,0.4023532302146519,0,0,-0.029305163774832554,1,1.2040989565781517,0.3438088956303073,1.0,-0.14908398780807844,0,0,0,1,0
-0.8255978175586703,1,0.01427324985346117,0.45101064466383783,0.0,1,-0.8095852938684521,-0.3823738532239346,0,0,-0.029305163774832554,1,-1.2044432310566484,0.7761171834235256,1.0,0.5240022865976914,0,0,0,1,0
-0.7310996663300036,1,1.1436922566629395,-0.059503629673338505,1.0,1,1.080202056526309,0.4023532302146519,0,0,0.34452586434008686,1,0.6932401643273253,-0.04303936655368557,1.0,-0.4648419281377492,0,0,0,1,0
-0.2081134234218395,0,0.2474490558591906,1.7811396459263074,1.0,1,1.080202056526309,0.4023532302146519,0,0,0.1102516123805959,1,0.29634129897838724,-0.10987363223923505,1.0,1.8713531912341752,0,0,0,1,0
0.6875938986262249,1,0.6513008150934256,1.0501647632631674,1.0,1,-0.19852066433095542,0.4023532302146519,0,0,0.239926386152127,1,-1.2044432310566484,1.3987716317904635,1.0,0.8689023653738999,1,0,0,0,0
2.138131303539701,0,-1.508087211170837,-0.2514746283620972,1.0,1,0.26584544255744696,-0.29030907579933996,0,0,-0.7350315122982933,1,-0.7805983621345916,-1.0891146293991636,1.0,0.39599052314135136,1,0,0,0,0
-0.20501848120630586,0,-0.7645563168546443,-0.136292029148842,1.0,0,1.080202056526309,-2.1779376168872213,0,1,1.6019266592521622,1,-0.024257370285858674,2.2420222951428874,1.0,0.19309114785341924,0,0,0,1,0
-0.358642406016909,1,-0.7923008815719795,-0.6354166257396147,1.0,1,-0.8095852938684521,-2.1779376168872213,0,0,1.5630658235321897,0,-0.2837601779097223,-1.0891146293991636,0.0,-0.4074430122168178,0,0,0,1,0
0.6385821189288748,1,1.1539100130238935,0.028295573585556625,0.0,1,1.080202056526309,0.4023532302146519,0,0,-1.3251018933373173,0,1.1559284904849312,-1.0891146293991636,1.0,-0.3811086590767576,1,0,0,0,0
-0.4869545886905519,0,0.4483734035702287,-0.2944623101564737,1.0,1,0.1553080008581562,-2.1779376168872213,0,0,-0.029305163774832554,1,1.2971754946737009,-1.0891146293991636,1.0,-0.46885885953684,0,0,0,1,0
-0.45216680602421666,1,0.11416007559272091,-0.44344562705085594,1.0,1,-0.8095852938684521,0.4023532302146519,0,0,-1.068983816035672,1,-0.11717576347606452,-0.8575789607534817,1.0,-0.5143461356668808,0,0,0,1,0
-0.9873993436193877,0,-1.2972860541306994,-1.480089019970153,0.0,1,-0.8095852938684521,0.4023532302146519,0,0,-0.029305163774832554,0,-0.024257370285858674,-1.0891146293991636,1.0,-1.307042787002244,0,0,0,1,0
0.2635879104313195,1,1.1703393981214862,0.7483925731847964,1.0,1,1.080202056526309,0.4023532302146519,0,0,1.3705706810240665,1,0.9356090336245185,0.043830022164522,1.0,0.32694385155440836,0,0,0,1,0
-0.3907427104208556,0,0.11460756857203384,-1.3376187799366837,0.0,1,0.8558842980344508,0.515297721173995,0,0,-1.2556978729629875,1,1.0997835085304821,-0.37714906894832884,2.0,-1.5062747936453247,0,0,0,1,0
2.482333191959092,1,0.6528137675472881,1.1681318634182034,1.0,1,-0.7214248241851857,0.19855540838342833,0,0,-0.4663578436548091,1,-0.5148936778123775,-1.0891146293991636,1.0,0.9916178664861633,1,0,0,0,0
0.19281498942681197,1,0.6547955221699553,1.0964739272768569,1.0,1,-0.39449350235424263,0.4023532302146519,0,0,0.24051362960841693,1,0.3475542842206748,0.058437057578638804,1.0,0.9156519691166317,0,0,0,1,0
-0.7964815137639677,0,-1.8271816692044496,-1.7104542183966633,1.0,1,1.080202056526309,-2.1779376168872213,0,0,-0.10289166254340315,0,-1.2044432310566484,0.42300167930590776,2.0,-1.4684129648069282,0,0,0,1,0
-1.1438755161020042,0,-1.830015791406757,-1.2113296218058909,0.0,1,-0.8095852938684521,0.4023532302146519,0,0,-1.6605369868018272,1,-1.2044432310566484,0.5764538328718619,1.0,-0.7740723528138084,0,0,0,1,0
1.6413250890496027,0,-0.13443292900977735,-1.4033006204946494,0.0,1,0.42402820293489,1.440848048029437,0,0,-0.6799382887073796,1,-0.9982742026668777,-0.927584468791195,2.0,-1.5197899050610006,0,0,0,1,0
-0.20501848120630586,1,0.4340855920164845,0.7094809348171791,1.0,1,-0.06531711315103061,0.4023532302146519,0,0,-0.004852998747657809,1,-0.04925960774628787,-0.4008684294195305,1.0,0.6116593141120631,0,0,0,1,0
-0.7097610106885494,0,-1.7123997200109489,-0.8378712374551662,1.0,1,0.5248578070152021,-0.02369665358626797,1,0,-0.06217774747247247,0,-0.6789796387787835,0.4246139495773861,1.0,-0.3044272754237821,0,0,0,1,0
4.176314348306953,0,-1.190740106675488,-1.4033006204946494,0.0,0,1.080202056526309,0.4023532302146519,1,1,1.6019266592521622,1,1.1559284904849312,-1.0891146293991636,1.0,-1.238352423351958,0,0,0,1,0
-0.7186907928997874,0,-0.1420509642528252,-1.4163164461767461,1.0,0,0.5405676092590335,0.4023532302146519,0,0,-0.029305163774832554,0,1.0416652558168247,0.5764538328718619,2.0,-1.5327872834895773,0,0,0,1,0
0.919779658879003,1,0.6033018657648507,0.9810075949275397,1.0,1,-1.9671008336460978,0.4023532302146519,0,0,-0.00041278572537850703,1,-1.2044432310566484,0.12884396761575975,1.0,0.8196303421777076,1,0,0,0,0
-0.2253951213393371,1,0.9967653951222032,0.12742943570263157,1.0,1,-1.617979628746819,-1.0322020410306119,0,0,-0.029305163774832554,1,-1.2044432310566484,-0.16889138513134652,1.0,-0.22616880150628044,0,0,0,1,0
-0.9873993436193877,1,0.7270869475183167,0.017284769802164975,2.0,1,1.080202056526309,0.4023532302146519,0,0,-0.029305163774832554,1,-0.024257370285858674,0.5764538328718619,1.0,-0.24022618714527064,0,0,0,1,0
-0.8309231711367714,1,-0.1252806321233753,-1.019358623117132,1.0,1,-0.8095852938684521,0.4023532302146519,0,0,-1.6605369868018272,0,-0.024257370285858674,0.5764538328718619,3.0,-1.0847426624439154,0,0,0,1,0
0.2644100362415433,0,-1.2558503351653674,0.9212907156350306,1.0,1,1.080202056526309,0.4023532302146519,0,0,0.914023149627094,1,-1.2044432310566484,-0.2689987119876843,1.0,1.7948333932973,0,0,0,1,0
-0.9653751658662868,1,1.6759425371754477,0.9477754185561289,1.0,1,-0.8095852938684521,-1.2663840777318836,0,0,0.03515133048025619,1,-0.024257370285858674,2.2420222951428874,1.0,0.31121907842234686,0,0,0,1,0
0.9863263149409277,0,-0.5992928977568653,-0.6673230503940807,1.0,1,-0.8087046529631684,0.4023532302146519,0,0,-1.4461148261285748,1,-1.132019945524588,-1.0891146293991636,1.0,-0.5180507978343448,1,0,0,0,0
-0.5153631507571158,1,0.94201143272497,0.7100003699454308,1.0,1,-0.3188472045052906,0.4023532302146519,0,0,-1.6178916932524325,1,-0.8872080914955993,-0.959503422802157,1.0,0.38516658579536506,0,0,0,1,0
0.7064901176913984,1,0.6831260895982957,-0.17295676215940664,1.0,1,-2.5781201082871843,1.6790166340894812,0,0,0.017064232026532896,1,-0.2423911229321238,0.4010328312885529,1.0,-0.4224476314359886,0,0,0,1,0
0.7338385536893924,0,-1.0841941592202764,-1.172935422068139,1.0,0,-0.8095852938684521,0.4023532302146519,0,0,-1.6605369868018272,1,-1.2044432310566484,0.5764538328718619,2.0,-0.9764223081994369,0,0,0,1,0
0.7839703898293731,0,-0.6313099549671556,-0.6389984974215491,1.0,1,-0.116129715428445,0.4023532302146519,0,0,-0.14907509791694362,1,0.6617162198002767,-1.0891146293991636,1.0,-0.4722152289721094,1,0,0,0,0
-0.8309231711367714,1,1.5794545271600087,-0.8273876244283733,1.0,0,-0.8095852938684521,0.4023532302146519,0,0,1.6019266592521622,1,1.1559284904849312,0.5764538328718619,1.0,-1.3364820163175348,0,1,0,0,0
-0.5835368460605145,1,1.029187326932823,0.658675925196798,0.0,1,-0.8095852938684521,0.4023532302146519,0,0,0.6253326352832456,1,2.208637755690425,-1.0891146293991636,1.0,0.2963806800663738,0,0,0,1,0
-0.8293253929395511,0,-1.559058792433409,-1.626418261019264,1.0,0,0.5591593372122176,0.4023532302146519,1,0,-1.6605369868018272,0,0.05874628148801165,-1.0891146293991636,2.0,-1.4273208395318688,0,0,0,1,0
2.4013361178445707,1,0.9400936056707755,0.440456655068926,1.0,1,-0.7276460041426854,-0.6177466941511439,0,0,1.2525233276870722,1,0.2821342215864285,0.02617666203291136,1.0,0.11234586156701244,1,0,0,0,0
-0.2472022666412045,1,0.6065515171622347,0.11993734514260544,1.0,1,-0.499543001587987,0.38068007724442005,0,0,0.24621641606171887,1,-0.3158506116499408,-1.0891146293991636,1.0,-0.08750678870274699,0,0,0,1,0
-0.9873993436193877,0,-1.0841941592202764,-1.2113296218058909,1.0,1,-0.8095852938684521,1.6924986537655886,0,0,-0.029305163774832554,0,1.1559284904849312,0.5764538328718619,2.0,-1.0252071201960398,0,0,0,1,0
0.182833061431801,1,1.6675147527317407,1.1911709172780371,1.0,1,-0.7555921794803236,0.4023532302146519,0,0,0.8359458696497304,1,0.3446333242152671,-0.9778463282771478,1.0,0.5439165623526515,0,0,0,1,0
-0.5224415068955394,0,-1.6242649122759973,-1.7274448803950102,1.0,1,0.9426595535898772,-2.1779376168872213,0,0,-1.6605369868018272,0,-1.2044432310566484,-0.6284317172826962,2.0,-1.5461687509145683,0,0,0,1,0
-0.20501848120630586,0,-0.7645563168546443,-1.5952716191834082,0.0,0,1.080202056526309,0.4023532302146519,1,0,1.6019266592521622,1,1.1559284904849312,-1.0891146293991636,1.0,-1.5931207950234438,0,0,0,1,0
1.001628902228865,0,-1.7573621098370493,-0.7923456990581241,0.0,0,-0.7524078877949081,0.33619586304038335,0,0,-0.054877985064426656,1,-0.04029137539029061,-0.5333594038878038,1.0,-0.22300745384847726,0,0,0,1,0
-0.902818495726497,0,-1.4617077602435828,-1.7335914078310268,1.0,1,0.4341064388745449,-2.1779376168872213,0,0,-1.1741607502889833,0,-1.2044432310566484,1.6412950555817476,1.0,-1.5963006067306358,0,0,0,1,0
-0.5179708261715386,0,-1.9365617388619685,-1.7104542183966633,1.0,1,1.080202056526309,-2.1779376168872213,0,0,-1.6605369868018272,0,-1.2044432310566484,-1.0891146293991636,2.0,-1.4380536593916684,0,0,0,1,0
0.2577973531924281,0,-0.8269922420633979,0.6021606998262207,1.0,1,1.080202056526309,0.4023532302146519,0,0,-1.5500764926737312,1,-1.1683991746828477,0.5764538328718619,1.0,1.1319102961662544,0,0,0,1,0
-0.5047290300751973,1,0.9110278712049931,-1.073680810192889,0.0,1,0.19244232229341315,0.7240380901228426,0,0,0.6035230658093752,1,1.1280064732049548,1.6965619482968246,1.0,-1.417848541780661,1,0,0,0,0
1.1453793370319878,1,-0.320206442992684,0.1324673690154202,1.0,1,0.07294917834060194,-1.0799103286481018,0,0,0.1404310323384185,1,1.1459736227493296,-1.0891146293991636,1.0,0.3136815759953964,1,0,0,0,0
-0.0293600512152178,1,1.6514689330449857,0.35849617294675007,1.0,1,-2.480028806077594,-0.3084304584185364,0,0,-0.029305163774832554,1,-0.11117805893162733,2.194003956375614,1.0,-0.2348221343889015,0,0,0,1,0
-0.9349768527904342,0,0.7381996898378943,1.938720921515762,1.0,1,1.080202056526309,0.4023532302146519,0,0,1.3760548824130834,1,0.8073487946476705,0.002783752980314852,1.0,1.748320393154325,0,0,0,1,0
0.9217579871277003,1,0.577134181069853,0.9882695890485373,0.0,1,-0.20913559987812277,0.4023532302146519,0,0,0.2198426599470185,1,-1.2044432310566484,0.7565767342241618,1.0,0.8399670627491939,1,0,0,0,0
1.2032670711372415,0,-0.33837252703379833,0.1324673690154202,1.0,1,1.080202056526309,-2.1779376168872213,0,0,-0.029305163774832554,1,1.1559284904849312,-1.0891146293991636,1.0,0.32189846417930373,1,0,0,0,0
-0.516673638701658,1,-0.8560579765291779,-0.6354166257396147,1.0,1,-0.8095852938684521,-2.1779376168872213,0,0,1.2685860674484186,0,-0.24999151987548768,-1.0891146293991636,0.0,-0.38303316744804194,0,0,0,1,0
-0.41891264632438346,0,0.5584673310756979,1.813517282594154,1.0,1,1.080202056526309,0.4023532302146519,0,0,-0.1174732438094415,1,0.5575955024196345,0.420908059748833,1.0,1.7214214571839872,0,0,0,1,0
2.7976063915145866,0,-0.5752454774162247,-0.2835220365180001,0.0,1,-0.8095852938684521,0.4023532302146519,0,0,-1.6605369868018272,1,-1.2044432310566484,1.3790746191556462,1.0,-0.06698034167767293,1,0,0,0,0
-0.5134347384074401,0,0.4982688707635041,1.8171604314188696,1.0,1,1.080202056526309,0.4023532302146519,0,0,1.3868764743270445,1,0.5466221342861877,0.30178493775874704,1.0,1.7604447778567267,0,0,0,1,0
1.8329228078744604,1,-0.331265912338536,0.15457989404718267,1.0,1,0.897922617643982,-1.521659992108213,0,0,0.704861711583104,1,0.5124085461824427,-1.0891146293991636,1.0,0.34445118700553073,1,0,0,0,0
-0.19090198330578653,0,-1.120568945681486,-0.22359295248354044,0.0,1,-1.7186372621782455,-2.1779376168872213,0,0,-0.029305163774832554,1,-1.2044432310566484,0.7330938844746029,1.0,0.24670073120212427,0,0,0,1,0
-0.8509843553060775,0,-1.2238226233603327,-1.7314794580860524,1.0,1,-0.8095852938684521,-2.0750356179047986,0,0,-1.6605369868018272,0,-0.974607935600841,1.4876630206218682,1.0,-1.6525865543478113,0,0,0,1,0
0.2644100362415433,0,-0.44491847448900984,0.9771397632459585,0.0,0,1.080202056526309,0.4023532302146519,0,0,1.6019266592521622,1,-1.2044432310566484,-1.0891146293991636,1.0,1.3676847215389187,1,0,0,0,0
-0.5179708261715386,1,1.899092369525641,-0.09789782941109025,1.0,1,1.080202056526309,0.4023532302146519,0,0,1.6019266592521622,1,1.1559284904849312,0.5764538328718619,1.0,-0.7402057626513759,0,0,0,0,1
-0.252901911223884,0,-0.7868457290622743,-0.17468622888659374,1.0,1,-0.9640735199758736,-1.7189658021681284,0,0,-0.03239145438399964,1,-1.2044432310566484,1.2142099904862111,1.0,0.15599854575441877,0,0,0,1,0
-0.2570317868442175,0,0.1830526852172615,-0.406914621037978,1.0,1,-0.8095852938684521,0.4023532302146519,0,0,-0.029305163774832554,1,-1.2044432310566484,2.2420222951428874,2.0,-0.4981143046184591,0,0,0,1,0
-0.2195886035308522,1,1.2550221171588891,1.3140657209984152,1.0,1,0.3936782180875494,0.15250495763520136,0,0,-0.08217175592731428,1,0.595793397989342,-0.5634695505487394,1.0,0.8475392809818377,0,0,0,1,0
-1.025217287365849,1,1.6237989504908676,-1.0239154003188076,0.0,1,1.016187399819037,1.6535491634285857,0,0,-0.029305163774832554,1,1.1560323468406788,-0.45849876378257026,1.0,-1.533064642949846,1,0,0,0,0
-0.11331436851348846,0,-0.013418041890148467,-0.20891085692702543,1.0,1,-0.728774207190871,0.37319594364240055,0,0,-0.8083390704251264,1,-0.6126779773065414,0.6249801700201281,1.0,-0.2053830581734381,0,0,0,1,0
-0.563711940911657,0,-1.405131862144864,-0.6452715337457015,0.0,0,-0.020343953786335703,0.4023532302146519,0,0,-0.1309733183768132,1,0.4679214401606877,0.5764538328718619,1.0,-0.1741367247821375,0,0,0,1,0
-0.4102280622754258,1,1.1216159363502187,0.7351164732226778,1.0,1,-0.7052520240405077,0.4023532302146519,0,0,1.4157248091172765,1,-0.1382999101980009,-0.8484233309163777,1.0,0.33416871712143714,0,0,0,1,0
0.2586124375748896,0,-0.8304869491399276,0.9002262754677094,1.0,1,1.080202056526309,0.4023532302146519,0,0,0.6156626930363417,1,-1.2041222205025188,-0.3204014858702927,1.0,1.501570716351317,0,0,0,1,0
2.0845047285634934,0,-2.008991673942022,-0.4276791641111475,1.0,1,-0.8095852938684521,-0.13616508088432117,0,0,-0.7876093764180995,1,1.0196406272831202,-1.0891146293991636,1.0,0.40467315922653213,1,0,0,0,0
-0.9873993436193877,1,1.2598166847943741,-0.2514746283620972,0.0,1,-0.8095852938684521,0.4023532302146519,0,0,-0.029305163774832554,1,2.3361143512557208,2.2420222951428874,1.0,-0.6920906856654376,0,0,0,0,1
0.256858026729015,0,-0.7705015807226434,0.7020586065180766,1.0,1,1.080202056526309,0.4023532302146519,0,0,0.33794873762964195,1,-1.1620415134508755,-0.14754379415041882,1.0,1.2228498402831456,0,0,0,1,0
-0.5179708261715386,1,1.2598166847943741,-0.7505992249528699,1.0,1,-0.8095852938684521,1.6924986537655886,0,1,1.6019266592521622,0,2.3361143512557208,2.2420222951428874,3.0,-1.1822363634962993,0,0,0,0,1
-0.13154697213116312,0,-2.0739420835107176,-0.8345247606118237,0.0,0,-0.33246690193958595,1.6752777926520306,0,0,-0.029305163774832554,1,-0.10181210394055042,0.3942839478794308,1.0,-0.14462729290988327,0,0,0,1,0
1.0431813063077964,1,0.5708160063857582,1.2166344112745109,1.0,1,0.9641993498096771,0.4023532302146519,0,0,0.06920492601776757,1,-0.7659947422934139,1.1320191835785227,1.0,1.0841251142624724,1,0,0,0,0
-0.9873993436193877,1,0.6175683681291056,-0.018018696856697724,1.0,1,0.8581936181766329,0.4023532302146519,0,0,0.7096200148108739,1,-0.024257370285858674,0.15448372852395975,1.0,-0.23667530639709997,0,0,0,1,0
-0.8309231711367714,0,0.6205410000631052,-0.2514746283620972,0.0,1,-0.8095852938684521,-2.1779376168872213,0,0,1.6019266592521622,1,2.3361143512557208,0.5764538328718619,1.0,-0.48292966453132047,0,0,0,1,0
-0.2491536809882349,0,-1.131180922048025,-1.611352684195768,0.0,0,0.3178221538427044,-2.0418530776110684,0,0,-0.8602334484110844,0,-0.7964718619619587,-1.0891146293991636,2.0,-1.5214495245306494,0,0,0,1,0
-0.4284486172278192,0,0.525363505201364,1.815863513745929,1.0,1,1.080202056526309,0.4023532302146519,0,0,1.1917844107566615,1,0.4797256591401172,0.41460221755067495,1.0,1.7431962198511572,0,0,0,1,0
-0.5179708261715386,1,0.13312525423974977,-0.44344562705085594,1.0,1,-0.8095852938684521,0.4023532302146519,0,0,-1.5274333637382937,1,-0.024257370285858674,-1.0891146293991636,1.0,-0.5209757451099094,0,0,0,1,0
-1.0747767336668879,1,-0.018734684668163807,-0.12039406607503149,1.0,0,-0.6935825871518203,-0.14042256078203907,0,0,-0.1773345580190631,1,-0.024257370285858674,0.5139417173459058,1.0,-0.10369706021639036,0,0,0,1,0
-0.2689485427119759,1,-0.5514644219442213,-0.2514746283620972,0.0,1,-0.8095852938684521,0.4023532302146519,0,0,-0.029305163774832554,1,-0.6720873533518822,2.2420222951428874,1.0,-0.03853541750992292,0,0,0,1,0
0.8633196133714801,1,2.1077945714009108,1.4482078367725688,1.0,1,-0.717057525618424,0.4023532302146519,0,0,1.3129881976712139,1,0.05383434793548362,-1.0891146293991636,1.0,0.59262826317707,0,0,0,1,0
-0.5179708261715386,1,-0.018734684668163807,-0.8273876244283733,3.0,1,-0.8095852938684521,-2.1779376168872213,0,0,-0.029305163774832554,1,-0.024257370285858674,2.2420222951428874,2.0,-0.8994469647030661,0,0,0,0,1
1.4832500430365598,1,-0.22010652535851247,0.6132821940874562,0.0,1,0.7282764071990449,-0.4069485432517331,0,0,-1.6605369868018272,1,1.131563553389318,-1.0891146293991636,1.0,0.8222653597978729,0,0,0,1,0
2.157364102851884,0,-0.051188580263019944,-0.3222721888815205,0.0,1,1.080202056526309,0.4023532302146519,0,0,0.24151846841140148,1,-1.2044432310566484,-1.0891146293991636,1.0,-0.3187832614424155,1,0,0,0,0
-0.048542308723689476,0,-0.5514644219442213,-1.019358623117132,0.0,0,-0.8095852938684521,0.4023532302146519,1,0,1.6019266592521622,1,-0.024257370285858674,-1.0891146293991636,1.0,-0.9559945081347428,0,0,0,1,0
-0.20501848120630586,1,0.7270869475183167,-1.019358623117132,1.0,1,1.080202056526309,-2.1779376168872213,0,0,-1.6605369868018272,1,-0.024257370285858674,0.5764538328718619,1.0,-1.3165472332064911,0,0,0,1,0
-0.25981768861909776,1,-0.17807414908743302,-0.21223118732034602,0.0,1,-0.8095852938684521,0.08836021732167224,0,0,-0.6718865284289183,1,-0.6934546183611372,1.8249406342317511,1.0,-0.14463851101306316,0,0,0,1,0
-0.5121007790370254,1,-0.6943212282921674,-0.6354166257396147,1.0,1,-0.8095852938684521,-2.1779376168872213,0,0,1.4089144162561387,0,-0.12374821853469697,-1.0891146293991636,0.0,-0.444434587044408,0,0,0,1,0
0.19585281783938968,0,-0.28312845327827124,0.9242219208140093,1.0,1,1.080202056526309,0.4023532302146519,0,0,-0.8517233119903524,1,-1.0754170514561603,-0.44932148155545687,1.0,1.214737413265024,0,0,0,1,0
-1.0670031538941245,1,1.4157679880845673,-1.0197095077085352,0.0,1,0.9738996282792531,1.6924986537655886,0,0,-0.029305163774832554,1,1.1559284904849312,-0.8744311824547398,1.0,-1.482452555851394,1,0,0,0,0
-0.9873993436193877,0,-0.018734684668163807,-1.4033006204946494,1.0,0,-0.8095852938684521,0.4023532302146519,0,0,-0.029305163774832554,0,-1.2044432310566484,0.5764538328718619,1.0,-1.547660383619867,0,0,0,0,1
-0.36716112532303524,1,1.5752033438565454,1.373883346671036,1.0,1,1.080202056526309,-0.6061727995564687,0,0,-1.105727312849355,1,-0.6990180145088108,-1.0891146293991636,1.0,0.7575759204414011,0,0,0,1,0
1.942870008088508,1,0.9137661020545915,0.54038857902175,2.0,1,-0.7506522753463919,0.39281389495291613,0,0,1.3609186823272155,1,1.1573801190936792,-0.48889372265055414,1.0,0.22464917056450898,1,0,0,0,0
-0.048542308723689476,0,-1.0841941592202764,-1.5952716191834082,0.0,0,-0.8095852938684521,0.4023532302146519,0,0,-0.029305163774832554,1,-0.024257370285858674,-1.0891146293991636,0.0,-1.5130552401620696,0,0,0,1,0
-0.2192767465190945,1,1.866041816625035,1.3333546981872635,1.0,1,0.38123963774725134,0.15244948138198836,0,0,-0.0774134526995448,1,0.33486256547394583,-1.0891146293991636,1.0,0.5911948414289361,0,0,0,1,0
-0.05792618478747196,1,0.20871960395922304,-0.09840793474880578,1.0,1,-0.03889788599251166,0.20126858420915592,0,0,-0.05597743531314695,1,-0.17919098990198723,-0.9402894250213983,1.0,-0.16841603944441086,0,0,0,1,0
2.0677276663022526,0,-1.4260468316303239,-0.4000684744943398,1.0,1,-0.8095852938684521,0.4023532302146519,0,0,0.13867256443319517,1,-1.2044432310566484,-1.0891146293991636,1.0,0.1591624722511061,1,0,0,0,0
0.38309971668836756,1,1.0657965144784336,0.01656303563549457,0.0,1,0.42436647487061013,-0.25795738915837624,0,0,-0.029305163774832554,0,1.1559284904849312,-0.9281973979853109,1.0,-0.3622506268572951,1,0,0,0,0
-0.44309760354329664,0,-0.1579263104236516,-1.3550752403662487,0.0,1,1.080202056526309,0.6345729557267027,0,0,-0.175499422218158,1,-0.6372293837681561,-0.048002760571253196,2.0,-1.458941178004266,0,0,0,1,0
0.8720102999911648,1,0.8235003753705384,0.9939759269845605,1.0,1,-0.6853279960052961,0.4023532302146519,0,0,0.09841539427271215,1,-1.2044432310566484,0.0390648307939646,1.0,0.7283669543464323,1,0,0,0,0
-0.8309231711367714,1,1.899092369525641,-0.289868828099849,1.0,0,-0.8095852938684521,0.4023532302146519,0,0,1.6019266592521622,0,2.3361143512557208,-1.0891146293991636,1.0,-0.9168823113036276,1,0,0,0,0
0.8024987334130398,1,0.7284294264562531,0.8467037243898907,1.0,1,1.080202056526309,0.4023532302146519,0,0,-1.394215554447148,1,0.997810729416443,1.5834698497086221,1.0,0.620322569141752,1,0,0,0,0
0.18979077444124037,1,0.9032287078512721,1.0744566966488436,1.0,1,-0.6202720664679562,0.4023532302146519,0,0,0.13330744296725924,1,0.30756958725776057,-0.6771662504887463,1.0,0.7732995215352804,0,0,0,1,0
3.0044129684000644,0,-1.2168864821809988,-0.4002094579957766,1.0,1,-0.8095852938684521,0.4023532302146519,0,0,0.12066050264333147,1,-1.2044432310566484,-1.0891146293991636,1.0,0.06392292869134444,1,0,0,0,0
-0.7519502727894849,0,-1.1873626001411588,-1.6963399346600698,1.0,0,1.0039642552366836,0.4023532302146519,0,0,-1.6605369868018272,0,0.5922705431949412,-1.0891146293991636,2.0,-1.6162295055456426,0,0,0,1,0
0.9908397136600162,1,-0.5101672127105815,0.6156159471243156,0.0,1,0.9281233092906407,-0.7041683754931269,0,0,-1.373906718250462,1,-0.073170173285504,-0.029331738109195097,1.0,0.9754234033426946,0,0,0,1,0
-0.9873993436193877,1,0.9160248761406431,0.8243005552661135,0.0,1,-0.8095852938684521,-0.3977304542004617,0,0,0.9757587492013736,1,-0.024257370285858674,-0.002356191294253588,1.0,0.5126761919294003,0,0,0,1,0
-0.5179708261715386,0,-1.616923896496334,-1.4033006204946494,1.0,1,-0.8095852938684521,0.4023532302146519,0,0,-0.029305163774832554,0,-1.2044432310566484,-1.0891146293991636,1.0,-1.109222587266152,0,0,0,1,0
-1.1108695276117282,1,1.2550966993221087,-1.0836642235854983,0.0,1,0.24793970741245636,1.6924986537655886,0,0,-0.029305163774832554,1,1.1559284904849312,-0.5370069988201772,1.0,-1.508238821449334,1,0,0,0,0
0.6406307049790173,1,0.912253149600729,0.983810025960598,1.0,1,-1.039665013991664,0.4023532302146519,0,0,0.008103875622645664,1,-1.2044432310566484,-0.5470637011953697,1.0,0.6767581304661215,1,0,0,0,0
-0.5179708261715386,0,-0.33837252703379833,-0.44344562705085594,1.0,1,-0.8095852938684521,0.4023532302146519,0,0,-0.029305163774832554,1,-0.024257370285858674,-1.0891146293991636,1.0,-0.34981324318544765,0,0,0,1,0
2.2986002785155564,1,0.9401788424287397,0.1324673690154202,1.0,0,-0.8095852938684521,-2.1779376168872213,0,0,-0.029305163774832554,0,-1.2044432310566484,-1.0891146293991636,1.0,-0.20035995640278464,0,0,0,1,0
1.0337135590155633,1,0.8457684783886767,1.3147988966366069,1.0,1,-0.5981426565948338,0.4023532302146519,0,0,0.5536530465157935,1,-0.7021313448095241,1.26991825884379,1.0,1.046910048420147,1,0,0,0,0
2.014876900189213,1,0.03322777390574301,0.8215461169827273,0.0,1,0.2293857752062804,1.673716716689534,0,0,-1.6605369868018272,1,1.128290897997401,-1.0891146293991636,1.0,0.9298441734692441,0,0,0,1,0
-0.9873993436193877,1,-0.5514644219442213,-0.059503629673338505,1.0,1,-0.8095852938684521,0.4023532302146519,0,0,-1.6605369868018272,0,-0.024257370285858674,-1.0891146293991636,1.0,0.19082935514628208,0,0,0,1,0
0.2169564462697753,1,1.2033047142641304,0.8066553105564378,1.0,1,0.931334057998962,0.4023532302146519,0,0,1.3889514012059345,1,-0.989940910303975,-0.8667229316113496,1.0,0.37074498025019664,0,0,0,1,0
1.3621307570595982,1,0.3217861633986917,-0.085780312820258,0.0,1,-0.8095852938684521,0.4023532302146519,0,0,0.3065834121364789,1,0.3220044405208479,-1.0891146293991636,1.0,-0.19796971228069526,1,0,0,0,0
0.2644100362415433,0,-0.6500726963140196,0.9356604359824795,1.0,1,1.080202056526309,0.4023532302146519,0,0,1.0573855896256446,1,-1.2044432310566484,-0.6279070632170808,1.0,1.4374044550693519,0,0,0,1,0
-0.8710456959515562,0,0.9310478547318269,1.9831779493341015,1.0,1,1.080202056526309,0.4023532302146519,0,0,1.3307669933103847,1,-0.25271538884214667,0.031001813868110586,1.0,1.6836489421019023,0,0,0,1,0
0.3855405885029236,1,0.5772620362067983,0.9881849298381155,1.0,1,-1.8899975097499915,0.4023532302146519,0,0,0.1627446524456044,1,-0.6316730687356472,0.07169997924370307,1.0,0.8398155836488559,1,0,0,0,0
-0.25797690292601233,1,-0.4414663857914611,0.2933070835482184,0.0,1,-0.8095852938684521,0.4023532302146519,0,0,-0.029305163774832554,1,-1.2044432310566484,-0.9126709687800202,1.0,0.5587974398503657,0,0,0,1,0
1.0022202256846768,1,-0.5494507035373178,0.5602277834870398,0.0,1,0.916644740924343,-0.5397122482076657,0,0,-1.6605369868018272,1,1.0260336940909156,-0.4581673156585783,1.0,0.9302147021880229,0,0,0,1,0
-0.5147411579714973,0,-0.5514644219442213,0.060648599571371926,0.0,1,0.8348169486522501,-2.1761533457664504,0,0,1.6019266592521622,1,0.35642102059264563,0.5764538328718619,1.0,0.3343858763556648,0,0,0,1,0
4.802219038237419,1,0.8336328949735282,-0.09789782941109025,2.0,0,1.080202056526309,1.6924986537655886,1,0,1.6019266592521622,1,2.3361143512557208,-1.0891146293991636,2.0,-0.3973359348667012,0,0,0,0,1
0.2644100362415433,0,-0.6523101612105772,0.9600914715538053,1.0,1,1.080202056526309,0.4023532302146519,0,0,1.0054536933077576,1,-1.2044432310566484,-0.7921421070077775,1.0,1.4682496464704264,0,0,0,1,0
0.3862555281349967,1,0.8345811539058796,1.0214712420311562,1.0,1,-0.3953703636848258,0.4023532302146519,0,0,0.1212999455179576,1,-0.5601573461305196,1.8137713321237612,1.0,0.7514092436460692,1,0,0,0,0
-0.9706845588747948,0,-1.0615105270070637,-0.15884228645181425,0.0,1,-0.20551854688946766,0.4023532302146519,0,0,-1.4857276597189624,1,-0.38760945254238705,-0.5827485054995264,1.0,0.30143638655401545,0,0,0,1,0
-0.8309231711367714,0,-0.33837252703379833,-0.8657818241661251,1.0,1,1.080202056526309,0.4023532302146519,0,0,-0.029305163774832554,0,1.1559284904849312,0.5764538328718619,1.0,-0.8424018285862651,1,0,0,0,0
-0.9873993436193877,1,0.5139950526078937,-0.6354166257396147,0.0,1,1.080202056526309,1.6924986537655886,0,0,-0.029305163774832554,0,-0.024257370285858674,0.5764538328718619,1.0,-0.8537633523222632,0,0,0,1,0
-1.456827861067237,0,-0.5514644219442213,-0.021109429935586767,0.0,1,1.080202056526309,0.4023532302146519,0,0,-1.6605369868018272,1,2.3361143512557208,2.2420222951428874,1.0,0.23670230967752315,0,0,0,0,1
-1.1438755161020042,1,-0.8711022643098535,-0.6738108254773664,1.0,1,1.080202056526309,-2.1779376168872213,1,0,-0.029305163774832554,1,-0.024257370285858674,2.2420222951428874,3.0,-0.4248215624051992,0,0,0,1,0
-0.779357700304505,1,0.6986924525215038,-1.184434600072195,0.0,1,-0.8095852938684521,1.6924986537655886,0,0,0.22744256901050156,1,1.1559284904849312,1.7076229884547667,1.0,-1.4812400016470268,1,0,0,0,0
1.0728554476573993,0,-0.2226849372869294,-0.5657933518191706,1.0,1,-0.7184673069818183,0.4023532302146519,0,0,-1.1616801956110037,1,-1.0032781907165458,-0.6280752856317702,1.0,-0.5339259691291152,1,0,0,0,0
-0.23797205017880005,1,-0.6380862772253079,0.6803549797135211,0.0,1,0.8342141064874738,-1.4436178052921935,0,0,-0.7899779250251346,1,-1.0062392770412198,1.1898194059247145,1.0,1.1222907375367552,0,0,0,1,0
-0.9873993436193877,1,0.8805344210433125,0.8394243376964117,0.0,1,-0.8095852938684521,-0.2744002925815332,0,0,1.0404485096071552,1,-0.024257370285858674,-0.8061695245970241,1.0,0.5439002263430434,0,0,0,1,0
0.1779112599025328,1,-0.4565319827616259,0.6910566717948243,0.0,1,0.8139253494936364,-1.7388224303820012,0,0,-0.7951554548314224,1,-0.998530302998665,1.0123414272905007,1.0,1.0362104533110945,0,0,0,1,0
-0.39103891981536504,0,-1.0841941592202764,-0.7735817241564896,1.0,1,-0.6041446212196873,0.4023532302146519,0,0,1.1879151288724419,1,1.050221603307413,-1.0891146293991636,1.0,-0.4689916232042868,0,0,0,1,0
-0.23390147902783726,1,0.32960663594190437,0.4565578002477486,0.0,1,-0.8095852938684521,0.3941259728486675,0,0,0.5035122427395898,1,1.435143942541249,1.458244084872775,1.0,0.3866616194557382,0,0,0,1,0
1.0403686471074214,0,-0.7273611265980287,-0.6813478372510857,1.0,1,-0.7110291039706647,0.4023532302146519,0,0,-0.07485894366468424,1,-0.9349985377416516,-1.0891146293991636,1.0,-0.4880233399410882,1,0,0,0,0
0.25166098361234984,0,-0.8579864581781171,0.7078732544915599,1.0,1,1.080202056526309,0.4023532302146519,0,0,-0.5952626760058715,1,-1.0402097468576461,0.09565585043654729,1.0,1.2801223749253108,0,0,0,1,0
1.577194894519328,0,-0.11119525786979588,-0.34509496821423186,0.0,1,1.080202056526309,-1.142847492845187,0,0,-0.029305163774832554,1,-0.7431357223561446,-1.0891146293991636,1.0,-0.32212367037645806,1,0,0,0,0
-0.018671633301448155,1,-0.018734684668163807,-0.0652877542580304,1.0,1,-0.8095852938684521,0.4023532302146519,0,0,0.06213027360129943,1,-1.2044432310566484,0.5764538328718619,1.0,-0.04167267279888051,0,0,0,1,0
-0.7844491220047441,0,1.2307402957338471,2.125809828948467,1.0,1,1.080202056526309,0.4023532302146519,0,0,1.1120269620015801,1,0.5904046693490625,0.18336302009127706,1.0,1.6585106921362862,0,0,0,1,0
1.101063876699358,1,1.2975872231672456,1.5323558284248033,1.0,1,0.9645489604695004,0.4023532302146519,0,1,-0.8791867309628351,1,-0.08708692495571319,1.1768296374874625,1.0,1.0411296524143039,0,0,0,1,0
-0.10363209238878175,0,-0.2169740745033291,1.072336607333525,1.0,1,1.080202056526309,0.4023532302146519,0,0,0.6818760239648305,1,-0.9297644134491333,0.06447141211744681,1.0,1.3488637767737959,0,0,0,1,0
-0.31000757741906965,0,-1.1013160929763304,-1.5984101530409707,0.0,0,0.8650629951953179,-0.46690418137499173,0,0,0.47119101539813263,0,0.4742177317278997,-1.0891146293991636,2.0,-1.512634682716369,0,0,0,1,0
-0.4983959699463081,0,0.7002267141648579,-1.1627241391000862,0.0,1,-0.10783543874756202,1.6909066143129265,0,0,0.40046895971079793,1,1.1559284904849312,0.31663181503143095,2.0,-1.4589971042832395,0,0,0,1,0
-0.04479126191693611,0,-1.087422501428171,-0.8347584661056277,1.0,1,0.897922617643982,0.4023532302146519,0,0,-0.7634720391327691,0,-1.2044432310566484,-0.6329454078154506,1.0,-0.545526796758851,0,0,0,1,0
-0.7839122522569565,0,0.4005662369470763,-1.416753448958161,1.0,1,1.080202056526309,1.3758956766807648,0,0,-0.5315418673029678,0,1.1559284904849312,0.5764538328718619,1.0,-1.6587935092586459,0,0,0,1,0
0.20689674961704005,1,1.4403374835677383,0.37022967075180535,1.0,1,-2.0989323992096365,-0.5282905907729689,0,0,-0.029305163774832554,1,0.9278457710323683,2.1417051066603037,1.0,-0.14816532300002447,0,0,0,1,0
0.2644100362415433,0,-0.6409523632118515,0.9706482255310983,1.0,1,1.080202056526309,0.4023532302146519,0,0,0.8717677204834031,1,-1.2044432310566484,-0.7621835270769085,1.0,1.4742712706584835,0,0,0,1,0
-0.36149465368892225,1,0.5139950526078937,0.3244383677041789,0.0,0,-0.8095852938684521,0.4023532302146519,0,0,1.6019266592521622,1,2.3361143512557208,2.2420222951428874,1.0,0.1657396575659293,0,0,0,0,1
-0.850546691451644,0,-1.7915633589701714,-1.72314941411675,1.0,1,0.6310468480212343,-1.9667846759963337,0,0,-1.1631580916426663,0,-0.9059860287263234,0.5787939565613528,1.0,-1.495725519052556,0,0,0,1,0
-0.5179708261715386,1,1.0467247898839511,-0.9425702236416286,0.0,1,1.080202056526309,0.4023532302146519,0,0,-0.029305163774832554,1,-0.024257370285858674,-1.0891146293991636,1.0,-1.3185182738052452,0,0,0,1,0
-0.13549830843869387,0,-1.1218474970509498,-1.6108370884874896,0.0,0,0.3141824234058439,-1.0398255103383742,0,0,-0.16500407666880226,0,-0.7121652849977974,-1.0891146293991636,2.0,-1.5231908120097535,0,0,0,1,0
-0.09629257751848481,0,-0.6843911459893424,1.0502830173983602,1.0,1,1.080202056526309,0.4023532302146519,0,0,0.7797222024054585,1,-0.9804073689206687,-0.002682642712858666,1.0,1.5967122882831952,0,0,0,1,0
0.2644100362415433,0,-1.0745517509755806,0.9032288554640004,1.0,1,1.080202056526309,0.4023532302146519,0,0,0.8763368008197014,1,-1.2044432310566484,-0.3180014017161601,1.0,1.6555441201885077,0,0,0,1,0
0.24842051855640734,0,-0.39736701813974784,0.6232209166315705,1.0,1,1.080202056526309,0.4023532302146519,0,0,-1.5488090255472395,1,-1.0721184319753059,0.5764538328718619,1.0,0.9249584182560203,0,0,0,1,0
-0.5098315615836831,1,-0.08458008019548288,0.4984013732841394,0.0,1,-0.8095852938684521,-1.309990993047905,0,0,-0.029305163774832554,1,-1.2044432310566484,2.1523697415242244,1.0,0.6242255610670323,0,0,0,1,0
1.0484029161835409,1,0.6649280417729452,1.2602209274021972,1.0,1,1.025366096979904,0.4023532302146519,0,0,1.322759276291145,1,-0.6675247548141422,2.101811410851988,1.0,1.0818087675642631,1,0,0,0,0
0.8454325091426476,1,0.6552643243387576,1.0238199688059133,1.0,1,-0.46742606556802785,0.4023532302146519,0,0,0.11023040636689649,1,-1.2044432310566484,1.307645050082691,1.0,0.8394085182886964,1,0,0,0,0
-0.674446998654155,0,-0.5514644219442213,-0.44344562705085594,0.0,1,1.080202056526309,-2.1779376168872213,0,0,-0.029305163774832554,1,-0.024257370285858674,0.5764538328718619,1.0,-0.2679001901661279,0,0,0,1,0
-0.4656162460014423,0,0.2907280197154976,1.7269503411758425,1.0,1,1.080202056526309,0.4023532302146519,0,0,-1.1675901485058306,1,0.8519751626009965,0.4803838439680692,1.0,1.786207045208032,0,0,0,1,0
-0.178369180746964,1,0.06178208782373984,-0.43167004920288793,1.0,1,-0.23628617474124433,0.4575379105616198,0,0,-1.2076483083839045,1,-0.089188835973746,-0.47930671058172214,1.0,-0.48279183789996605,0,0,0,1,0
1.1362001318018122,1,0.7002906417333306,1.2903615260223247,1.0,1,0.28065192644778914,0.4023532302146519,0,0,0.10149842241823308,1,0.026112962251838692,-0.46172330432552694,1.0,1.095218921981455,1,0,0,0,0
-1.1438755161020042,1,-0.44491847448900984,-1.172935422068139,1.0,1,-2.6993726442632133,0.4023532302146519,0,0,-0.029305163774832554,1,-0.024257370285858674,0.5764538328718619,3.0,-1.170343529235142,0,0,0,1,0
1.2987203529227418,1,0.4344904666168141,-0.12128054975277638,0.0,1,-0.34147740802626797,0.4715024446261351,0,0,-0.1604088966233351,1,-0.7229002555873685,-1.0891146293991636,1.0,-0.2784897807499415,1,0,0,0,0
-0.23129004818527496,1,1.7620742810982404,1.354780619745115,1.0,1,0.7518533941825698,-0.10725679237881496,0,0,-0.28675758870771395,1,0.3118572024899408,-1.0891146293991636,1.0,0.6562443182788197,0,0,0,1,0
0.8756959397578203,1,2.2533789540037104,1.6387569062740397,1.0,1,-0.7628697505666939,0.4023532302146519,0,0,-0.3550050657195174,1,0.20749336682197989,-1.0891146293991636,1.0,0.7007393016741897,0,0,0,1,0
-0.4394634444373879,0,1.15189629461699,2.5280634407663083,1.0,1,1.080202056526309,0.4023532302146519,0,0,0.5435948710950093,1,-0.9131367748567336,0.4321489813007001,1.0,2.101938604900689,0,0,0,1,0
3.0370731445491534,0,-1.2512368956405577,-0.21359890389760397,0.0,1,-0.4574763351681993,0.27451917092210726,0,0,0.7390588555210416,1,-0.9021822896970592,-1.0891146293991636,1.0,0.3211202785306272,1,0,0,0,0
0.23236168192686094,0,-0.348611592584244,0.6927895939999879,1.0,1,1.080202056526309,0.4023532302146519,0,0,-0.7553256674085724,1,-0.9570927972411416,0.28176313927378716,1.0,0.9808212262493069,0,0,0,1,0
-1.1283820278836376,0,-1.0841941592202764,-0.8273876244283733,1.0,1,1.080202056526309,-0.3700039389029283,1,0,-0.029305163774832554,1,-0.42092255883436414,1.8318677334663365,1.0,-0.5373590002300102,0,0,0,1,0
-0.5367227742056827,1,-0.29227009556992867,-0.2514746283620972,0.0,1,-0.8095852938684521,0.4023532302146519,0,0,-0.029305163774832554,1,0.7622066854731879,1.3146537621719276,1.0,-0.14440188702592965,0,0,0,1,0
-0.8223266831729213,0,-1.2345731094585637,-1.6896524713439478,1.0,0,0.9107731716266666,0.4023532302146519,1,0,-1.6605369868018272,0,0.5198142124587793,-1.0891146293991636,2.0,-1.5958729805876997,0,0,0,1,0
3.3659660301575354,0,-0.15377101847289718,-0.2355795448532674,0.0,1,-0.6646593917540283,0.4023532302146519,0,0,-1.6169357914041387,1,-0.4399211908210524,-1.0891146293991636,1.0,-0.18094300656290505,1,0,0,0,0
-0.36149465368892225,0,-0.2803476040496895,-1.3589859967631366,0.0,1,1.080202056526309,0.4023532302146519,0,0,1.300626722916315,1,1.1307090988261201,0.5764538328718619,2.0,-1.4325144326788222,0,0,0,1,0
3.2374573134112543,0,-0.2749457245137099,-0.26420921653111495,0.0,1,0.3206039208224849,0.4023532302146519,0,0,-1.6605369868018272,1,-1.2044432310566484,-1.0891146293991636,1.0,-0.16606158017008618,1,0,0,0,0
1.131193050758541,0,-0.47159757973179306,-0.4955990409660266,1.0,1,-0.8095852938684521,0.4023532302146519,0,0,-1.6605369868018272,1,-1.2044432310566484,0.7638119636242674,1.0,-0.3606987508658169,1,0,0,0,0
-0.8309231711367714,0,-1.0841941592202764,-1.5952716191834082,0.0,0,1.080202056526309,0.4023532302146519,1,0,1.6019266592521622,0,1.1559284904849312,-1.0891146293991636,0.0,-1.5130552401620696,0,0,0,0,1
-0.5179708261715386,1,-0.8711022643098535,-0.6354166257396147,1.0,1,-0.8095852938684521,-2.1779376168872213,0,0,1.6019266592521622,0,-0.024257370285858674,-1.0891146293991636,0.0,-0.3772338780920976,0,0,0,1,0
-0.13389098519495293,1,0.5589361332445024,1.1838827383128183,1.0,1,-1.5331980988460592,0.4023532302146519,0,0,-0.029305163774832554,1,0.9411960334894074,-0.036766835724772996,1.0,1.0555995136018719,0,0,0,1,0
1.0026219000194396,1,0.6966148065461254,1.2975164003260538,1.0,1,-0.5882515096028673,0.4023532302146519,0,0,0.28553562792396137,1,-0.03272048309344605,1.5025965074545902,1.0,1.104547515205022,1,0,0,0,0
-0.888148698080079,0,-0.3452553952394042,1.5180488058055261,1.0,1,1.080202056526309,0.4023532302146519,0,0,-1.4247603703333285,1,-0.11629534482392949,0.4093523457575966,1.0,1.9423315858974521,0,0,0,1,0
-0.47380730420239,0,0.5028183827198413,1.8088573017835843,1.0,1,1.080202056526309,0.4023532302146519,0,0,0.3752060724675785,1,0.6955828332609554,0.325346069226033,1.0,1.748945029452197,0,0,0,1,0
-0.4532682418023216,0,0.1932917507677072,1.817436408926585,1.0,1,1.080202056526309,0.4023532302146519,0,0,0.6517667469753985,1,0.6321088971111198,0.3664856102441274,1.0,1.944296175843423,0,0,0,1,0
1.3887947662791535,1,1.4303647828859298,0.4172147646518776,1.0,1,-0.8095852938684521,-1.2427279712456534,0,0,1.6019266592521622,1,-0.024257370285858674,-1.0891146293991636,1.0,-0.09919555603185524,1,0,0,0,0
-0.5162301852288421,1,1.646738292977973,1.2145617004016684,1.0,1,-0.8095852938684521,0.4023532302146519,0,0,1.6019266592521622,1,-0.2737663640407152,0.9429271960568935,1.0,0.5749351100381296,0,0,0,1,0
-0.9384747211501107,0,-1.0763097591085913,-0.16509416757191148,0.0,1,0.13764415849401637,0.4023532302146519,0,0,-1.3011260480024665,1,-0.9152941546102227,-0.19436792033024428,1.0,0.3004617335635653,0,0,0,1,0
-0.9873993436193877,1,1.0203333586992946,0.83571326953236,0.0,1,-0.8095852938684521,-0.96351469868076,0,0,1.1258810138745485,1,-0.024257370285858674,1.2857394936669024,1.0,0.4783119513971726,0,0,0,1,0
0.2644100362415433,1,0.4610736805068908,-0.2514746283620972,1.0,1,-0.3989968656102334,-1.928179654487419,0,0,-0.029305163774832554,1,1.1559284904849312,-1.0891146293991636,1.0,-0.42736370302098664,0,0,0,1,0
0.2644100362415433,0,-0.6138896925582279,0.9749337861058262,1.0,1,1.080202056526309,0.4023532302146519,0,0,1.2153328733538797,1,-1.2044432310566484,-0.919448166853001,1.0,1.4634274176032829,0,0,0,1,0
0.8385553813620362,1,2.2100786809579143,1.6373084466947336,1.0,1,0.007473716011474466,0.4023532302146519,0,0,-1.1115850663258446,1,0.7288428311891977,-0.9386455089491369,1.0,0.7182376094995109,0,0,0,1,0
0.02582174043929433,0,-0.0749270173560423,1.0069571594926934,1.0,1,1.080202056526309,0.4023532302146519,0,0,1.151868168047191,1,-0.8069625340783504,-0.8335131620421276,1.0,1.1955627086736316,0,0,0,1,0
-0.35549739142618114,0,0.10344155327872835,-1.327836014631904,0.0,1,0.8537318302423516,0.4023532302146519,0,0,-1.6093913442226386,1,1.3999177549689628,1.2004590572617015,2.0,-1.492713258148446,0,0,0,1,0
-0.04849427053873741,1,-0.999607331535585,0.5401461580446056,0.0,1,0.849162324429097,-1.77567414426031,0,0,-1.6597817264677657,1,-0.9893555381170328,1.2946469538031282,1.0,1.1519181297166972,0,0,0,1,0
-0.6931678079299752,0,-0.33160685937039064,-1.4131705790270337,1.0,0,0.865257643292409,1.124629534280832,0,0,-0.6295919497214745,0,1.1559284904849312,0.5764538328718619,2.0,-1.4825375280352506,0,0,0,1,0
-0.9873993436193877,1,0.17119412126549732,-1.3367826694489946,1.0,1,-2.446435946136977,0.4023532302146519,0,0,-1.1298548627437472,1,-0.9353785575888199,1.75619096481459,1.0,-1.5189485380560077,0,0,0,1,0
0.42088620872415966,1,1.0467247898839511,0.017284769802164975,2.0,0,1.080202056526309,0.4023532302146519,0,0,-0.029305163774832554,0,1.1559284904849312,-1.0891146293991636,1.0,-0.3548676664649394,0,0,0,0,1
0.4895880111096874,1,0.889857191445643,1.005582071229086,1.0,1,-0.5163243132594925,0.4023532302146519,0,0,0.05075406286750911,1,-1.2044432310566484,1.825496934098149,1.0,0.7093105366224043,1,0,0,0,0
-0.20501848120630586,1,0.1943572102422592,-0.4050514273131042,1.0,0,1.080202056526309,1.6924986537655886,0,0,-1.6605369868018272,1,-1.2044432310566484,-1.0891146293991636,2.0,-0.5000250310708999,0,0,0,1,0
1.0467908986546253,1,0.6205410000631052,-0.44344562705085594,0.0,0,1.080202056526309,0.4023532302146519,1,0,1.6019266592521622,1,2.3361143512557208,-1.0891146293991636,3.0,-0.6845197967486879,0,1,0,0,0
-0.2079982569588923,0,-0.016433292203131306,-0.2332916344908948,0.0,1,-0.8095852938684521,0.16400531394073423,0,0,-0.6455617092689087,1,-0.656965631917826,1.3470523999000237,1.0,-0.23165140135471537,0,0,0,1,0
-0.7633783535705804,0,-0.7468483803875876,-0.17468622888659374,0.0,1,0.7843671855461118,0.32235002235483473,0,0,-1.6572826793148885,1,-1.2044432310566484,1.4998516506287674,1.0,0.13823732057941773,0,0,0,1,0
2.0569622621116204,0,-2.05474250377929,-0.89711740385889,1.0,1,-0.7177756448115736,-2.117046623331888,0,0,-0.029305163774832554,1,-1.0258102991703817,-0.7127627796644027,1.0,-0.24255869817630646,1,0,0,0,0
-1.0049132521768498,1,1.4929285632316311,-1.019358623117132,0.0,1,1.080202056526309,1.346902238577305,0,0,-0.029305163774832554,1,1.157030784078891,-0.44843373356506644,1.0,-1.499585689834925,1,0,0,0,0
-0.9855368077383271,0,-0.5514644219442213,-0.08981450656930295,0.0,1,0.8140444060967111,0.4023532302146519,0,0,-1.6605369868018272,1,-3.4055493538326986e-05,0.22013210946437237,1.0,0.15461426309727563,0,0,0,1,0
-0.3915131990941599,1,-0.5514644219442213,-0.2514746283620972,0.0,1,-0.8095852938684521,0.4023532302146519,0,0,-0.029305163774832554,1,-0.22889097687076665,2.2420222951428874,1.0,-0.03853541750992292,0,0,0,1,0
-1.054670171407562,1,-0.018734684668163807,-0.12865027799823842,0.0,0,-0.6255710301984628,-0.18197169414749675,0,0,-0.7819131148920891,1,-0.024257370285858674,0.1798786508682061,1.0,-0.11298976136152597,0,0,0,1,0
-0.858027660781865,0,0.4758089850399456,1.812098885673243,1.0,1,1.080202056526309,0.4023532302146519,0,0,1.3709262895614862,1,0.5001959828951865,0.09980644704452658,1.0,1.7682567717960398,0,0,0,1,0
-0.20501848120630586,0,-0.3895252364070435,-0.13048874585848078,0.0,1,0.9445795775378781,-1.586396909171152,0,0,1.2387801995780692,1,-0.7860189557931119,1.754040715929798,1.0,0.03670372642942479,0,0,0,1,0
-0.006928565985145023,0,0.1875915425788539,1.0735682164727125,1.0,1,1.080202056526309,0.4023532302146519,0,0,1.5813829256729601,1,-0.7450440828930108,-0.21173313711788186,1.0,1.1293142762888815,0,0,0,1,0
-0.398934081574148,0,0.3628063531689495,1.8735167431967332,1.0,1,1.080202056526309,0.4023532302146519,0,0,0.9684443057069211,1,0.705701746831204,0.3579112638003561,1.0,1.9016923590484205,0,0,0,1,0
-0.7122694802096184,0,-0.36603185499316926,-1.4368588788044327,1.0,0,0.8549242860604503,0.7653885410930737,0,0,-0.0943407453270957,0,0.5812122016795188,0.5764538328718619,1.0,-1.501617746590511,0,0,0,1,0
-0.6257922975824105,1,1.5733281351813342,-0.05074529840596153,1.0,1,-0.5325462478752809,0.4023532302146519,0,0,0.13400071649204626,1,0.17774324164366967,0.2995713972723888,1.0,-0.596411527793137,0,0,0,1,0
0.2662764840269161,1,0.8043434140180894,0.7641428337722155,1.0,1,1.080202056526309,0.4023532302146519,0,0,-0.17386655916330795,1,1.0510052467189648,0.6304049265017448,1.0,0.5006617846068503,0,0,0,1,0
0.8903147261720088,1,0.5139950526078937,-0.5202340265263594,1.0,0,-0.8095852938684521,0.4023532302146519,1,0,-0.029305163774832554,1,-0.024257370285858674,-1.0891146293991636,0.0,-0.7314229911356799,0,0,0,0,1
-0.9613745395644239,0,-0.5562270257954678,-0.16224827430475008,0.0,1,0.8246574518565277,0.4023532302146519,0,0,-0.23008533271211037,1,-0.45907914789894455,-0.7786293500733728,1.0,0.07011819592361336,0,0,0,1,0
0.1079338637589269,1,1.7925464220704317,-0.7889934246906216,2.0,1,1.080202056526309,0.4023532302146519,0,0,-0.029305163774832554,0,1.1559284904849312,-1.0891146293991636,3.0,-1.3512320748572006,0,0,0,1,0
-0.3319503875624794,1,0.170086043411962,-0.1773772783462125,1.0,1,-0.8095852938684521,-1.981163346741809,0,0,-0.4808970128934486,1,0.43620394515247274,0.7345845682483352,1.0,-0.24051364508642514,0,0,0,1,0
1.0772189422032499,1,0.2612574106493856,0.9277921206592231,0.0,1,-1.1973224134856975,1.5821318733625003,0,0,-0.07495355511041998,1,-0.4149425570778386,-1.0891146293991636,1.0,0.9315211284004977,1,0,0,0,0
-0.2703674686440487,1,0.5468218590188432,0.33476982451741055,0.0,1,-0.8095852938684521,0.4023532302146519,0,0,1.6019266592521622,1,2.3361143512557208,2.2420222951428874,1.0,0.1630692425156261,0,0,0,1,0
-0.20501848120630586,1,-0.018734684668163807,-0.44344562705085594,1.0,1,1.080202056526309,0.4023532302146519,0,0,1.6019266592521622,0,-0.024257370285858674,2.2420222951428874,1.0,-0.4673046854251987,0,0,0,1,0
-0.2994512253948749,1,1.7829359776099698,-0.9651789937050013,1.0,1,1.080202056526309,0.7419207958386821,0,0,0.35121880850996695,1,0.6339759511428592,-1.0885233525950575,1.0,-1.5130023020685528,1,0,0,0,0
0.13212820954818924,1,0.6034723392807793,0.9805576916950126,1.0,1,-2.4940226814072672,0.4023532302146519,0,0,-0.029305163774832554,1,0.24744383839493173,-1.0862565139179066,1.0,0.8190746323592573,1,0,0,0,0
0.2384378081805337,0,-0.8225173122702781,0.9044169255806856,1.0,1,1.080202056526309,0.4023532302146519,0,0,-0.3264177280209693,1,-1.1912711766645856,-0.3442324394284665,1.0,1.5019391512814146,0,0,0,1,0
-0.14863902092761197,1,-0.9707546889647145,0.5410683099339069,0.0,1,1.0755229430467312,-1.978844955415688,0,0,-1.2722108327074901,1,0.1283406615118044,1.6850911782971645,1.0,1.1367448159662825,0,0,0,1,0
0.2644100362415433,1,-0.018734684668163807,-0.6354166257396147,1.0,1,-0.8095852938684521,0.4023532302146519,0,1,-1.6605369868018272,0,-1.2044432310566484,-1.0891146293991636,1.0,-0.6833758250641323,0,0,0,1,0
-0.8667560581591183,0,0.4783234693998899,1.8141382703807125,1.0,1,1.080202056526309,0.4023532302146519,0,0,1.3886169986822143,1,0.5256278080089363,-0.04332750989765842,1.0,1.7689513451384422,0,0,0,1,0
-0.24159838547608442,1,1.8358147313319917,0.1230339909282539,1.0,1,-0.8095852938684521,0.2346407758801478,0,0,-1.4153465314826397,1,-0.7114512725520311,0.5764538328718619,1.0,-0.5167425853415596,1,0,0,0,0
-0.33007752425403486,1,0.7199270598493265,0.7084024801407451,1.0,1,0.4858336982295507,0.4023532302146519,0,0,1.030113024776456,1,-0.024257370285858674,-1.0891146293991636,1.0,0.48052425567089774,0,0,0,1,0
0.12985210714325668,1,1.361344318124444,1.3225562911168212,1.0,1,1.080202056526309,0.4023532302146519,0,0,1.6019266592521622,1,0.5279079270919452,-0.5167670108666598,1.0,0.8062264169795829,0,0,0,1,0
1.359743243619858,1,0.5139950526078937,-0.059503629673338505,1.0,0,-0.8095852938684521,0.4023532302146519,1,0,-0.029305163774832554,0,-0.024257370285858674,-1.0891146293991636,1.0,-0.2420615463893478,0,0,0,1,0
-1.1438755161020042,0,-1.0841941592202764,-0.8273876244283733,1.0,1,1.080202056526309,-2.1779376168872213,1,0,-0.029305163774832554,0,-0.024257370285858674,2.2420222951428874,1.0,-0.5373590002300102,0,0,0,1,0
-0.5913584640182306,0,0.4763843331562037,1.8081711206458708,1.0,1,1.080202056526309,0.4023532302146519,0,0,1.4324220980577813,1,0.6988908942286958,0.19868624994417064,1.0,1.763729379087014,0,0,0,1,0
-0.8309231711367714,0,0.8323756527935561,-0.24794673892499408,0.0,1,-2.550969533424063,-1.9049351043913019,0,0,0.8973372793093511,1,2.3361143512557208,0.27329205807467666,1.0,-0.5509638206486371,0,0,0,1,0
-0.5179708261715386,0,0.1943572102422592,-0.7697963248217458,0.0,1,1.080202056526309,1.6924986537655886,0,0,1.6019266592521622,1,-1.2044432310566484,2.2420222951428874,3.0,-0.9010683746881878,0,0,0,1,0
-0.40713030348878737,0,0.025663011636423125,-1.3969366283113183,0.0,1,1.0220060550709025,0.6738385316924757,0,0,1.22001613991779,1,-0.4833060032488473,1.0772769449290611,2.0,-1.5510861893899155,0,0,0,1,0
0.26435307891475945,0,-0.976305732827131,0.6195710488219007,1.0,1,1.080202056526309,0.4023532302146519,0,0,-1.62740177478068,1,-1.0765276063511455,0.5764538328718619,1.0,1.2383781020987188,0,0,0,1,0
-0.959565049105835,0,1.2765017801658598,2.132899932237238,1.0,1,1.080202056526309,0.4023532302146519,0,0,1.136942396866494,1,1.155660588294536,0.26629833610160053,1.0,1.6401823910553537,0,0,0,1,0
-0.8579922971668842,0,-0.018734684668163807,-1.4033006204946494,1.0,1,-2.6993726442632133,0.7127338359216894,0,0,-1.6605369868018272,0,1.1559284904849312,0.5764538328718619,1.0,-1.547660383619867,0,0,0,1,0
0.2644100362415433,0,-0.5501325976010295,0.9748234795699798,1.0,1,1.080202056526309,0.4023532302146519,0,0,1.2279374016504094,1,-1.2044432310566484,-0.8805271630266518,1.0,1.425853715595594,0,0,0,1,0
-0.9873993436193877,1,-0.018734684668163807,-1.2113296218058909,1.0,1,-0.8095852938684521,0.4023532302146519,0,0,-0.029305163774832554,1,-1.2044432310566484,-1.0891146293991636,2.0,-1.3315892439809334,0,0,0,1,0
-0.903672855628252,0,-0.14632345674577785,-1.5952716191834082,0.0,1,1.080202056526309,0.4023532302146519,1,0,1.6019266592521622,0,1.792947971066294,1.0489306352696706,1.0,-1.7360427540277268,0,0,0,1,0
-0.6821761391939339,0,-1.8605625145421656,-1.7104542183966633,1.0,0,0.561043455200561,-1.8427539654124174,0,0,-1.6605369868018272,0,0.4179228661691332,-1.0891146293991636,2.0,-1.4592127318655792,0,0,0,1,0
-1.017469682637717,0,-1.9571570705050605,-1.17976502071169,1.0,1,-1.2380662287602082,-0.7353576411074709,1,0,-1.5378047356690991,0,-1.1036695207771523,2.100767099426144,1.0,-0.6832069689396648,0,0,0,1,0
0.11355370549363995,1,0.6535808983689665,0.0761059124147923,1.0,1,-0.8596665484412639,-2.0723972705136373,0,0,-0.029305163774832554,1,-1.2044432310566484,-0.31625422039923784,1.0,-0.15148001631139932,0,0,0,1,0
-0.019611272717205995,1,0.714663690045039,0.418494289752338,0.0,1,-0.8095852938684521,0.4023532302146519,0,0,1.55907256802942,1,1.7361574274460039,1.1859686116399437,1.0,0.18146290053781794,0,0,0,1,0
-0.36149465368892225,1,-0.33837252703379833,-0.9425702236416286,1.0,1,-0.8095852938684521,-2.1779376168872213,0,0,-0.029305163774832554,0,-1.2044432310566484,-1.0891146293991636,0.0,-0.9319633895682318,0,0,0,1,0
-0.8309231711367714,1,0.8336328949735282,-0.8657818241661251,0.0,1,-0.8095852938684521,0.4023532302146519,0,0,-1.6605369868018272,0,-0.024257370285858674,-1.0891146293991636,1.0,-1.185677802757773,0,0,0,1,0
-0.89176157642653,1,0.13195324881774187,0.3846717257715603,0.0,1,-0.8095852938684521,0.35989325418016715,0,0,-0.029305163774832554,1,-1.2044432310566484,-0.3112142102324057,1.0,0.39619569714915875,0,0,0,1,0
-0.6923392665966798,0,0.6561593102973834,1.8199951519739077,1.0,1,1.080202056526309,0.4023532302146519,0,0,1.3337880346466306,1,0.4707987332892468,0.2716314863177924,1.0,1.6718774685049818,0,0,0,1,0
-0.022954386142297,0,-0.5937631630839382,-1.409455786625607,0.0,1,1.080202056526309,1.163589345781223,0,0,1.1623096829463873,1,-1.078071289457034,-1.0891146293991636,2.0,-1.4110364195008047,0,0,0,1,0
-1.1438755161020042,0,-0.018734684668163807,-1.172935422068139,0.0,1,-2.6993726442632133,0.4023532302146519,0,0,-1.6605369868018272,1,-0.024257370285858674,0.5764538328718619,1.0,-1.2883750160531464,1,0,0,0,0
-0.49568361197249466,1,1.6364885728327827,-0.005237728494397139,1.0,1,-0.8095852938684521,0.4023532302146519,0,0,-1.0972759007742519,1,0.09128872641290539,0.5764538328718619,1.0,-0.5732635928323964,0,0,0,1,0
1.359743243619858,1,1.5794545271600087,0.24764996822867544,1.0,1,-0.8095852938684521,0.4023532302146519,0,0,-1.6605369868018272,1,-0.024257370285858674,0.5764538328718619,1.0,-0.3147448873426625,0,0,0,0,1
-0.8129313843485476,1,1.6385129458344307,0.09274937566491034,1.0,1,-0.8095852938684521,0.4023532302146519,0,0,-1.6349641655122331,1,-1.2044432310566484,-0.46510940500932396,1.0,-0.4813322804387161,0,0,0,1,0
-0.9873993436193877,0,-0.10139303070391609,0.13321609430450632,1.0,1,0.4050641868736782,0.4023532302146519,0,0,-0.18581533226698074,1,0.7377343514642447,-0.4835988805089946,1.0,0.21750136987133414,0,0,0,1,0
-0.5179708261715386,1,-0.8711022643098535,-0.6354166257396147,1.0,1,-0.8095852938684521,-2.1779376168872213,0,0,1.6019266592521622,0,-0.024257370285858674,-1.0891146293991636,0.0,-0.3772338780920976,0,0,0,1,0
-0.2085615711798295,1,1.4697015466863943,1.300862416438999,1.0,1,-0.08635422593562495,0.323527925126537,0,0,-0.030482913151057865,1,0.7856203927650196,-0.038364115880090796,1.0,0.7356004452836845,0,0,0,1,0
-0.2273753273021044,0,-0.7980117443555799,-0.15893735049036498,1.0,1,0.40139233005186153,-2.1579558445672644,0,0,0.007161023628936114,1,-0.9155939218188585,-0.6074022498780622,1.0,0.18033456557732416,0,0,0,1,0
-0.9873993436193877,1,1.5794545271600087,-0.7889934246906216,1.0,1,-0.8095852938684521,0.4023532302146519,0,0,-1.6605369868018272,0,-0.024257370285858674,0.5764538328718619,2.0,-1.2999914045684322,0,0,0,1,0
4.805738813261242,1,-0.3022108324674983,-0.23610519984187675,0.0,1,-0.8095852938684521,0.4023532302146519,0,0,-0.029305163774832554,1,-0.024257370285858674,-1.0891146293991636,1.0,-0.12257322651896495,1,0,0,0,0
1.5090892663509592,0,-0.20782177761692702,-0.3500832962209591,0.0,1,1.080202056526309,-0.8234036155377048,0,0,-0.029497649129949843,1,0.7279553314218979,-0.9104990675052189,1.0,-0.2912484864622816,1,0,0,0,0
-0.8309231711367714,0,-1.5103779490411224,-1.4033006204946494,0.0,1,-0.8095852938684521,-2.1779376168872213,0,0,-1.6605369868018272,0,-1.2044432310566484,2.2420222951428874,1.0,-1.1424382101681525,0,0,0,1,0
-0.36149465368892225,0,-0.33837252703379833,-1.4033006204946494,1.0,0,1.080202056526309,0.4023532302146519,1,0,1.6019266592521622,1,1.1559284904849312,0.5764538328718619,0.0,-1.4693327554600328,0,0,0,1,0
-0.9873993436193877,1,1.0467247898839511,-0.2514746283620972,2.0,1,-0.8095852938684521,0.4023532302146519,0,0,-1.6605369868018272,1,-1.2044432310566484,0.5764538328718619,2.0,-0.6246898365202249,0,0,0,1,0
-0.5179708261715386,1,-0.8711022643098535,-0.6354166257396147,1.0,1,-0.8095852938684521,-2.1779376168872213,0,0,1.6019266592521622,0,-0.024257370285858674,-1.0891146293991636,0.0,-0.3772338780920976,0,0,0,1,0
-0.20501848120630586,0,-1.0841941592202764,-0.3282630278376007,2.0,1,-0.8095852938684521,-2.1779376168872213,0,1,-0.029305163774832554,1,-0.024257370285858674,-1.0891146293991636,1.0,0.09684355572582802,0,0,0,1,0
-0.9873993436193877,0,-0.5730825946828819,-0.6807642838092712,0.0,1,-0.8095852938684521,-1.646804098192654,0,0,-0.25916367118938943,1,-1.2044432310566484,1.0861177823267958,1.0,-0.5436673611846963,0,0,0,1,0
-0.037754841392737694,1,0.05490987421287863,-0.030948826684979353,1.0,1,-0.8095852938684521,0.3948678064672093,0,0,1.1897176400368865,1,-1.2044432310566484,0.24293374171286267,1.0,-0.032971071332804254,0,0,0,1,0
-0.22463151761762193,1,0.12342957302132589,-0.41165066075822865,1.0,1,0.15012620394337373,1.238617752887828,0,0,-1.2041900969190875,1,-1.0479163605284794,1.954761702455004,1.0,-0.4823577276772089,0,0,0,1,0
-0.6584487183033599,0,1.2264464940514006,2.5881582725610364,1.0,1,1.080202056526309,0.4023532302146519,0,0,0.6472302912755602,1,1.0579895866430062,0.4565029233560271,1.0,2.116489627227685,0,0,0,1,0
-0.4532457092334843,1,0.08231349189835921,-0.44344562705085594,1.0,1,-0.8095852938684521,0.4023532302146519,0,0,1.3470907301634163,1,1.182264337968031,-1.0737014588493077,1.0,-0.5031669857315375,0,0,0,1,0
2.611552623480789,1,0.5139950526078937,1.1233055985809857,0.0,1,-0.8095852938684521,0.017271914338591994,0,0,-1.4278515546379646,1,-0.597562156801789,-1.0891146293991636,1.0,1.0142506846929054,1,0,0,0,0
1.998908037358845,1,0.5139950526078937,1.2103388375551123,1.0,1,-0.556421821260168,0.4023532302146519,0,0,-0.01566643450250411,1,-0.9660114617909865,-0.7551415036184267,1.0,1.1066924073494608,1,0,0,0,0
-0.5179708261715386,1,-1.0266167292154806,-0.7035083166383201,1.0,1,-0.8095852938684521,-0.996938496168694,0,0,1.6019266592521622,0,-0.024257370285858674,-1.0891146293991636,0.0,-0.40232433195854667,0,0,0,1,0
-0.9444688538894022,1,1.3094138233347736,-1.0722908249797831,0.0,1,-0.5434276434388543,1.6924986537655886,0,0,1.4900861430017853,1,1.1559284904849312,0.8503682254715681,1.0,-1.5094038977494635,1,0,0,0,0
-0.8675334317840117,0,-1.3019634212239841,-1.7146697479510697,1.0,1,-0.7574762974686671,-2.1779376168872213,0,0,-0.6225417657823519,0,-1.2044432310566484,2.0856937048425914,1.0,-1.6115367096777091,0,0,0,1,0
1.3139979040230825,1,-0.06831051401907387,0.6243240971726355,0.0,1,0.6929581714075168,-0.720190691508206,0,0,-1.6605369868018272,1,1.143319384748456,-1.0891146293991636,1.0,0.7589345094722005,0,0,0,1,0
-0.984336791971558,0,-0.004052653108834594,-1.39990396243225,1.0,1,-1.5631644568612684,0.962157650656792,0,0,-1.5707882431307052,0,-0.23755354108882426,0.6278332887959984,1.0,-1.5473421376236614,0,0,0,1,0
-0.20501848120630586,1,1.0403959606051119,0.7670778399769685,1.0,1,-0.5768409735811841,0.4023532302146519,0,0,0.6482155552966685,1,-0.8560783290460483,-0.13998711003709516,1.0,0.40060183188304493,0,0,0,1,0
1.3882417794855997,1,1.4562980664965288,0.4023497591278116,1.0,1,-0.8095852938684521,-0.9171804159393516,0,0,1.6019266592521622,1,-0.024257370285858674,-1.0891146293991636,1.0,-0.12305216409081078,1,0,0,0,0
-0.674446998654155,0,-1.2972860541306994,-1.2689209214125183,1.0,1,-0.8095852938684521,-2.1779376168872213,0,0,-0.029305163774832554,1,-0.024257370285858674,0.5764538328718619,2.0,-1.03189050655353,0,0,0,1,0
0.9807491912013018,1,0.8757505080025719,1.3078505447332673,1.0,1,-0.16327990982079435,0.4023532302146519,0,0,0.4598653728508567,1,-0.5373526147428457,0.4465245026985615,1.0,1.0248180666066307,1,0,0,0,0
-0.6754539228240806,0,0.9703633093427997,2.5296334179877853,1.0,1,1.080202056526309,0.4023532302146519,0,0,0.5664011232127494,1,0.27800593144545227,0.17686896865688234,1.0,2.214487521029966,0,0,0,1,0
2.1421241060329397,1,-0.018734684668163807,-0.3282630278376007,2.0,1,1.080202056526309,0.4023532302146519,0,0,-0.029305163774832554,0,-1.2044432310566484,-1.0891146293991636,2.0,-0.3376620016418387,1,0,0,0,0
1.469393765010879,0,-0.6263555684104889,-0.45100325650983425,1.0,0,1.080202056526309,-1.9895092974867599,0,0,-1.5397475327703245,1,-0.4019935578134616,-1.0891146293991636,1.0,-0.24750619174727906,1,0,0,0,0
-0.16544471832841737,1,0.7890434159635211,0.4324421346330686,0.0,1,-0.8095852938684521,0.4023532302146519,0,0,1.6019266592521622,1,2.3361143512557208,2.2420222951428874,1.0,0.1653269588361888,0,0,0,1,0
-0.5135112552557839,0,0.43263656713109455,-0.30274555159629546,1.0,1,0.6657698007973871,-2.0471117103574623,0,0,-0.7157160962818306,1,0.15722571045416953,-1.0891146293991636,1.0,-0.4722395376955637,0,0,0,1,0
1.1235736000156724,1,0.7646017756172955,1.292345047169176,1.0,1,0.6590912923010925,0.4023532302146519,0,0,0.14500990006565492,1,-0.11166075494868258,-0.6034348658009325,1.0,1.0646287603154543,1,0,0,0,0
0.1079338637589269,1,0.08781126278704769,-0.597022426001863,1.0,1,-0.8095852938684521,0.4023532302146519,0,0,-0.029305163774832554,1,-1.2044432310566484,-1.0891146293991636,2.0,-0.6759421679909555,0,0,1,0,0
0.8934739800944327,1,0.6028543727855402,0.9775430559200038,1.0,1,-1.0586365892022769,0.4023532302146519,0,0,0.008748212192740839,1,-1.2044432310566484,-0.06646891811245217,1.0,0.8162016479701287,1,0,0,0,0
2.3443945951543186,0,-1.4344000339108112,-0.2514746283620972,1.0,1,-0.7614354019677444,-2.118405146462887,0,0,-0.1251824454050671,1,1.136178080104932,-1.0891146293991636,1.0,0.3598440437270617,1,0,0,0,0
2.504802544422906,1,0.9009486245757312,0.45679511479632756,1.0,1,-0.8095852938684521,0.4023532302146519,0,0,1.080408795575848,1,0.6244825360788191,-0.21925650986196007,1.0,0.14473380837975577,1,0,0,0,0
0.8874189781240457,1,0.7609792134038181,0.9905286653669066,1.0,1,-0.9088085787009291,0.4023532302146519,0,0,0.039325652715381874,1,-1.2044432310566484,-0.059648415259452206,1.0,0.7542142273079671,1,0,0,0,0
-0.9873993436193877,1,0.4074491051526822,-0.6354166257396147,1.0,1,-0.8095852938684521,0.4023532302146519,0,0,-0.029305163774832554,0,-0.024257370285858674,0.5764538328718619,1.0,-0.8208574750180374,0,0,0,1,0
0.29697804792504034,0,-0.018734684668163807,-0.32667588840884165,2.0,1,0.6727317773962419,0.4023532302146519,0,0,0.24083498227755254,1,-0.19423599925509322,0.30939492006286345,1.0,-0.33587561188775994,1,0,0,0,0
0.9771521169482718,1,0.8244273251133982,1.3073659715383767,1.0,1,0.45891178763582613,0.4023532302146519,0,0,0.2078237438749555,1,-0.1626825500815254,-0.09990520499254293,1.0,1.049984962909831,1,0,0,0,0
-0.20501848120630586,0,-0.44491847448900984,-1.019358623117132,1.0,1,-0.8095852938684521,-2.1779376168872213,0,0,-1.6605369868018272,1,-0.024257370285858674,0.5764538328718619,1.0,-0.9890557970369946,0,0,0,1,0
0.17954205457214692,1,1.445195978771696,0.36099068249791155,1.0,1,-2.468578584521552,0.2290312235785486,0,0,-0.029305163774832554,1,0.315341111150936,2.1490452668735323,1.0,-0.1588339973235849,0,0,0,1,0
-0.35751421281330925,0,-0.6534715120378404,0.030498364007110593,0.0,1,1.080202056526309,-2.1779376168872213,0,0,1.6019266592521622,1,0.3072851624653146,1.8721828180956062,1.0,0.3452681150799026,0,0,0,1,0
0.021065490700512224,1,0.1820511533111821,-0.008827624564076795,1.0,1,-0.8095852938684521,-0.013469670813779672,0,0,1.102733834305795,1,-1.2044432310566484,0.05681812503331141,1.0,-0.0594711719573537,0,0,0,1,0
-1.1438755161020042,1,0.5139950526078937,-0.6354166257396147,1.0,0,-0.8095852938684521,0.4023532302146519,0,0,-1.6605369868018272,1,2.3361143512557208,2.2420222951428874,1.0,-0.8537633523222632,0,0,0,0,1
0.1613546725683195,1,0.9081830944079388,1.093296077758763,1.0,1,-0.8104734939231376,0.4023532302146519,0,0,0.15324272707647257,1,0.5104163924494614,0.32579077600545936,1.0,0.7901575781485436,0,0,0,1,0
-0.6788815333823124,1,1.2872309570745994,-0.056264541406663066,1.0,1,1.0718851023972213,0.5257724118678052,0,0,0.8974906151007154,1,2.010737109441214,-0.5387158720624674,1.0,-0.5094435732015924,0,0,0,1,0
-0.9873993436193877,1,0.9237601119258915,-1.3436899779528149,1.0,1,0.8872528782636531,0.4023532302146519,0,0,-0.297569393230737,0,0.1675452556207494,0.5764538328718619,1.0,-1.6954951611882942,0,0,0,1,0
2.086133332566692,0,-0.2734327720598474,-0.28680735140115987,0.0,1,0.7062660539289971,0.4023532302146519,0,0,-0.4458760968848821,1,-1.2044432310566484,0.11203838183144502,1.0,-0.19282758699360647,1,0,0,0,0
-1.0017773132041252,1,0.9820087813996544,-1.031545287661692,0.0,1,0.263932977758847,1.6924986537655886,0,0,-0.029305163774832554,1,1.1559284904849312,-0.7226412662141322,1.0,-1.3922402364792306,1,0,0,0,0
-0.3286806614622826,0,-1.1497518806894689,-1.6317364719901382,0.0,0,1.080202056526309,0.39359314278874097,0,0,1.1170968305075482,0,1.1172585205709153,-1.0891146293991636,2.0,-1.5427643653464607,0,0,0,1,0
0.11030807672400576,1,0.9214161010818757,1.107008873348699,1.0,1,-1.3091241229224015,0.4023532302146519,0,0,0.038449681226416364,1,0.4388546425957639,-0.43664483998911213,1.0,0.797859652702347,0,0,0,1,0
0.1274300124693984,1,0.7431753855840526,1.023486323210192,1.0,1,-1.834307366321208,0.4023532302146519,0,0,0.0037256494096413596,1,0.6327627200779868,-1.0868994233443432,1.0,0.7967977889365953,0,0,0,1,0
0.11778278700732768,1,1.3492193893040425,1.322620985343379,1.0,1,1.080202056526309,0.4023532302146519,0,0,1.6019266592521622,1,0.7846054329247566,-0.6477906195196723,1.0,0.811910932983634,0,0,0,1,0
-0.4012219196920161,1,-0.35378972563056715,0.3034902619620629,0.0,1,-0.8095852938684521,0.3611950109125298,0,0,-0.029305163774832554,1,-1.2044432310566484,1.0635926344430422,1.0,0.5287091051456931,0,0,0,1,0
0.8010743308149306,1,2.2292462969051057,1.6657653060795612,1.0,1,-0.4305166288274674,0.4023532302146519,0,0,-1.1781866304282138,1,0.04463951989421854,-1.0891146293991636,1.0,0.7352543557049875,0,0,0,1,0
-0.674446998654155,1,0.1943572102422592,-0.6354166257396147,1.0,1,1.080202056526309,0.4023532302146519,0,0,-1.6605369868018272,1,-1.2044432310566484,-1.0891146293991636,2.0,-0.7533155638818186,0,0,0,1,0
1.8777250655796827,0,-0.003850215808669786,-0.136292029148842,0.0,1,-0.8095852938684521,-2.1779376168872213,0,0,-0.029305163774832554,1,0.5329933479660067,-1.0891146293991636,1.0,-0.12747858345908722,1,0,0,0,0
-0.048542308723689476,0,0.7270869475183167,-0.4050514273131042,1.0,0,-0.8095852938684521,0.4023532302146519,0,0,1.6019266592521622,0,-0.024257370285858674,0.5764538328718619,1.0,-0.6787273540591013,0,0,0,0,1
-0.674446998654155,1,1.380820917319256,0.11912757307593659,1.0,1,0.24000449032814822,0.7795736900250162,0,0,1.6019266592521622,1,1.1559284904849312,-0.5629315719354259,1.0,-0.36994960792808906,0,0,0,1,0
0.35765309209072704,0,-0.4368636008613961,-0.30619457934713723,2.0,1,-0.8095852938684521,-0.11679096705885639,0,0,-0.029305163774832554,1,-1.2044432310566484,-0.36592813421800896,1.0,-0.15045203510285798,0,0,0,1,0
-0.5179708261715386,1,1.5794545271600087,-0.136292029148842,0.0,1,-0.8095852938684521,-2.1779376168872213,0,0,1.6019266592521622,1,-0.024257370285858674,-1.0891146293991636,2.0,-0.6796510048336885,0,0,0,1,0
0.2542010613202601,0,-1.298426095768471,0.5983673912863305,1.0,1,1.080202056526309,0.4023532302146519,0,0,-1.6509714433915967,1,-1.1807687026895863,0.06985119825058214,1.0,1.4018804827767228,0,0,0,1,0
-0.3392074394898783,0,-1.1256405327803556,-1.6778946700104587,0.0,0,1.080202056526309,-0.13819835007183748,0,0,1.0386655732245869,0,-0.13980346698462287,-1.0891146293991636,2.0,-1.6078371120682908,0,0,0,1,0
1.9354707193203229,1,0.8413574761640296,0.4699587965416141,2.0,1,0.2126932835402433,-2.027763399440469,0,0,1.4863098413314781,1,2.0851112422011284,0.13154885079848783,1.0,0.18247930009626287,1,0,0,0,0
-0.4892511894740791,1,0.1943572102422592,-0.23013225258287445,0.0,1,-0.8095852938684521,-0.28346098389113117,0,0,-0.029305163774832554,1,1.1559284904849312,0.5764538328718619,1.0,-0.30769836337590933,0,0,0,1,0
1.1631811617468175,1,-0.2550535961238213,0.5940446267320568,0.0,1,0.7514470899022352,-0.40829932551019066,0,0,-1.6605369868018272,1,1.1517824975560431,-1.0891146293991636,1.0,0.8177677980094069,0,0,0,1,0
-0.20501848120630586,1,-0.23182657957858682,-0.6354166257396147,2.0,1,-0.8095852938684521,0.4023532302146519,0,0,-0.029305163774832554,0,1.1559284904849312,2.2420222951428874,1.0,-0.6109233992725059,0,0,0,0,1
0.06620292036719312,1,-0.664584254357418,0.18111616037852898,1.0,1,-2.631039823460289,0.4023532302146519,0,0,-1.6605369868018272,1,-0.7984439525353068,-0.5405313416863428,1.0,0.532722585462603,1,0,0,0,0
1.6726955885850907,1,0.8336328949735282,0.7083803650816963,2.0,1,1.080202056526309,-2.1779376168872213,0,0,1.6019266592521622,1,2.3361143512557208,0.5764538328718619,0.0,0.43042302641892394,1,0,0,0,0
-0.4111545576926955,1,1.24533709053521,0.7274613224963657,1.0,1,-0.662026917974928,0.4023532302146519,0,0,1.4316488941736665,1,-1.1303865682932814,-0.653080464955845,1.0,0.27518170397268665,0,0,0,1,0
-0.5179708261715386,0,-0.8908345737785606,-0.6745248424098893,1.0,1,-2.4301384200271725,0.4023532302146519,0,0,0.29324156705594084,1,-0.22783235015365533,-0.13494876543872542,0.0,-0.4181881096710932,0,0,0,1,0
-0.09351512545691845,0,-1.2056885031034545,-0.9295544747479316,1.0,1,-0.058810575303621715,-0.0406981899778221,0,0,0.07030111380284207,0,1.0532298970665177,2.0544559683326984,1.0,-0.6233589317566621,0,0,0,1,0
-1.3003516885846205,0,-1.0841941592202764,-1.1345412223303872,0.0,1,1.080202056526309,0.4023532302146519,0,0,-1.6605369868018272,0,2.3361143512557208,-1.0891146293991636,1.0,-0.9276374962028339,0,0,0,1,0
2.4550764509981726,0,-1.3951911252472944,-0.934447086014713,1.0,1,-0.3307679831115811,0.4023532302146519,0,0,1.205400302783468,1,-0.005324828707373795,-0.7336206935174228,1.0,-0.5595512468277944,1,0,0,0,0
-0.9873993436193877,1,0.6205410000631052,-0.6354166257396147,1.0,1,-0.8095852938684521,1.6924986537655886,0,0,-0.029305163774832554,1,1.1559284904849312,0.5764538328718619,2.0,-0.8861099289660554,1,0,0,0,0
1.92797957903889,0,-1.8052758224076575,-0.9265510884734458,1.0,1,-0.26418510539512274,0.20277676420928695,0,0,1.0116882613353668,1,-1.2044432310566484,0.5610323344796945,1.0,-0.38844118576939146,1,0,0,0,0
-1.1438755161020042,0,-0.5514644219442213,-0.7505992249528699,0.0,1,1.080202056526309,-2.1779376168872213,0,0,-0.029305163774832554,1,-0.024257370285858674,0.5764538328718619,1.0,-0.6348838264160557,0,0,0,0,1
-0.9835104413046772,0,-0.018734684668163807,-1.4033006204946494,1.0,1,-2.545165996471001,1.0739448811712096,0,0,-1.632858245228705,0,-0.43565599912022673,0.5764538328718619,2.0,-1.547660383619867,0,0,0,1,0
0.26227695305826004,0,-0.34954919692184844,0.9867267565262756,1.0,1,1.080202056526309,0.4023532302146519,0,0,1.4879639104000275,1,-1.1535760402715665,-0.8582185390429936,1.0,1.3245781970328108,0,0,0,1,0
1.9856479335503234,0,-0.23182657957858682,-0.136292029148842,0.0,1,-0.8095852938684521,-2.1779376168872213,0,0,-0.029305163774832554,1,-1.2044432310566484,-1.0891146293991636,1.0,-0.03568298570711934,1,0,0,0,0
-0.36149465368892225,0,-1.0841941592202764,-1.2113296218058909,0.0,0,1.080202056526309,1.6924986537655886,0,0,1.6019266592521622,0,1.1559284904849312,-1.0891146293991636,3.0,-1.0252071201960398,0,0,0,1,0
-0.49828049053101614,1,-0.6784139183371046,-0.6354166257396147,1.0,1,-0.8095852938684521,-2.1779376168872213,0,0,0.15986389704613882,0,-0.29506753864176716,-1.0891146293991636,0.0,-0.45038157697848935,0,0,0,1,0
1.5438836210165383,0,-0.22094823834340802,-0.3515998287164008,0.0,1,0.6947988242868018,-0.924597461979346,0,0,-0.1571921074683261,1,-0.10071335090417279,0.0845065351501049,1.0,-0.28798359335707197,1,0,0,0,0
-0.9394214019936302,0,0.4671148357276011,1.7847391021517214,1.0,1,1.080202056526309,0.4023532302146519,0,0,1.5763538379625677,1,0.6679511417027287,-0.0475513915179779,1.0,1.7441715109691451,0,0,0,1,0
1.0382424488757274,1,0.6167799281179357,1.2846539594719097,1.0,1,0.6391483663923762,0.4023532302146519,0,0,0.25357816527904004,1,0.08118515525884687,0.906967572956462,1.0,1.1321115592759352,1,0,0,0,0
-0.09350714517212141,0,0.43835808450943947,1.7760117166093325,1.0,1,1.080202056526309,0.4023532302146519,0,0,1.3683261060355814,1,0.030577605363134436,-0.11282002284899253,1.0,1.7517264542297957,0,0,0,1,0
2.2897252629646876,0,-1.5665489725395094,-0.9037289234479307,1.0,1,0.8334638609093672,0.4023532302146519,0,0,1.5569470729640158,1,1.3456905750382664,-0.5795272960934943,1.0,-0.45273026099765395,1,0,0,0,0
-0.9873993436193877,1,0.050839819020090805,-1.3602319653330261,1.0,1,-0.8095852938684521,0.4023532302146519,0,0,-0.029305163774832554,1,-1.2044432310566484,1.1248205966845874,1.0,-1.5160593314171833,0,0,0,1,0
-0.674446998654155,1,-1.2972860541306994,-0.48183982678860765,1.0,0,1.080202056526309,0.4023532302146519,0,0,-0.029305163774832554,0,2.3361143512557208,0.5764538328718619,2.0,-0.006322915790141442,0,0,0,1,0
-0.04020056396864124,1,1.8198328392137093,1.3407741853155848,1.0,1,0.7174139095089755,-0.0065441701801584795,0,0,1.0154710879329663,1,0.3064200862293698,-1.0891146293991636,1.0,0.6180169137661767,0,0,0,1,0
-0.713624407387145,1,-0.2236864691930088,-0.2660082535482263,0.0,0,-1.1167513298016165,0.4023532302146519,0,0,-0.029305163774832554,1,0.2053112031654147,0.9308235100415696,1.0,-0.18838299813254866,0,0,0,1,0
-0.048542308723689476,0,-2.1496536337723913,-0.9041760239038769,0.0,0,-0.8095852938684521,-2.1779376168872213,0,0,-0.029305163774832554,1,-1.2044432310566484,-1.0891146293991636,1.0,-0.21147645609270185,0,0,0,1,0
-0.23186431573828611,1,0.09223291960643955,-0.43796070846472,1.0,1,0.6758026818406329,0.4023532302146519,0,0,0.8290376028792111,1,-0.11263204791209695,2.2420222951428874,1.0,-0.5005567570139049,0,0,0,1,0
0.06715945920957922,1,0.5893123828639826,1.180561179305106,1.0,1,-1.9573192943204543,0.4023532302146519,0,0,-0.029305163774832554,1,0.09138078091004553,-0.038364115880090796,1.0,1.0366524862458348,0,0,0,1,0
2.4550764509981726,0,-0.23182657957858682,-0.2514746283620972,0.0,0,1.080202056526309,0.4023532302146519,0,0,1.6019266592521622,0,-1.2044432310566484,-1.0891146293991636,1.0,-0.16843077345297774,1,0,0,0,0
-0.8327099725503504,0,-1.67804930655139,-1.7283057167473304,1.0,1,0.48682772637585797,-2.1779376168872213,0,0,-1.1547344105085549,0,-1.2044432310566484,0.6842161123807972,1.0,-1.533183897775965,0,0,0,1,0
0.22659084068570204,1,0.6902966318620329,1.109924183328986,1.0,1,-0.4241404863072355,0.4023532302146519,0,0,0.22658617230341221,1,0.317313201724284,0.9441563855820493,1.0,0.9122447850753493,0,0,0,1,0
-0.8309231711367714,0,-1.8206930210044263,-1.7104542183966633,1.0,0,0.7865423307864157,-1.8255627776436012,0,0,-0.525998941568322,0,-0.8975016725732423,-0.030034608000273525,2.0,-1.470194774012823,0,0,0,1,0
-0.3533341083416089,1,0.967103003350671,0.132252937409885,1.0,1,-1.241036974475029,-1.0294333889516716,0,0,-0.029305163774832554,1,-1.2044432310566484,1.1859686116399437,1.0,-0.21046084382491467,0,0,0,1,0
-0.807497749259089,1,-0.020673820911847635,-0.3282630278376007,1.0,0,-2.5170932053808865,-0.25392439456435606,0,0,0.704861711583104,1,-1.2044432310566484,0.12028461128814893,1.0,-0.33694015727753296,0,0,0,1,0
0.6365038024059607,1,0.6945478151654939,1.0245772560015411,1.0,1,-0.21586135305817788,0.4023532302146519,0,0,0.21833050804707263,1,-1.2044432310566484,1.5400135029595086,1.0,0.8212380501613996,1,0,0,0,0
1.4727892979537511,1,0.11876286052278592,0.6421921050291897,0.0,1,0.18422363710654643,-0.8354355117577404,0,0,-1.6605369868018272,1,0.766892023340448,-1.0492092746116122,1.0,0.6876296145945128,0,0,0,1,0
2.674747403451963,0,-1.4254288651350824,-0.21089767997505476,1.0,1,-0.5218387127479439,0.37396874075110786,0,0,-0.8233904464561966,1,-1.2044432310566484,-1.0891146293991636,1.0,0.4091619802242901,1,0,0,0,0
-0.7257905862738409,1,-0.02433900150430821,-0.3282630278376007,0.0,0,-0.9511983987576338,-0.4255356683688312,0,0,1.2333384102164513,1,-1.2044432310566484,-0.8666513121674719,1.0,-0.33557515862945225,0,0,0,1,0
-0.20501848120630586,1,0.5139950526078937,-0.44344562705085594,2.0,1,-0.8095852938684521,0.4023532302146519,0,0,-0.029305163774832554,0,-0.024257370285858674,-1.0891146293991636,1.0,-0.6498627503446248,0,0,0,1,0
-0.833251693059485,0,0.6111329929028104,-0.2514746283620972,0.0,1,-0.8095852938684521,-1.6466454103055572,0,0,1.032943211989408,1,2.1926202731880435,0.4995728582218937,1.0,-0.4796907893567167,0,0,0,1,0
0.2644100362415433,0,-0.7231419070788015,0.972460738912318,1.0,1,1.080202056526309,0.4023532302146519,0,0,0.9852818805842056,1,-1.2044432310566484,-0.8828156540938121,1.0,1.525532463659939,0,0,0,1,0
0.25936055015552917,0,-1.0479259187065229,0.7096054472069285,1.0,1,1.080202056526309,0.4023532302146519,0,0,-0.16066336878772738,1,-1.1724590140438993,-0.1794860661198526,1.0,1.3938570278428553,0,0,0,1,0
-0.21654263835730536,0,0.1474450295777303,-1.4033006204946494,0.0,1,0.03943379968135074,1.2372760016473348,0,0,-1.226599959703832,1,-0.18234916726540987,-0.9271647455387027,2.0,-1.5867691306213716,0,0,0,1,0
-0.2880524056580338,1,0.6473373058480913,0.7083840893190708,1.0,1,-0.2751477618147627,0.4023532302146519,0,0,0.14077359102125425,1,-0.024257370285858674,-1.0891146293991636,1.0,0.512951936259426,0,0,0,1,0
-0.7312160846023308,1,1.197828252564931,-0.047945862120482845,1.0,1,0.9364194757588743,0.8356821144952461,0,0,0.5782373413206339,1,0.3364463748991002,-0.5703966497833246,1.0,-0.4715621025895177,0,0,0,1,0
-0.20501848120630586,1,0.4074491051526822,-1.2881180212813943,0.0,1,-0.8095852938684521,0.4023532302146519,0,0,-1.6605369868018272,0,2.3361143512557208,2.2420222951428874,2.0,-1.5221109490873204,0,0,0,1,0
-0.20501848120630586,1,0.9600709708186284,0.1324673690154202,1.0,1,-0.681425585126731,0.4023532302146519,0,0,-1.5266389538404794,1,-1.2044432310566484,2.112714222006014,1.0,-0.20766635362558894,0,0,0,1,0
-0.5179708261715386,0,-1.7234698439515455,-1.5184832197079048,0.0,0,1.080202056526309,0.4023532302146519,0,0,-1.6605369868018272,1,1.1559284904849312,-1.0891146293991636,3.0,-1.233338646499644,0,0,0,1,0
0.2644100362415433,0,-0.6463116243688501,0.970165264892597,1.0,1,1.080202056526309,0.4023532302146519,0,0,0.8688021410291399,1,-1.2044432310566484,-0.7479728969568122,1.0,1.476865426556298,0,0,0,1,0
-0.2060074106163958,0,0.4221204821172644,-1.2160478466174633,0.0,1,1.080202056526309,0.4023532302146519,0,0,-0.013325616836459891,1,1.1559284904849312,-0.970331283375381,2.0,-1.4482583661925412,0,0,0,1,0
-0.7168129223538233,1,0.9754988240101419,-1.0886543945138134,0.0,1,0.152004652569666,0.964734071067623,0,0,0.0961903940661031,1,1.1874016870199664,1.314846968113551,1.0,-1.4484249025242717,1,0,0,0,0
-0.6204375264838825,0,-1.7832953934476459,-1.7117884168375503,1.0,1,0.8695474605778046,-2.1779376168872213,0,0,-1.6605369868018272,0,-1.2044432310566484,-0.7622901234584939,2.0,-1.4822663591046845,0,0,0,1,0
-0.0830867709418143,0,-1.5836069787270906,-0.3282630278376007,0.0,1,-0.8095852938684521,-2.1779376168872213,0,0,-0.029305163774832554,1,-0.22783707089709843,-1.0891146293991636,1.0,0.3299903846276951,0,0,0,1,0
-0.5179708261715386,1,0.5139950526078937,-0.44344562705085594,1.0,1,1.080202056526309,0.4023532302146519,0,0,-0.029305163774832554,1,-1.2044432310566484,0.5764538328718619,1.0,-0.6498627503446248,0,0,0,1,0
-0.8309231711367714,0,0.6205410000631052,-0.27646076727323154,0.0,1,-0.8095852938684521,-1.0247914457177352,0,0,1.6019266592521622,1,0.4197627759260747,1.9111104841958049,1.0,-0.5091677894621774,0,0,0,1,0
-0.9051188519381637,1,0.801551910194763,-1.1239464964895538,0.0,1,-0.8095852938684521,1.3663021553112404,0,0,0.9095258434910087,1,1.1559284904849312,1.9819104683900213,1.0,-1.443063079040732,1,0,0,0,0
0.8834607568649253,1,0.020559460753319606,-0.1667010800135357,1.0,1,-0.5834854659051718,0.7803090729164404,0,0,-0.4805495605151442,1,-1.2044432310566484,0.5549713308454902,1.0,-0.1711813734456259,1,0,0,0,0
-0.40350897542902203,1,-0.0592114901063974,-0.428119008063343,1.0,1,-0.6032923271246593,0.7186298005073168,0,0,-0.07534831321159265,1,-0.03684405249097919,-1.0891146293991636,1.0,-0.4354422294429818,0,0,0,1,0
-0.8300273450493081,0,-1.0842048138150235,-0.5005042839245216,1.0,0,0.9708854174553735,-0.026347902431665036,0,0,0.2720942777022193,1,0.5946379960316474,0.25168130727670995,1.0,-0.12200682360726084,0,0,0,1,0
1.359743243619858,1,0.1943572102422592,-0.136292029148842,1.0,1,-0.8095852938684521,-2.1779376168872213,0,0,-0.029305163774832554,1,2.3361143512557208,-1.0891146293991636,1.0,-0.20451940945816158,1,0,0,0,0
-0.5908747961690867,1,1.7004694142796377,1.10760018241886,1.0,1,-0.8095852938684521,0.4023532302146519,0,0,1.6019266592521622,1,-0.03890229663216341,2.0996678242410454,1.0,0.45133541628785107,0,0,0,1,0
-0.5201771402035433,1,0.8389921561305245,0.6388688950708884,0.0,1,-0.8095852938684521,0.4023532302146519,0,0,-0.668539240728067,1,-0.6401562447028676,-1.0891146293991636,1.0,0.3567618299339294,0,0,0,1,0
1.7030658924260689,0,-0.3012732281298939,-0.5128013317933277,1.0,0,1.080202056526309,0.15685919843968535,0,0,-0.6957857058680867,1,-0.9943430035646501,-1.0891146293991636,1.0,-0.44433117236480596,1,0,0,0,0
0.6433222516218908,1,1.358254485648244,0.7893226330268269,1.0,1,0.07025245179158848,0.318985323090214,0,0,0.7545914449399046,1,-0.02209763016064813,1.69290602552214,1.0,0.28929302832047754,1,0,0,0,0
-1.0848635006974627,1,1.1664611256341162,-1.0642525769284876,0.0,1,0.10503209818825425,1.3864477760999883,0,0,-0.029305163774832554,1,1.1559284904849312,0.45994898450446586,1.0,-1.4687347040469911,1,0,0,0,0
-0.048542308723689476,0,-1.0841941592202764,-1.3649064207568977,1.0,1,-2.6993726442632133,0.4023532302146519,0,0,-0.029305163774832554,1,-1.2044432310566484,0.5764538328718619,1.0,-1.2203463681824518,1,0,0,0,0
2.1222470943186456,0,-1.4532053936366562,-0.2514746283620972,1.0,1,-0.8047398791020399,-0.9210353704649218,0,0,-0.13468600200602254,1,0.7420361289267544,-1.0891146293991636,1.0,0.36902330147792184,1,0,0,0,0
-0.8309231711367714,0,-2.1496536337723913,-1.5952716191834082,1.0,1,-0.8095852938684521,0.4023532302146519,0,0,-1.6605369868018272,0,-1.2044432310566484,-1.0891146293991636,1.0,-1.2105894057831308,0,0,0,1,0
-0.9855657558302366,1,-0.22126787618577573,-0.2609612208100999,1.0,1,-0.02880831132875449,-0.2149220082649881,0,0,-0.05326469679145311,1,-1.1961229207382145,0.5189317604588697,1.0,-0.18352376616007837,0,0,0,1,0
-0.3674064799614878,1,2.445278859965292,1.2153039754651986,1.0,1,-0.8095852938684521,0.4023532302146519,0,0,1.6019266592521622,1,-0.32686528628851463,0.5764538328718619,1.0,0.2495821739372126,0,0,0,1,0
-0.4289435513613818,0,-0.026033082068846285,1.7875495575725244,1.0,1,1.080202056526309,0.4023532302146519,0,0,-0.46434490358519387,1,0.8883850765916361,0.44510044166331963,1.0,2.0484091709517482,0,0,0,1,0
-0.02060974717381774,0,-1.2011070273628812,-0.23024006349573814,0.0,1,-0.8095852938684521,-2.1779376168872213,0,0,-0.029305163774832554,1,-1.190898237932582,-1.0891146293991636,1.0,0.275855716056442,0,0,0,1,0
-0.5179708261715386,1,-0.8711022643098535,-0.6354166257396147,1.0,1,-0.8095852938684521,-2.1779376168872213,0,0,1.6019266592521622,0,-0.024257370285858674,-1.0891146293991636,0.0,-0.3772338780920976,0,0,0,1,0
-0.7955104226375408,1,1.1986060379813541,-0.04968888200017753,1.0,1,1.0260615387248493,0.9056944361950852,0,0,0.18889982349601975,1,1.5318082456535413,0.04117010933027524,1.0,-0.47354509728539407,0,0,0,1,0
-0.8263080629055691,0,-1.3613521323355187,-1.621523499677297,1.0,0,1.0499730180693945,0.4023532302146519,1,0,-1.6356623327324884,0,0.3626465010082117,-1.0891146293991636,2.0,-1.474360499598666,0,0,0,1,0
-0.20501848120630586,0,-1.0841941592202764,-1.326512221019146,1.0,1,-0.8095852938684521,1.6924986537655886,0,0,-0.029305163774832554,0,1.1559284904849312,0.5764538328718619,2.0,-1.1715615561858488,1,0,0,0,0
-0.3171990658301982,1,1.8024658497785098,0.10373464730547646,1.0,1,-0.8095852938684521,0.14429705245057003,0,0,-1.5278640089395725,1,-0.6800311843807303,0.5764538328718619,1.0,-0.5239890557197896,0,0,0,1,0
-0.2690131673712115,0,-0.5513365668072737,0.04324516153164464,0.0,1,1.0496838806047841,-2.0896361936631247,0,0,1.3640294414137282,1,0.09754843221843389,0.5764538328718619,1.0,0.31353394524723793,0,0,0,1,0
1.402061911515437,1,0.3375443090273176,-0.0689551298227811,0.0,1,0.3839382540836154,-0.07864781761157315,0,0,0.38408486728031455,1,1.9711489549275187,0.31957987120965076,1.0,-0.1857435821415739,1,0,0,0,0
-1.05302122550194,1,0.7305390362158655,-1.1846359392556196,0.0,1,-0.8095852938684521,1.6924986537655886,0,0,0.5736421612751663,1,1.1559284904849312,1.5965578866851478,1.0,-1.4889631625363973,1,0,0,0,0
-0.41243234211718843,0,0.19201319939824577,1.7551044622957386,1.0,1,1.080202056526309,0.4023532302146519,0,0,-0.3917567186923155,1,0.6658161854805944,0.4554352939717114,1.0,1.876532456179028,0,0,0,1,0
-0.8846082682014875,0,-1.3610324944931531,-1.7403949752071557,1.0,1,-1.4710600009777286,-1.5150157431769258,0,0,-0.7634018961643789,0,-0.9355945316013409,2.196928694595362,1.0,-1.6305150703193685,0,0,0,1,0
0.18597651126080408,1,1.9581507882000653,1.3324044801379538,1.0,1,-0.03749188420381781,0.4023532302146519,0,0,1.3603477511891566,1,0.3534788172417442,-1.0891146293991636,1.0,0.5509897969672629,0,0,0,1,0
-0.1549273288711708,1,0.04320047458755131,-0.17422695746933087,1.0,1,0.6728980786830764,-0.729691322407235,0,0,1.5760765285526535,1,1.3500360193776244,-0.7493753056020445,1.0,-0.18840177186644902,0,0,0,1,0
0.18194631096234218,0,-0.1368834858012467,-0.31158105520514523,2.0,1,-0.46488619136909726,0.18563202167571868,0,0,0.7160682742072997,1,-1.1586413979859949,-0.2163317716422122,1.0,-0.2742304804024217,0,0,0,1,0
0.1549092625475884,1,0.6765628592350552,1.066599131701514,1.0,1,-1.63579276431164,0.4023532302146519,0,0,0.09384142024094405,1,0.6292516671421937,-1.0883884415496135,1.0,0.8737699176138258,0,0,0,1,0
-0.9873993436193877,0,-1.403832001585911,-1.480089019970153,0.0,1,1.080202056526309,-2.1779376168872213,0,0,-1.6605369868018272,1,-0.024257370285858674,-1.0891146293991636,3.0,-1.2763551877975217,0,0,0,1,0
0.1079338637589269,0,-1.403832001585911,-1.2113296218058909,1.0,1,-0.8095852938684521,-2.1779376168872213,0,0,-0.029305163774832554,0,1.1559284904849312,-1.0891146293991636,1.0,-0.9216861014333183,0,0,0,1,0
-0.8309231711367714,1,1.3663626322495857,-0.17468622888659374,1.0,1,1.080202056526309,0.4023532302146519,0,0,-0.029305163774832554,1,1.1559284904849312,-1.0891146293991636,2.0,-0.6503802800161024,0,0,0,1,0
0.26314038857801947,0,-1.2869724064170365,0.5933274614751551,1.0,1,1.080202056526309,0.4023532302146519,0,0,-1.6547249078163822,1,-1.1948518605661642,0.5764538328718619,1.0,1.3883742837718467,0,0,0,1,0
-0.06613508127208265,1,-0.4662809369537777,0.1324673690154202,0.0,1,-0.8095852938684521,0.4023532302146519,0,0,1.6019266592521622,1,-0.4920381984326904,0.5249627838607531,1.0,0.3804735002381371,0,0,0,1,0
0.8329998513342134,1,1.4179521800073993,0.7160346327414144,1.0,1,0.712700779857091,0.4023532302146519,0,0,-0.22040886553791417,1,1.1559284904849312,0.08974141682702275,1.0,0.19410523067203753,1,0,0,0,0
-0.5452036262780681,1,0.9761700634791088,0.7335299864953138,1.0,1,-0.8095852938684521,0.4023532302146519,0,0,-1.4070696612126008,1,-1.199795659136933,-0.21136171535079548,1.0,0.39434116604458064,0,0,0,1,0
-0.49739014110958985,0,0.40166366020586464,2.4506158512755074,1.0,1,1.080202056526309,0.4023532302146519,0,0,0.4925454711933793,1,0.6634074261387614,0.044714439017987835,1.0,2.4986071196915094,0,0,0,1,0
0.84970853350808,1,1.2648349989195136,0.042963885624366184,0.0,1,1.080202056526309,0.4023532302146519,0,0,-1.3757059669512606,0,1.1559284904849312,-1.0891146293991636,1.0,-0.40465908912399273,1,0,0,0,0
-0.47499808787498266,0,0.38031185233583903,-1.3849083014464767,0.0,1,1.080202056526309,1.0344186958298796,0,0,-1.1276233376098461,1,-0.2698198225222977,-0.8752656322543376,2.0,-1.619991667452817,0,0,0,1,0
1.014910443273017,1,0.9340098320710818,0.8849726822480977,1.0,1,-0.40331880928058605,-0.5234654468888884,0,0,-1.3670098701027036,1,0.8865557885074414,-0.19360675554298634,1.0,0.5663507297943183,1,0,0,0,0
-0.20501848120630586,0,-0.5514644219442213,-0.6354166257396147,1.0,0,-0.8095852938684521,-2.1779376168872213,0,0,-0.029305163774832554,1,-1.2044432310566484,-1.0891146293991636,1.0,-0.4972649628223329,0,0,0,1,0
2.611552623480789,1,0.5139950526078937,1.153536193205298,1.0,1,-0.8095852938684521,0.18531335575610117,0,0,-0.4775252567152521,1,-0.7839571710943454,-1.0891146293991636,1.0,1.046359891209214,1,0,0,0,0
0.2644100362415433,0,-0.970871889506915,0.7246415372850256,1.0,1,1.080202056526309,0.4023532302146519,0,0,0.2652398415818594,1,-1.2044432310566484,-0.2231772580221462,1.0,1.36699414204959,0,0,0,1,0
-0.3646603231344179,0,-1.0841941592202764,-0.7841187435151177,1.0,1,-0.406805466942065,0.4023532302146519,0,0,0.04698102366084766,1,1.3595648400174878,-1.0891146293991636,1.0,-0.48238027336307054,0,0,0,1,0
-0.5179708261715386,1,0.1943572102422592,-0.5586282262641111,1.0,1,1.080202056526309,0.4023532302146519,1,0,1.6019266592521622,1,2.3361143512557208,-1.0891146293991636,3.0,-0.6688853862781791,1,0,0,0,0
-1.0676921184815653,1,1.4374181246074667,-1.0599279694526265,0.0,1,0.6412630384374681,1.4617793673811277,0,0,-0.029305163774832554,1,1.1559284904849312,-0.16265050010321708,1.0,-1.5261564509976502,1,0,0,0,0
-0.9873993436193877,0,-1.0841941592202764,-1.3649064207568977,1.0,1,-0.8095852938684521,0.4023532302146519,0,0,-1.6605369868018272,1,-0.024257370285858674,0.5764538328718619,2.0,-1.2203463681824518,0,0,0,1,0
-0.8509651087368624,0,0.5699742934008628,-0.2514746283620972,0.0,1,-0.8095852938684521,-2.0550860992204303,0,0,0.7441140429406025,1,2.1905927138792394,0.2331801727978036,1.0,-0.46546365251905436,0,0,0,1,0
-0.37106614468351135,0,-0.9644471688753644,-0.714521999986692,1.0,1,-0.9868586860595832,1.6766388960738767,0,0,0.9457571335122612,1,1.06415015683623,1.202914105175089,1.0,-0.44002601999287766,0,0,0,1,0
1.0034158601186165,1,0.8264410435203017,1.3131525917460518,1.0,1,0.17233309509786227,0.4023532302146519,0,0,0.344483452312688,1,-0.7905319865246995,0.8102130354146756,1.0,1.054919445628702,1,0,0,0,0
-0.5930925329616833,0,0.25346890189041166,-1.4103805493204906,0.0,0,0.8733364842153462,1.5735343442599565,0,0,-1.4825451264322367,1,0.6236091985418487,-0.1639446467984017,2.0,-1.6189030868107892,0,0,0,1,0
0.412301769425591,1,0.7618102717939691,1.2134309144309925,1.0,0,-0.46273372357699805,0.4023532302146519,0,0,0.42407451542182145,1,-0.3997571056073008,-1.0891146293991636,1.0,0.9844056022635108,1,0,0,0,0
-0.7030901185032702,1,1.120742259581087,-0.05644787371041064,1.0,1,-0.8095852938684521,0.4023532302146519,0,0,0.4471336084721306,1,0.055779294234033994,-0.7615306242396984,1.0,-0.4540600203940503,0,0,0,1,0
-0.25517629239091866,0,-0.7830953117118495,-0.13752306237503328,1.0,1,-0.2908556742712441,-2.1779376168872213,0,0,0.4103118125309423,1,-0.087443341085666,1.794100968584341,1.0,0.1999236452759483,0,0,0,1,0
0.4052207531922348,1,1.184371499401338,1.2782058072027531,1.0,1,-0.1520489035973978,0.4023532302146519,0,0,1.1625755737335401,1,-0.39085732403122836,-0.7748335195478571,1.0,0.8454375279785973,0,0,0,1,0
-0.20501848120630586,1,0.1943572102422592,-0.7889934246906216,1.0,1,-0.8095852938684521,0.4023532302146519,0,0,-0.029305163774832554,1,-1.2044432310566484,0.5764538328718619,1.0,-0.9221759190890978,0,0,0,0,1
0.2644100362415433,0,-0.7908518566865896,0.7732869115643576,1.0,1,1.080202056526309,0.4023532302146519,0,0,0.9000288118173458,1,-1.2044432310566484,-0.4279305857945101,1.0,1.3218994306171445,0,0,0,1,0
-0.7615042384527557,1,0.4578773020832348,0.028030922366764105,1.0,1,0.02671364102584394,0.4023532302146519,0,0,1.3174871350391224,1,2.3361143512557208,-1.0891146293991636,1.0,-0.12756538568737213,0,0,0,1,0
0.9803431355337096,1,1.3178735715627192,1.4744513857251147,1.0,1,-0.777553398279261,0.4023532302146519,0,0,-0.2998938985785505,1,-0.26358844117742797,-0.7801533452163507,1.0,0.974703250383361,0,0,0,1,0
-0.8309231711367714,0,-1.5507482085319024,-1.6974091363343666,0.0,1,1.080202056526309,-0.7786458905038754,1,0,0.19507077348253066,0,-0.9729474140947365,-0.9850365873287719,1.0,-1.524957717221618,0,0,0,1,0
-0.36149465368892225,1,-0.11139769516996069,-0.23078015470344898,1.0,1,-0.8095852938684521,-0.8382854429983646,0,0,-0.029305163774832554,1,1.9917951263758429,1.4201908422152687,1.0,-0.1920549807420034,0,0,0,1,0
-1.2424540964805002,0,-0.9358715457678782,-0.7606289801445623,0.0,1,-0.4195350745343234,-2.1779376168872213,1,0,-0.029305163774832554,1,-0.08452946219542284,1.8630438439431252,1.0,-0.5084582136639992,0,0,0,1,0
1.4949788710211669,0,-0.23929545049519543,-0.35301127628715984,0.0,1,0.6418091869817322,-0.7109545404210047,0,0,-0.23550754729185192,1,-0.06323536870953558,0.06336547465849884,1.0,-0.2825933238056042,1,0,0,0,0
-0.6058356394963224,0,1.1085534031922104,2.5570415398067765,1.0,1,1.080202056526309,0.4023532302146519,0,0,0.6035981024732341,1,-0.20044141651102604,0.004316075965604248,1.0,2.1570523074943933,0,0,0,1,0
-0.6954312357649365,1,0.6240570163291266,-1.1970968919631062,0.0,1,-0.5824612011612574,1.6924986537655886,0,0,0.9203409104776775,1,1.1559284904849312,1.426908079823608,1.0,-1.4767713618270832,1,0,0,0,0
0.2644100362415433,0,-0.8831739201565294,0.9301986690987853,1.0,1,1.080202056526309,0.4023532302146519,0,0,0.9791190867568096,1,-1.2044432310566484,-0.45504104365489556,1.0,1.5706492619163714,0,0,0,1,0
-0.23166934642737247,0,-0.91281500273857,-0.15230417657267237,0.0,1,0.4449802752887165,-1.6408384657541544,0,0,0.5893802859037306,1,-0.9019344506662972,-0.09269829025629625,1.0,0.2406235119344605,0,0,0,1,0
-0.42927778446580467,0,0.49836476211621306,1.819741942226637,1.0,1,1.080202056526309,0.4023532302146519,0,0,1.330434222018487,1,0.46344145463320163,0.3478112566451447,1.0,1.763135015911724,0,0,0,1,0
2.4550764509981726,0,-1.616923896496334,-0.9425702236416286,1.0,0,1.080202056526309,0.4023532302146519,0,0,1.6019266592521622,1,-1.2044432310566484,-1.0891146293991636,1.0,-0.48542678100781966,1,0,0,0,0
-0.9455112981504812,0,0.048847409802676656,0.261043516047792,1.0,1,-1.3609307533461237,0.4023532302146519,0,0,-1.6605369868018272,1,-0.14243646164000248,0.5764538328718619,1.0,0.2956909258074685,0,0,0,1,0
-0.36149465368892225,1,1.4729085797047972,-0.09789782941109025,1.0,1,1.080202056526309,0.4023532302146519,1,0,-0.029305163774832554,1,2.3361143512557208,-1.0891146293991636,2.0,-0.6097523412835703,0,0,0,1,0
-0.27716463710052097,0,-1.0419700002437768,-0.17420104138450784,0.0,1,-2.4656588630651926,-2.1586938077495357,0,0,0.039333808874497424,1,0.9749658717095027,1.2861575513509325,1.0,0.27285288126161783,0,0,0,1,0
-0.20501848120630586,0,-1.0841941592202764,-0.9041760239038769,1.0,0,1.080202056526309,0.4023532302146519,0,0,-0.029305163774832554,1,2.3361143512557208,-1.0891146293991636,2.0,-0.634928624223216,0,0,0,0,1
0.9850180176628004,1,0.5139950526078937,1.2842933611479725,1.0,1,0.6236180939468323,0.4023532302146519,0,1,0.25493371892397515,1,0.06959573010607753,1.172998830024239,1.0,1.1852426674541223,1,0,0,0,0
0.2644100362415433,0,-0.6242672678403659,0.9730787703454966,1.0,1,1.080202056526309,0.4023532302146519,0,0,1.145263310395755,1,-1.2044432310566484,-0.8768495878619574,1.0,1.4673256598265874,0,0,0,1,0
0.42088620872415966,1,0.1943572102422592,0.05567896953991672,1.0,1,-0.8095852938684521,-2.1779376168872213,0,0,-0.029305163774832554,1,-1.2044432310566484,-1.0891146293991636,3.0,0.006556034550937167,1,0,0,0,0
-0.24643334272962503,1,0.23613387623944826,0.3146053059977429,0.0,1,-0.8095852938684521,0.4023532302146519,0,0,0.26945331338073814,1,1.076131403694775,-0.7347366243871443,1.0,0.2730767159847859,0,0,0,1,0
-0.2164395205596395,1,0.5251397587117099,0.33541519262080277,0.0,1,-0.8095852938684521,0.4023532302146519,0,0,0.835738703208206,1,2.2076865258866434,1.054666853053732,1.0,0.17275761287962457,0,0,0,1,0
-0.2137265366811361,1,1.0439759044396058,0.1317639872762245,1.0,1,-2.0542370385854496,-0.9565440429573142,0,0,-0.029305163774832554,1,-1.2044432310566484,0.5356540678200709,1.0,-0.23894125794369186,0,0,0,1,0
1.3244559890109577,1,2.25326175346151,0.5733116436910718,1.0,1,-0.8095852938684521,-0.7446673304838146,0,0,0.2571913437670442,1,-0.024257370285858674,-1.0891146293991636,1.0,-0.2459936838855988,0,0,0,0,1
-0.048542308723689476,0,-1.0841941592202764,-1.480089019970153,0.0,1,1.080202056526309,0.4023532302146519,0,0,-0.029305163774832554,0,1.1559284904849312,-1.0891146293991636,1.0,-1.3667008041722606,0,0,0,1,0
-1.0150270895852636,0,0.07082783876268835,-1.4033006204946494,1.0,1,-1.4856737265583313,0.9862601474595701,0,0,-1.4986682217710354,0,-0.7100928786262839,0.5764538328718619,1.0,-1.5688710978767668,0,0,0,1,0
-0.2288626333215518,0,-0.3475780968939283,-0.03768094245539624,0.0,1,-0.6681479392028571,-1.1794734312743747,0,0,0.6693041203047616,1,-1.1630293290163407,0.5764538328718619,1.0,0.12741526492702338,0,0,0,1,0
1.2032670711372415,0,-1.403832001585911,-1.1345412223303872,1.0,1,1.080202056526309,0.4023532302146519,0,0,-0.029305163774832554,1,-1.2044432310566484,-1.0891146293991636,1.0,-0.8203520767578316,1,0,0,0,0
-1.3003516885846205,1,1.2598166847943741,-0.597022426001863,1.0,1,-0.8095852938684521,0.4023532302146519,0,0,-0.029305163774832554,1,1.1559284904849312,0.5764538328718619,2.0,-1.0314223087791112,0,0,0,1,0
-0.45673059007084466,0,0.307679479955623,1.7412838173987388,1.0,1,1.080202056526309,0.4023532302146519,0,0,-0.9768290054255849,1,0.8029219174839195,0.46134306530738683,1.0,1.7916759783138794,0,0,0,1,0
1.0002484694352234,1,1.7070965722113507,1.530723191869355,1.0,1,0.9426009701820152,0.4023532302146519,0,0,-0.8305727601729844,1,-0.13899976041343792,0.6022151802778076,1.0,0.845543129121594,0,0,0,1,0
-0.20501848120630586,0,-0.6136766006633185,-0.08482821345516108,0.0,1,-0.47463371452243386,0.4023532302146519,0,0,1.13795865429224,1,1.427499878721037,-0.9710308221295347,1.0,0.18810061252029106,0,0,0,1,0
-0.9873993436193877,1,0.067642114933777,-1.3528253402616166,1.0,1,-2.1251078437999538,0.4023532302146519,0,0,-0.4281462382004017,1,-1.130171774466621,1.6966019219399189,1.0,-1.5118480308577844,0,0,0,1,0
-0.674446998654155,0,-0.8711022643098535,-1.5952716191834082,1.0,1,1.080202056526309,0.4023532302146519,0,0,-1.6605369868018272,0,-0.024257370285858674,-1.0891146293991636,2.0,-1.5669259859196352,0,0,0,1,0
-0.5424807844006981,0,-1.9258219073584844,-0.747407860676468,0.0,0,0.12292649460914173,0.4023532302146519,0,0,-0.273994830924351,1,-0.07800421457122127,1.3168523125421252,1.0,-0.0869853985095245,0,0,0,1,0
0.2644100362415433,0,-0.7904789458704963,0.8037001857910228,1.0,1,1.080202056526309,0.4023532302146519,0,0,1.0919677042738167,1,-1.2044432310566484,-0.4051472747991048,1.0,1.359029113166064,0,0,0,1,0
-0.48156523635790527,0,0.1934302604993994,1.7284175371246202,1.0,1,1.080202056526309,0.4023532302146519,0,0,-0.5978514409090152,1,0.7499362930787541,0.47648974490327944,1.0,1.8463230280542273,0,0,0,1,0
0.797966401077081,1,1.059766013852468,0.8295597543519908,1.0,1,-0.08106849071657134,0.25267571875596634,0,0,0.19995468156067303,1,0.14672323647917027,1.8547243294740812,1.0,0.4549552972877726,1,0,0,0,0
-1.1438755161020042,0,-0.018734684668163807,-0.059503629673338505,0.0,0,-0.8095852938684521,0.4023532302146519,0,0,-0.029305163774832554,1,-0.024257370285858674,0.5764538328718619,2.0,-0.03516240614733181,0,0,0,1,0
0.26428078692307266,0,-0.6769968572359509,0.7010863885923172,1.0,1,1.080202056526309,0.4023532302146519,0,0,1.0385579119242672,1,-1.1227295224286005,-0.04050936805949599,1.0,1.1689794857473699,0,0,0,1,0
2.4716856143263395,1,0.6224055541435718,1.1941071520971813,1.0,1,-0.7474434164254212,0.3716619607337989,0,0,-0.4760848790155193,1,-0.6404855165580228,-1.0891146293991636,1.0,1.0341430430901304,1,0,0,0,0
-0.8189616630836826,1,-0.8711022643098535,-0.6534762974412598,1.0,1,-0.28300738740505454,-2.1779376168872213,0,0,0.996715184431802,0,-0.024257370285858674,1.0517621016555314,1.0,-0.39961793510087285,0,0,0,1,0
0.8312925398162556,1,1.1964431552480137,0.8777610613171559,1.0,1,-0.03889788599251166,-0.7974394388887419,0,0,-0.36165722909382153,1,0.25247615090525843,-0.7914642206436333,1.0,0.443926977131489,1,0,0,0,0
0.2305900587020128,0,-0.6248639251461157,0.896896346524454,1.0,1,1.080202056526309,0.4023532302146519,0,0,-0.7943659386290775,1,-1.1857254833048236,-0.3471122072997332,1.0,1.3758917155458685,0,0,0,1,0
0.26303210706666136,0,-0.8887036548294566,0.7063001673399049,1.0,1,1.080202056526309,0.4023532302146519,0,0,0.7068045086843291,1,-1.1528820909854334,0.027485798844256497,1.0,1.2959579294795631,0,0,0,1,0
0.9977670702919939,1,-0.6098835649339127,0.5165789919673791,0.0,1,1.012264201279617,-0.7289262661710695,0,0,-1.6605369868018272,1,0.800906160033723,-0.05568769345617172,1.0,0.9097677792798458,0,0,0,1,0
-0.8057352016522448,1,-0.4158527400232275,-0.3484889386826495,1.0,0,-0.7932272945634347,-1.658304454498187,0,0,1.6019266592521622,1,-1.0718104034656448,-0.5427582067203992,1.0,-0.20864857152227415,0,0,0,1,0
1.0310210735156544,1,2.214883903188144,1.6303471175518827,1.0,1,-0.38893752754408256,0.4023532302146519,0,1,-0.6949961896657418,1,0.43840617196867093,0.43942251877543775,1.0,0.7099376039914465,0,0,0,1,0
-0.7237540488889797,1,-0.012054253762720396,-0.3264121586508427,1.0,0,-1.4651884316800523,0.08422659138461477,0,0,0.28399411385120127,1,0.5362565618710379,-0.22544742783622163,1.0,-0.33806532846291065,0,0,0,1,0
-0.8309231711367714,1,1.2598166847943741,-0.44344562705085594,0.0,0,-0.8095852938684521,0.4023532302146519,0,0,-0.029305163774832554,1,-0.024257370285858674,-1.0891146293991636,2.0,-0.8806082540619231,0,0,0,1,0
-0.674446998654155,1,1.3663626322495857,-0.059503629673338505,1.0,0,1.080202056526309,0.4023532302146519,1,0,1.6019266592521622,1,2.3361143512557208,-1.0891146293991636,1.0,-0.5385025422114765,1,0,0,0,0
-0.9873993436193877,0,-1.616923896496334,-1.4033006204946494,0.0,1,1.080202056526309,0.4023532302146519,0,0,-1.6605369868018272,1,-0.024257370285858674,2.2420222951428874,2.0,-1.109222587266152,0,0,0,1,0
0.2644100362415433,0,-0.9033324134150555,0.7024760282576251,1.0,1,1.080202056526309,0.4023532302146519,0,0,1.0368076001781594,1,-1.2044432310566484,-0.1661398660316748,1.0,1.2997024750577255,0,0,0,1,0
-0.14068471117563036,1,0.5687809787893632,1.253306247212027,1.0,1,-0.7947599121046051,0.34358194559021243,0,0,-0.08020612158056692,1,0.668990885446068,0.3082090353177264,1.0,1.1238910721808333,0,0,0,1,0
-0.6851394849484095,0,-0.5172738274058438,-1.4406883546804756,1.0,0,0.1921267278058976,0.4023532302146519,0,0,-0.08601167563872013,0,1.1559284904849312,0.5764538328718619,1.0,-1.4681168806616025,0,0,0,1,0
-0.8309231711367714,0,-1.7234698439515455,-1.7104542183966633,0.0,1,1.080202056526309,-2.1779376168872213,0,0,-0.029305163774832554,0,-1.2044432310566484,0.5764538328718619,1.0,-1.496640043681512,0,0,0,1,0
-0.5179708261715386,1,-0.8711022643098535,-0.6354166257396147,1.0,1,-0.8095852938684521,-2.1779376168872213,0,0,1.6019266592521622,0,-0.024257370285858674,-1.0891146293991636,0.0,-0.3772338780920976,0,0,0,1,0
1.6064614154396144,1,0.3355305906204141,0.6572821389579184,0.0,1,0.13762148104581182,-0.8238461354179827,0,0,-1.6605369868018272,1,0.8568493302059799,-1.0891146293991636,1.0,0.6013732599731951,1,0,0,0,0
2.1421241060329397,0,-1.616923896496334,-1.0577528228548838,2.0,0,1.080202056526309,0.4023532302146519,0,0,-1.6605369868018272,1,1.1559284904849312,0.5764538328718619,1.0,-0.6413757325724031,1,0,0,0,0
-0.01699326987539933,1,0.7865395861983238,1.3069236319631987,1.0,1,-0.5944462325374611,0.4023532302146519,0,0,0.4862766472974869,1,0.9247973509539973,-0.4939836998712544,1.0,1.068607028473494,0,0,0,1,0
0.8903147261720088,0,-0.8711022643098535,-1.0577528228548838,1.0,1,1.080202056526309,0.4023532302146519,0,0,-0.029305163774832554,1,1.1559284904849312,-1.0891146293991636,1.0,-0.900698405536214,1,0,0,0,0
2.0197849318153036,0,-1.1492511147364304,-0.8918657300361613,1.0,1,-0.1015953609165591,0.4023532302146519,0,0,-0.029305163774832554,1,2.2097424096561062,-0.2882876603492451,1.0,-0.5955737014598186,1,0,0,0,0
-0.04756104664605072,1,-1.0012268299369034,0.5464886878702834,0.0,1,0.854861923077887,-1.548767237602442,0,0,-1.6380586122805154,1,-0.022970967697618472,0.7403124581900852,1.0,1.1608182872996875,0,0,0,1,0
-1.1143400126412204,1,0.7474904964559885,-1.1846442707969627,1.0,1,-0.8095852938684521,1.6924986537655886,0,0,1.4127575984311909,1,1.1559284904849312,1.1429253258694734,1.0,-1.4929556127312238,0,0,0,1,0
-1.1159471794087894,1,0.9006502959228552,0.3350886115578336,1.0,1,-0.8095852938684521,0.4023532302146519,0,0,1.6019266592521622,1,0.061091310793363426,-0.0033238865708329584,1.0,0.020784018186409913,0,0,0,1,0
2.2043175949763985,0,-1.5887105296101942,-0.2514746283620972,1.0,1,0.45218036509372067,-2.003409324280098,0,0,-1.0086494445973724,1,0.7415451716086738,-1.0891146293991636,1.0,0.4360941282362097,1,0,0,0,0
-0.4467017192240884,0,-0.966993617019545,-0.7080635964662058,1.0,1,-0.852487246297114,1.1183503965044095,0,0,0.32623323067666243,1,-0.050079836919523564,-0.32335453875389925,0.0,-0.43096163997351555,0,0,0,1,0
-0.674446998654155,1,1.3663626322495857,-0.5586282262641111,1.0,0,1.080202056526309,0.4023532302146519,0,1,-1.6605369868018272,1,1.1559284904849312,0.5764538328718619,1.0,-1.0233060726981877,0,0,0,1,0
1.1226026653654182,1,0.06237874512948962,-0.15215294181990527,0.0,1,0.6929581714075168,0.7254920840151844,0,0,-1.0604459486739484,1,-1.1773485240650725,-1.0891146293991636,1.0,-0.1711945227736992,1,0,0,0,0
0.3708726685705757,1,1.1773394668692951,1.2181653799890542,1.0,1,-0.3567279919439537,0.4023532302146519,0,0,1.0868880483769112,1,-0.048680136488649384,-1.0891146293991636,1.0,0.7892898926792615,0,0,0,1,0
0.2535155392086134,0,-0.990348488701727,0.5964214964552215,1.0,1,1.080202056526309,0.4023532302146519,0,0,-1.6284278195973638,1,-1.1737194525432024,0.5764538328718619,1.0,1.2173932630420143,0,0,0,1,0
-0.913998561774207,0,0.4279592000378099,1.784074690525259,1.0,1,1.080202056526309,0.4023532302146519,0,0,0.7447436984242912,1,0.6369547402554446,0.014306155602305772,1.0,1.7664903641608027,0,0,0,1,0
-0.6391778952812632,0,-1.6100197191012364,-1.60902457510627,1.0,1,1.080202056526309,0.21887777909520267,0,0,-1.6605369868018272,0,-0.313820691969415,-1.0891146293991636,2.0,-1.3896971357288237,0,0,0,1,0
-0.7781274846364468,1,1.6852226891987974,0.021347951172011864,1.0,1,-0.4083456436326363,1.6924986537655886,0,0,0.5808473122374768,1,1.1559284904849312,-0.052068413187656815,1.0,-0.5636660183382307,0,0,0,1,0
0.15668151167712657,0,-0.17341809118364004,1.0328583473661774,1.0,1,1.080202056526309,0.4023532302146519,0,0,1.5818918700017448,1,-0.7476239691846559,-0.6164196375327975,1.0,1.279158541945746,0,0,0,1,0
-0.36149465368892225,1,-0.977648211765065,-0.7505992249528699,1.0,0,-0.8095852938684521,1.6924986537655886,1,0,1.6019266592521622,1,1.1559284904849312,2.2420222951428874,1.0,-0.4802667865068918,0,0,0,1,0
-0.4051092572450018,1,0.11085715122161138,0.46649579330206814,0.0,1,-0.8095852938684521,0.3733804344379683,0,0,0.30669107343679847,1,1.980729703745256,2.2420222951428874,1.0,0.4964869621503288,0,0,0,1,0
-0.07922666024284072,0,-1.2810164879542905,-0.3248238673960917,0.0,1,-0.8095852938684521,-2.1779376168872213,0,0,-0.029305163774832554,1,-1.1362780561102492,-1.0891146293991636,1.0,0.1907288058765728,0,0,0,1,0
-0.9873993436193877,1,0.1591011562293297,-1.3591748194374471,1.0,1,-1.1625333181522801,0.4023532302146519,0,0,-1.2122500133566636,1,-0.5902662478105041,1.6983540999622282,1.0,-1.5407680452004102,0,0,0,1,0
2.611552623480789,1,1.0467247898839511,0.2092557684909237,1.0,1,-0.8095852938684521,-2.1779376168872213,0,0,1.6019266592521622,1,-0.024257370285858674,-1.0891146293991636,2.0,-0.16213754499687844,1,0,0,0,0
-0.5179708261715386,1,0.6205410000631052,-0.3282630278376007,1.0,1,1.080202056526309,-2.1779376168872213,0,0,-0.029305163774832554,1,2.3361143512557208,-1.0891146293991636,1.0,-0.5635657174182676,0,0,0,0,1
-0.9873993436193877,1,0.3936194411729955,-1.3937528660864646,1.0,1,-1.0529653373637422,0.4023532302146519,0,0,-1.1976945317997938,1,-0.3961587189178107,1.3879570957649376,1.0,-1.632507646424607,0,0,0,1,0
2.661359302134351,0,-1.6708681096929079,-0.3645859372879,1.0,1,-0.8095852938684521,0.4023532302146519,0,0,0.11817939904050688,1,-1.2044432310566484,-1.0891146293991636,1.0,0.3234186334067523,1,0,0,0,0
-0.674446998654155,0,-1.2972860541306994,-1.2881180212813943,0.0,1,-0.8095852938684521,1.6924986537655886,0,0,-0.029305163774832554,1,-0.024257370285858674,0.5764538328718619,2.0,-1.0569043502306856,0,0,0,1,0
0.262835572994023,0,-0.6132717260629889,0.7097654358372356,1.0,1,1.080202056526309,0.4023532302146519,0,0,0.47650067498208587,1,-1.1204730070628066,0.13188862676479107,1.0,1.1440028805261273,0,0,0,1,0
-0.9885389595835788,0,-0.8851343655897049,-0.7431666837966372,0.0,1,-0.898429866572561,-2.1779376168872213,1,0,-1.1143092234702998,1,-0.34022144967485757,2.059166195944001,1.0,-0.5055792825603665,0,0,0,1,0
-0.9563666761402901,0,-1.6879048066909952,-0.5663077573072568,0.0,0,1.080202056526309,0.5147494093689859,0,0,-0.029305163774832554,1,0.45238665367536174,0.5764538328718619,1.0,0.05629756242070604,0,0,0,1,0
-0.7308674556900397,0,-1.7730137095182192,-1.7104542183966633,1.0,1,1.080202056526309,-2.1779376168872213,0,0,-0.8501247048037861,0,-1.2044432310566484,-0.23396681052073787,2.0,-1.4832227426068723,0,0,0,1,0
-0.33242826579324114,1,0.8821645740393755,0.12619728904464741,1.0,1,-0.8474868689679697,-1.4045418807036827,0,0,-0.029305163774832554,1,-1.0032451455124443,0.27577708622038494,1.0,-0.18532444866558692,0,0,0,1,0
-1.2408766601857029,0,-0.9017448787979734,-0.7155237814462496,0.0,1,0.7998785601181516,-2.1779376168872213,0,0,-0.029305163774832554,1,-0.05030525241893072,1.8511483539855855,1.0,-0.46501698913284295,0,0,0,1,0
1.829171761067707,0,-1.2972860541306994,-1.019358623117132,1.0,0,1.080202056526309,0.4023532302146519,0,0,-1.6605369868018272,1,1.1559284904849312,-1.0891146293991636,1.0,-0.706710538750504,1,0,0,0,0
1.56029578084355,0,-0.30286076274697604,-0.3587601166022929,0.0,1,0.4942338030020546,-1.0999656392572013,0,0,-0.4883843669611427,1,-0.40858725621758796,0.08885200326817014,1.0,-0.2648000825032499,1,0,0,0,0
0.2644100362415433,0,-0.7761804797220074,0.7804050810131379,1.0,1,1.080202056526309,0.4023532302146519,0,0,1.0910640018438602,1,-1.2044432310566484,-0.18835521818144585,1.0,1.3221247055226064,0,0,0,1,0
-0.41040769692143597,0,-1.0341495277005641,-0.7115725959570381,1.0,1,-0.9955195814864424,0.7461782757363999,0,0,1.482838580012076,1,-0.04093103612682843,-0.5761495232520087,0.0,-0.40959733874419907,0,0,0,1,0
0.25811531277491273,0,-0.6356570296233278,0.7071040650940139,1.0,1,1.080202056526309,0.4023532302146519,0,0,-0.8742799856391696,1,-0.9635578553864441,0.005531940943062111,1.0,1.1532172179158475,0,0,0,1,0
-0.2316580801429538,1,0.6752736532708468,1.1564370669664836,1.0,1,-1.7871307149059532,0.4023532302146519,0,0,-0.029305163774832554,1,0.10851825979429819,0.06071555523502563,1.0,0.9681893097957448,0,0,0,1,0
1.0961736833569315,1,-0.3026583254468112,0.1324673690154202,1.0,1,-0.4503178206849045,-0.8492710312799009,0,0,0.5399637490569514,1,1.0932688825790275,-1.0891146293991636,1.0,0.3057680445012279,1,0,0,0,0
-0.1448731088844725,1,0.2538844310854859,-0.15624879665372887,1.0,1,0.5373549707633622,0.21357399125898482,0,0,-0.8019984723290206,1,-0.024257370285858674,-0.799863682398866,1.0,-0.24897274833381935,0,0,0,1,0
0.03311931969536563,1,-0.8361765027340363,0.4236090114646025,0.0,1,1.0302530870680249,-0.049084135230903124,0,0,-1.6555405237278955,1,1.133686707752845,-0.8276087218433767,1.0,0.9166393104893963,0,0,0,1,0
2.3902657415937703,1,0.18533276849280234,-0.00326215494689096,0.0,1,-0.19422706747085844,-1.773602170710087,0,0,-0.11724487135421768,1,-0.4913053030131518,-1.0891146293991636,1.0,-0.054653152554820714,1,0,0,0,0
-0.5179708261715386,0,-1.0841941592202764,-0.9809644233793803,1.0,1,-0.8095852938684521,0.4023532302146519,0,0,-1.6605369868018272,0,-0.024257370285858674,0.5764538328718619,1.0,-0.7324982482164221,0,0,0,1,0
-0.9873993436193877,0,-1.0841941592202764,-1.019358623117132,0.0,1,1.080202056526309,-2.1779376168872213,1,0,-1.6605369868018272,1,-1.2044432310566484,2.2420222951428874,1.0,-0.781283060213025,0,0,0,0,1
0.9902942377227414,1,-0.22661648274802737,0.5933726130540468,0.0,1,0.9643335247115546,-0.7092683203524239,0,0,-1.2499314684685874,1,0.19031340124673932,0.20732222242104592,1.0,0.8026280859577059,0,0,0,1,0
-0.9873993436193877,1,0.09633493858346603,-1.367771395941329,1.0,1,-0.8095852938684521,0.4023532302146519,0,0,-0.029305163774832554,1,-1.2044432310566484,1.565308491196019,1.0,-1.5353684284322437,0,0,0,1,0
2.983393211198129,0,-1.2704045115877514,-0.17777872809867062,0.0,1,0.638596548486061,-1.7678210290671554,0,0,-0.20981564607917685,1,-0.0353015495709517,-1.0891146293991636,1.0,0.37681190400062486,1,0,0,0,0
0.42088620872415966,1,1.3663626322495857,0.4780151666551859,1.0,1,1.080202056526309,-2.1779376168872213,0,0,-0.029305163774832554,1,1.1559284904849312,0.5764538328718619,2.0,-0.01640643245655697,0,0,0,0,1
0.10993206448152987,1,0.9251132454585725,1.2017209138761764,1.0,1,-0.44843181290921047,0.3944265767323551,0,0,0.6964576052308685,1,0.0416607307816331,-0.84713418092658,1.0,0.892415375500706,0,0,0,1,0
-0.18994153255908822,1,0.28154375904485923,0.4380813211137503,0.0,1,-0.8095852938684521,0.3845130992977894,0,0,0.5648025160261833,1,1.7370543687001891,1.6299358786690592,1.0,0.3879444129085084,0,0,0,1,0
1.3389837062927616,1,-0.046212884516861626,0.6322685865881713,0.0,1,0.3246972002234398,-0.6618193519650677,0,0,-1.6605369868018272,1,1.1388582821947424,-1.0891146293991636,1.0,0.7569934273751031,0,0,0,1,0
-0.4151805331345005,0,0.2913033678317557,1.854165260250712,1.0,1,1.080202056526309,0.4023532302146519,0,0,-1.0155479239769536,1,1.07469983824566,0.37368419713806267,1.0,1.9242706194432815,0,0,0,1,0
0.26419816750400194,0,-0.6501153146930005,0.7010294883883059,1.0,1,1.080202056526309,0.4023532302146519,0,0,1.0367554007598225,1,-0.9801359261726913,0.06403003647494505,1.0,1.1539222657860642,0,0,0,1,0
0.31888815454840097,1,1.3697401387839148,1.1981755550781925,1.0,1,-0.6795036713913795,0.4023532302146519,0,0,0.8578255820919913,1,0.23301488606114823,-1.02540163901191,1.0,0.6815698312007958,0,0,0,1,0
3.5947509372775763,0,-0.617672073692889,-0.17550237439041935,0.0,1,-0.7385576363038651,-1.6373860366007322,0,0,-0.31093570678862026,1,-1.2044432310566484,-1.0891146293991636,1.0,0.08072153880374576,1,0,0,0,0
0.2500816696034826,0,-1.0082482078742039,0.6326231570227495,1.0,1,1.080202056526309,0.4023532302146519,0,0,-1.5345194347775228,1,-1.0131551661853366,0.28432478356875984,1.0,1.273288652528452,0,0,0,1,0
-0.36149465368892225,1,-0.5514644219442213,-0.9425702236416286,1.0,1,-0.8095852938684521,1.6924986537655886,0,0,-0.029305163774832554,0,1.1559284904849312,-1.0891146293991636,2.0,-0.8642485990722607,0,0,0,1,0
-0.11063346225034416,1,0.13584217589985653,-0.05423928576469618,1.0,1,-0.2052766541086169,0.2537904044019143,0,0,0.2233693831484032,1,-0.8202526070564902,0.5001974463952452,1.0,-0.0912386923568246,0,0,0,1,0
-0.720905556645106,1,0.025385992173038708,-0.2978956730738222,1.0,0,-1.470056523894669,0.4023532302146519,0,0,-0.029305163774832554,1,0.8400399429910215,0.5764538328718619,1.0,-0.32000972067661426,0,0,0,1,0
-0.8309231711367714,0,-0.5514644219442213,-1.172935422068139,2.0,1,1.080202056526309,0.4023532302146519,1,1,1.6019266592521622,1,-0.024257370285858674,2.2420222951428874,2.0,-1.1394863262597068,0,0,0,1,0
-0.20501848120630586,1,-0.8711022643098535,-1.0961470225926355,0.0,0,-0.8095852938684521,0.4023532302146519,0,0,-1.6605369868018272,0,-0.024257370285858674,-1.0891146293991636,1.0,-0.9482860898493157,0,0,0,1,0
-0.8309231711367714,1,2.0056383169808525,0.017284769802164975,2.0,1,-0.8095852938684521,1.6924986537655886,0,0,-0.029305163774832554,0,2.3361143512557208,0.5764538328718619,2.0,-0.6666446928942247,1,0,0,0,0
-0.9873993436193877,1,0.5139950526078937,-0.2514746283620972,2.0,1,-0.8095852938684521,0.4023532302146519,0,0,-0.029305163774832554,1,-1.2044432310566484,-1.0891146293991636,3.0,-0.4459621483669861,0,0,0,1,0
0.7338385536893924,0,-1.830015791406757,-0.3282630278376007,0.0,1,-0.8095852938684521,-2.1779376168872213,0,0,-0.029305163774832554,0,-1.2044432310566484,-1.0891146293991636,1.0,0.45299831674062907,1,0,0,0,0
-0.582118858985477,0,0.3677713943203608,1.7038320800819502,1.0,1,1.080202056526309,0.4023532302146519,0,0,-0.2695986611612931,1,0.5228885966260872,0.513721862308886,1.0,1.7155916306241066,0,0,0,1,0
0.5724748479592817,1,-0.2982366686274194,0.1322767034195227,1.0,1,-0.8831566052066707,0.4023532302146519,0,0,1.034791397644898,1,-0.5325516186612301,-0.5577849653870083,1.0,0.3035563483380093,1,0,0,0,0
-0.20501848120630586,0,-0.6580103693994328,-1.326512221019146,0.0,1,1.080202056526309,-2.1779376168872213,0,0,-0.029305163774832554,0,1.1559284904849312,2.2420222951428874,1.0,-1.2937992885652008,0,0,0,1,0
0.42088620872415966,0,-1.616923896496334,-0.9088851876843113,1.0,1,-0.3482088305683742,-1.2686069982966617,0,0,-1.6605369868018272,0,-0.2686396366615269,-0.43043560076176574,1.0,-0.439819666071709,0,0,0,1,0
0.2644100362415433,1,2.2187302118912755,-0.09789782941109025,2.0,1,1.080202056526309,0.4023532302146519,0,1,-0.029305163774832554,1,1.1559284904849312,2.2420222951428874,2.0,-0.8327143222230939,0,0,0,1,0
-0.674446998654155,1,2.964551844077756,1.476264359836731,1.0,1,-0.8095852938684521,0.4023532302146519,0,0,1.6019266592521622,1,-0.024257370285858674,0.5764538328718619,3.0,0.2736555230499114,0,0,0,1,0
0.2644100362415433,0,-0.6165426866498644,0.972706576973239,1.0,1,1.080202056526309,0.4023532302146519,0,0,1.223710879996946,1,-1.2044432310566484,-0.9321964278632235,1.0,1.4623134235258997,0,0,0,1,0
1.5162194161024742,0,-0.23182657957858682,-0.44344562705085594,1.0,1,1.080202056526309,-2.1779376168872213,0,0,-1.6605369868018272,0,-1.2044432310566484,-1.0891146293991636,1.0,-0.3896770863627416,1,0,0,0,0
-0.9873993436193877,0,-0.09424379762967283,0.13012109946944622,0.0,1,0.7372094320043607,0.4023532302146519,0,0,-0.04357681099449556,1,0.5575353129407352,-1.0891146293991636,1.0,0.21087711305120468,0,0,0,1,0
-0.46630583649357327,0,0.4925473533851592,2.3323085785107955,1.0,1,1.080202056526309,0.4023532302146519,0,0,0.5193580286684737,1,0.4671720221390983,0.09631041884221976,1.0,2.3122272708329628,0,0,0,1,0
-0.05234702685760451,1,1.4733241088998714,1.321746480655952,1.0,1,0.3208987276491466,0.2079889517204325,0,0,-0.019245357122225023,1,0.5894510791735598,-0.5966310186325555,1.0,0.7540224063323843,0,0,0,1,0
-0.9043355322187154,0,-1.363174068037002,-1.7929964878274658,1.0,1,-2.2931061596753475,-1.2521189397836807,0,0,-1.3670098701027036,0,-0.39632394493831863,2.2420222951428874,1.0,-1.6990638077410665,0,0,0,1,0
-0.9873993436193877,1,0.9526873366599816,0.8604444325630358,0.0,1,-0.8095852938684521,-2.0658626839433514,0,0,0.42601078759575417,1,-0.024257370285858674,1.5920725108162517,1.0,0.5331190647236976,0,0,0,1,0
-0.5179708261715386,0,0.1943572102422592,-0.2514746283620972,1.0,1,-0.8095852938684521,0.4023532302146519,1,0,-0.029305163774832554,1,1.1559284904849312,0.5764538328718619,2.0,-0.33116467586362075,0,0,0,1,0
-1.1438755161020042,1,-0.018734684668163807,-0.6354166257396147,1.0,1,1.080202056526309,0.4023532302146519,0,0,-0.029305163774832554,1,-1.2044432310566484,2.2420222951428874,1.0,-0.6833758250641323,0,0,0,0,1
4.332790520789569,0,-0.1252806321233753,0.017284769802164975,0.0,1,1.080202056526309,-2.1779376168872213,0,1,-0.029305163774832554,1,-1.2044432310566484,-1.0891146293991636,1.0,0.09589044046046406,1,0,0,0,0
-1.25233384553488,1,0.5433484611318051,-1.4033006204946494,1.0,1,-0.222951835196859,1.1230761991908766,0,0,-0.37538241365277053,0,1.069293406817469,0.29089045444703227,1.0,-1.6757705878212372,0,0,0,1,0
-0.674446998654155,0,-1.5103779490411224,-1.345709320888022,1.0,1,-0.8095852938684521,0.4023532302146519,0,0,-0.029305163774832554,0,2.3361143512557208,-1.0891146293991636,2.0,-1.065460203072921,0,0,0,1,0
-0.5349498991714551,0,0.4960207512721996,1.805448050423671,1.0,1,1.080202056526309,0.4023532302146519,0,0,1.3969395434432978,1,0.7133363691645302,0.28599368316795554,1.0,1.7493006562012208,0,0,0,1,0
0.36618511187151404,1,0.9513342031273005,-0.12618974731384472,0.0,1,-2.174295228956029,1.6919709842873565,0,0,0.7796944714644676,0,-1.2004069954128123,0.5764538328718619,1.0,-0.46674272475876133,1,0,0,0,0
-0.20501848120630586,0,-0.018734684668163807,-1.172935422068139,0.0,0,1.080202056526309,1.6924986537655886,1,0,1.6019266592521622,0,2.3361143512557208,-1.0891146293991636,3.0,-1.2883750160531464,1,0,0,0,0
0.697982351717346,0,-1.799149430428983,-0.8261636557349334,0.0,0,-0.8095852938684521,-2.1779376168872213,0,0,-1.6605369868018272,1,-0.8950327237525098,-1.0891146293991636,1.0,-0.25196415187373494,0,0,0,1,0
-0.761656959197099,0,-0.7878685701578431,-0.17468622888659374,1.0,1,-2.5451943432812567,0.2354871112779975,0,0,-1.4687693736867735,1,-1.2044432310566484,1.6038197651806496,1.0,0.15645436066487234,0,0,0,1,0
-0.4126388906648654,0,-2.1496536337723913,-0.8791303355889493,0.0,0,-0.8095852938684521,-1.5653301245499887,0,0,-0.029305163774832554,1,-0.880083309454126,-0.06661881927405662,1.0,-0.17526804773317084,0,0,0,1,0
1.6717309129817348,1,0.5401627373028938,-0.06780614500142902,0.0,1,0.3840988860083988,0.37928543004156134,0,0,1.240750727620286,1,1.9439846169701576,0.41852629684778553,1.0,-0.260564296648175,1,0,0,0,0
-0.7126589494029272,0,-1.6986659473839736,-0.871303178847812,1.0,1,0.3786959839736203,0.09643781781852447,1,0,-0.8252892002982,0,-0.8459948210516226,-1.0837365088344904,1.0,-0.3558304691469707,0,0,0,1,0
-0.5179708261715386,0,-1.9365617388619685,-1.7104542183966633,1.0,0,1.080202056526309,-2.1779376168872213,0,0,-1.6605369868018272,0,-1.2044432310566484,-1.0891146293991636,2.0,-1.4380536593916684,0,0,0,1,0
2.9618092009182226,0,0.3421897123363659,0.015187678612488981,0.0,1,-0.1413508174068132,-0.4529680305097945,0,0,-0.3056129973500831,1,-0.37089330001042964,-1.0891146293991636,1.0,-0.09647324690655382,1,0,0,0,0
-0.20501848120630586,1,-0.5514644219442213,-0.7505992249528699,1.0,1,-0.8095852938684521,0.4023532302146519,0,0,-0.029305163774832554,1,-0.024257370285858674,0.5764538328718619,1.0,-0.6348838264160557,0,0,0,1,0
-0.9873993436193877,0,-2.6147693127933724,-1.191230987732973,1.0,1,-0.8095852938684521,0.4023532302146519,1,0,-1.594729832597272,0,-0.6174506489274983,1.8811252551695392,1.0,-0.4389409590277728,0,0,0,1,0
-0.10047096075228776,1,0.8061014221511025,0.43357027140396276,0.0,1,-0.8095852938684521,0.4023532302146519,0,0,1.6019266592521622,1,2.3361143512557208,2.2420222951428874,1.0,0.15951322843570465,0,0,0,1,0
-0.3478203574518386,1,0.9000962569960888,0.12488420741361636,1.0,1,-1.3422105198531131,-1.363618467868647,0,0,-0.029305163774832554,1,-1.2044432310566484,-0.5792441494549082,1.0,-0.1932988428042663,0,0,0,1,0
0.1079338637589269,1,-0.018734684668163807,-0.136292029148842,0.0,1,1.080202056526309,0.4023532302146519,1,0,1.6019266592521622,0,2.3361143512557208,-1.0891146293991636,1.0,-0.121590862002905,0,0,1,0,0
2.165414801926115,0,-1.5337328207233045,-0.2644636548927768,1.0,1,-0.8095852938684521,0.4023532302146519,0,0,-1.2123168938614077,1,-1.2044432310566484,-1.0891146293991636,1.0,0.39127342591283437,1,0,0,0,0
0.2644100362415433,0,-0.4496384599612754,0.9771050548893954,1.0,1,1.080202056526309,0.4023532302146519,0,0,1.5310463740779934,1,-1.2044432310566484,-1.0723656729425664,1.0,1.3703540822556404,0,0,0,1,0
-0.8309231711367714,1,1.0467247898839511,-0.2514746283620972,1.0,1,-0.8095852938684521,-2.1779376168872213,0,0,-0.029305163774832554,0,1.1559284904849312,0.5764538328718619,1.0,-0.6246898365202249,0,0,0,1,0
2.7404212354237796,0,0.21411082890045563,-0.13937953711495302,1.0,1,0.7333504862348549,0.8708437378687035,0,0,1.1485469800555081,0,2.3361143512557208,-0.6464231878121477,1.0,-0.21544832952222653,1,0,0,0,0
-0.610907345198829,1,1.7811566602874673,-0.8965077039670547,1.0,1,1.080202056526309,1.3049312276583458,0,0,1.3174871350391224,1,0.8013912164224997,-0.9708126326609773,1.0,-1.4486589005161952,1,0,0,0,0
-0.8309231711367714,1,0.4074491051526822,-0.48183982678860765,1.0,0,1.080202056526309,-2.1779376168872213,0,0,1.6019266592521622,1,2.3361143512557208,0.5764538328718619,1.0,-0.6558566575899709,0,0,0,0,1
-0.002975664915888941,0,0.10336697111550874,1.0298492787501305,1.0,1,1.080202056526309,0.4023532302146519,0,0,1.2706136886044412,1,-0.753389177114521,-0.8096488971147083,1.0,1.1255560523920904,0,0,0,1,0
-0.7719321235393425,0,-1.0813813462074608,-1.5952716191834082,1.0,0,1.080202056526309,0.4023532302146519,1,0,1.5194173224116334,0,0.32472004818648165,-1.0891146293991636,2.0,-1.5137795153571783,0,0,0,1,0
1.7483676220738564,0,-0.5779517444815867,-0.4850296169028199,1.0,0,1.080202056526309,0.047578720483226956,0,0,-0.6451930508769045,1,-0.13913548178742652,-1.0891146293991636,1.0,-0.30734355853767603,1,0,0,0,0
0.19233883243394767,1,0.9087690971189439,1.108765676746099,1.0,1,-0.8230235717171095,0.4023532302146519,0,0,0.20114058709601426,1,0.11858996593011616,-1.0891146293991636,1.0,0.8056373220506072,0,0,0,1,0
-0.8298001416468639,0,-0.1175347417433799,-1.4073045212201012,1.0,1,-2.2970217990653654,0.6695049332147679,0,0,-1.6120845079624564,0,1.1559284904849312,0.5764538328718619,1.0,-1.5284501343054246,0,0,0,1,0
-0.674446998654155,0,-1.7234698439515455,-1.8256368176099187,1.0,1,-2.6993726442632133,0.4023532302146519,0,0,-0.029305163774832554,1,2.3361143512557208,2.2420222951428874,1.0,-1.654620881990633,0,0,0,1,0
-0.8309231711367714,0,-0.1252806321233753,-0.6354166257396147,0.0,0,-0.8095852938684521,-2.1779376168872213,0,0,-0.029305163774832554,1,1.1559284904849312,-1.0891146293991636,0.0,-0.6474711428497009,0,0,0,1,0
-0.9873993436193877,0,-0.17180924737706624,0.13372174591505204,1.0,1,0.12860908517177916,0.4023532302146519,0,0,-0.27342879348176047,1,0.05375409529695126,0.13052286062572896,1.0,0.248925582638085,0,0,0,1,0
0.2122533984296375,1,1.0315952653453115,1.2049436846079635,1.0,1,-0.7395837908351294,0.4023532302146519,0,0,0.6835268305697342,1,-0.005074629304890268,-1.0557299751414033,1.0,0.8446685336196167,0,0,0,1,0
0.5666331230119881,1,1.104739058273313,1.2645055281219313,1.0,1,0.9126005959944986,0.4023532302146519,0,0,0.7892600148746977,1,-0.08709046551329547,0.21952417697564336,1.0,0.8695467559890828,1,0,0,0,0
-0.7488204363874874,1,2.567401824938456,1.3479501380349703,1.0,1,-0.8095852938684521,0.4023532302146519,0,0,1.6019266592521622,1,-0.024257370285858674,0.6011175706611711,1.0,0.3173387234816874,0,0,0,1,0
0.8717411609744948,1,0.6012455289789663,0.8512794683262361,1.0,1,1.080202056526309,0.4023532302146519,0,0,-1.218182803497013,1,1.090697257588408,-1.0891146293991636,1.0,0.6841152648892667,1,0,0,0,0
2.7278665262008097,0,-0.24663646627486122,-0.25726247718416356,0.0,1,0.5758726165391085,0.4023532302146519,0,0,-1.1669360245447968,1,-1.2044432310566484,0.7485886678791099,1.0,-0.1692472756229966,1,0,0,0,0
-0.8309231711367714,0,-2.04310768631718,-1.5952716191834082,1.0,1,-0.8095852938684521,1.6924986537655886,0,0,-1.6605369868018272,0,2.3361143512557208,-1.0891146293991636,1.0,-1.2435630689839572,0,0,0,1,0
0.248065474121044,0,-0.805267523377279,0.903193264040844,1.0,1,1.080202056526309,0.4023532302146519,0,0,-0.08198253303584314,1,-1.1874839602373721,-0.3661363302757928,1.0,1.4900645339451377,0,0,0,1,0
-0.5179708261715386,0,0.5453621795387086,-0.3295863991141617,1.0,1,0.7760370029055714,-0.75102387698565,0,0,-0.6178503430593261,1,0.11419141322702338,0.523020731033745,1.0,-0.5395985301861649,0,0,0,1,0
-0.41321347117022134,1,0.5139950526078937,0.39893290571635015,0.0,1,-0.8095852938684521,0.4023532302146519,0,0,1.2291396195039803,1,1.5800152975084458,0.919978993783723,1.0,0.2448634900639537,0,0,0,1,0
-0.9766389466662755,1,0.9166002242569012,-1.326512221019146,1.0,1,1.080202056526309,0.4023532302146519,0,0,-0.029305163774832554,1,-0.19616678332331422,0.5764538328718619,1.0,-1.676499550311507,0,0,0,1,0
-0.5179708261715386,0,-1.7234698439515455,-1.172935422068139,1.0,1,-0.8095852938684521,-2.1779376168872213,0,0,-0.029305163774832554,0,-1.2044432310566484,2.2420222951428874,1.0,-0.7593961315722815,0,0,0,1,0
0.24554073107803723,1,0.6787577057526318,1.0594714404911993,1.0,1,-1.5156684313837971,0.4023532302146519,0,0,0.14963607351575994,1,0.39231637354798926,-0.9613771873222119,1.0,0.8652620805344102,0,0,0,1,0
-1.0038631405833185,1,0.31570238979900045,-0.09540700570310358,1.0,0,-0.7724056175367853,0.20021195510726783,0,0,1.327886237910919,1,-0.024257370285858674,-0.0754380042817816,1.0,-0.20609984058104894,0,0,0,1,0
-0.48499628939193185,0,0.15703416484869828,1.7016815825604383,1.0,1,1.080202056526309,0.4023532302146519,0,0,-1.168464488762973,1,0.8237569186699668,0.48965106689214505,1.0,1.8389370664778542,0,0,0,1,0
-0.9873993436193877,0,-0.3377545605385569,-0.011791963937429087,0.0,1,0.34152764636605565,0.4023532302146519,0,0,-0.102624140524427,1,0.19527254223369822,-1.0891146293991636,1.0,0.15337445153045853,0,0,0,1,0
0.42088620872415966,1,1.9096617275131988,0.5019646237792013,1.0,1,0.4840270615225725,-2.1779376168872213,0,0,-1.568078767072657,1,0.584892021193402,-0.9491968851576238,1.0,-0.19184676313676322,0,0,0,1,0
-0.8309231711367714,1,0.08781126278704769,-0.597022426001863,1.0,1,1.080202056526309,0.4023532302146519,0,0,-0.029305163774832554,0,-0.024257370285858674,0.5764538328718619,1.0,-0.6759421679909555,0,0,0,1,0
-1.038426223465969,1,0.39109430221830654,0.40834789298184215,0.0,1,-0.8095852938684521,0.4023532302146519,0,0,-0.029305163774832554,1,-1.2044432310566484,-0.7005141891928616,1.0,0.3076314644498794,0,0,0,1,0
-0.13835399858650194,0,0.4073532137999733,1.8020574970390293,1.0,1,1.080202056526309,0.4023532302146519,0,0,1.3373359638617148,1,0.38157904258669656,0.24859667448458408,1.0,1.7979884283845131,0,0,0,1,0
2.4496739546670376,0,0.39991630666759864,-0.21636766321749218,1.0,1,-0.023350605460814414,0.6552772094838482,0,0,-1.0852847156431806,0,-1.0290345669420076,0.7141297219631848,1.0,-0.3679229439581971,1,0,0,0,0
2.325205765646603,0,-0.1428180950745035,-0.2791608393697888,0.0,1,1.080202056526309,0.4023532302146519,0,0,1.5929793527028588,1,-1.2044432310566484,-1.0891146293991636,1.0,-0.23496879996289724,1,0,0,0,0
-0.8309231711367714,1,-0.018734684668163807,-1.019358623117132,1.0,1,-0.8095852938684521,-2.1779376168872213,0,0,-0.029305163774832554,1,1.1559284904849312,-1.0891146293991636,1.0,-1.1155181043419997,0,0,0,1,0
-0.9873993436193877,0,-0.15826725745550863,0.13262271194755923,1.0,1,0.5834695616876957,0.4023532302146519,0,0,-0.033880769038423186,1,0.39195051593115027,-0.3088241194890468,1.0,0.24170827909163695,0,0,0,1,0
-0.11705774798779008,1,0.16699621093576195,-0.42919201076341384,1.0,1,-0.8095852938684521,0.4023532302146519,0,0,-0.029305163774832554,1,-1.060950333174832,2.187489918119672,1.0,-0.5170456871423544,0,0,0,1,0
-0.8033614581156833,0,-0.37892391463525155,1.4688108170532421,1.0,1,1.080202056526309,0.4023532302146519,0,0,-1.2872491588839756,1,-0.2690833865451768,-0.023881998100644213,1.0,1.906094444894828,0,0,0,1,0
-0.3778514209508749,0,-0.6094254173598551,0.06025321610247288,0.0,1,0.501660667289106,-2.1775725057323565,0,0,1.6019266592521622,1,0.2134356026309607,1.5965012573574306,1.0,0.36070046156779023,0,0,0,1,0
-0.4578434486095409,1,0.8408673648057358,0.11969768854784239,1.0,1,-1.2239287295919052,-1.5702107446872822,0,0,-0.029305163774832554,1,-0.6526331696229364,-0.14195914309642418,1.0,-0.17663821210584324,0,0,0,1,0
-0.20884807905164562,1,0.0024253404964416406,0.3244383677041789,0.0,1,-0.8095852938684521,0.4023532302146519,0,0,0.005391137100951459,1,0.937439501894574,0.6873856891644989,1.0,0.3874046222228071,0,0,0,1,0
-0.7172397893523561,0,-2.061572099011168,-0.9769702747806619,1.0,1,0.6608185579393532,0.4023532302146519,1,0,-0.5240724567853273,0,-0.09242490560397953,0.3764606997646684,1.0,-0.3537929867604234,0,0,0,1,0
0.7073249180715929,0,-0.018734684668163807,-0.3282630278376007,2.0,1,1.080202056526309,0.4023532302146519,0,0,-0.518722016405799,1,0.8338722916826334,0.5764538328718619,1.0,-0.3376620016418387,1,0,0,0,0
-0.9873993436193877,0,-1.403832001585911,-1.4033006204946494,1.0,1,-0.8095852938684521,0.4023532302146519,0,0,-1.6605369868018272,0,-1.2044432310566484,0.5764538328718619,1.0,-1.1750211631220349,0,0,0,1,0
-0.16551497612986202,0,-1.1948314710577699,-0.8224991213409638,1.0,1,-0.26883020270239283,0.3521833451290268,0,0,1.0429084071962804,0,1.0509863637451924,1.6061532265962912,1.0,-0.4895021744569585,0,0,0,1,0
0.5760271700269819,1,1.3193758694218372,1.317327193083538,1.0,1,1.080202056526309,0.4023532302146519,0,0,1.6019266592521622,1,-0.38849931268140825,1.2685574894101146,1.0,0.8206257270570312,0,0,0,1,0
0.10527329939820514,1,0.9367693721101719,1.2242512061952853,1.0,1,-1.8123366985855187,0.3977654730885047,0,0,0.08119611114883882,1,0.07279639416048797,-0.8383732908150343,1.0,0.9096733355871476,0,0,0,1,0
-1.2857627891193764,0,-0.9892191016587024,-0.8273876244283733,0.0,1,-2.0926979907406835,-2.1779376168872213,1,0,-0.029305163774832554,1,-0.7660608327016171,0.5191649400435877,1.0,-0.5723989147984881,0,0,0,1,0
-0.5179708261715386,0,-0.44491847448900984,-0.8657818241661251,0.0,1,-2.6993726442632133,0.4023532302146519,0,0,-1.6605369868018272,1,-1.2044432310566484,-1.0891146293991636,1.0,-0.8077680648388473,0,0,0,1,0
2.059455084015441,0,-1.6189269603084928,-0.4018832531333443,1.0,1,-0.8095852938684521,0.09944385665539836,0,0,-0.7612943446490279,1,0.38880886116977853,-1.0891146293991636,1.0,0.24758405295975672,1,0,0,0,0
0.1899799541337723,0,-0.34976228881676025,0.6994851200980543,1.0,1,1.080202056526309,0.4023532302146519,0,0,-0.9483150731590732,1,-1.0072506963239,0.18457388836334815,1.0,0.9892474236522744,0,0,0,1,0
-1.1323513589510046,1,0.055804860171502116,0.4989283336755404,0.0,1,-0.8095852938684521,0.4023532302146519,0,0,-0.029305163774832554,1,0.8397448965258287,-1.0081396874689332,1.0,0.5581868576831147,0,0,0,1,0
-0.5416600668760271,0,0.264741463131173,1.7361189912558164,1.0,1,1.080202056526309,0.4023532302146519,0,0,-0.4218578395226327,1,0.5303450108944369,0.4939049287447853,1.0,1.8117453670868107,0,0,0,1,0
-0.5013755892227224,0,0.2250850614883433,0.24570161616878333,1.0,1,-2.389330351982748,0.4023532302146519,0,0,-1.4037892540164936,1,-1.2044432310566484,-0.5547153227110428,1.0,0.20236363101703644,0,0,0,1,0
-0.8309231711367714,0,-0.7645563168546443,-0.4050514273131042,1.0,0,1.080202056526309,0.4023532302146519,0,1,1.6019266592521622,1,1.1559284904849312,0.5764538328718619,2.0,-0.13594789425547668,1,0,0,0,0
0.2644100362415433,0,-0.7392303451445398,0.9750916246609485,1.0,1,1.080202056526309,0.4023532302146519,0,0,1.173061131891958,1,-1.2044432310566484,-1.0273586819550784,1.0,1.5384315834268227,0,0,0,1,0
-0.6130042823862683,0,-1.8807955899639113,-0.8189313403303334,0.0,0,0.04272580924573866,0.4023532302146519,0,0,-0.029305163774832554,1,1.365108173005528,1.1158931497268147,1.0,-0.2070332913263252,0,0,0,1,0
0.25737079914624006,0,-0.8023907827959884,0.7037577802216707,1.0,1,1.080202056526309,0.4023532302146519,0,0,0.12550036746225246,1,-1.120779855386607,-0.09070460480695783,1.0,1.2431048314802642,0,0,0,1,0
-0.5179708261715386,1,-0.6580103693994328,-0.8273876244283733,0.0,0,-0.8095852938684521,0.4023532302146519,0,0,-1.6605369868018272,1,-1.2044432310566484,0.5764538328718619,1.0,-0.6901561657042,0,0,0,1,0
-0.6701025942013474,1,-0.9623695228999883,0.6383307619673642,0.0,1,1.048155042638315,-2.0360783866952548,0,0,-0.9583830359707954,1,-1.2044432310566484,1.727196749023376,1.0,1.2538503950919024,0,0,0,1,0
-0.36911363500327354,0,0.30268247501997303,-0.3117799371597872,1.0,1,-0.5481634505389433,-2.1779376168872213,0,0,-0.029305163774832554,1,1.473466937812198,-1.0891146293991636,1.0,-0.43626884337939703,0,0,0,1,0
-0.38732980862283733,1,0.22403025660853598,0.28966028727452753,0.0,1,-0.8095852938684521,0.3595242725890316,0,0,-0.029305163774832554,1,-1.2044432310566484,1.0453796433081088,1.0,0.25099028515679683,0,0,0,1,0
-0.7877847245735561,0,-0.835121697854229,-0.14200055555425015,1.0,1,-2.1761698980076205,0.29672128351599564,0,0,-1.0018716763726954,1,-0.5523775609363186,1.5098417302654692,1.0,0.21794417995370188,0,0,0,1,0
-0.32600351062727784,0,-0.9875782940678923,-0.10614060336438852,0.0,1,-0.6315975620588723,0.06137553564268065,0,0,0.3914254104839363,1,1.4280168001280544,-0.7637641515476037,1.0,0.3331385785128668,0,0,0,1,0
-0.9873993436193877,0,-0.5574416495964567,-0.06342989732692032,0.0,1,-0.8095852938684521,0.4023532302146519,0,0,-1.596408370143167,1,-0.024257370285858674,-1.0891146293991636,1.0,0.1887879131496952,0,0,0,1,0
-0.5096941755042433,1,-0.0759178946673747,-0.4414414498245453,1.0,1,-0.471523124543684,1.1296649718689509,0,0,-0.2674796910231811,1,-0.026935212003947554,-1.0891146293991636,1.0,-0.44447279187602784,0,0,0,1,0
1.5315813078597826,1,1.485172018256891,0.20150409474647074,1.0,1,-0.8095852938684521,0.39901691414934926,0,0,-1.2373073653901812,1,-0.10071335090417279,0.5724564685624115,1.0,-0.32632592742033995,1,0,0,0,0
-0.24876155169999398,1,-0.5514644219442213,0.09941798742896091,0.0,1,-0.6143041180154096,0.3559389584569837,0,0,1.6019266592521622,1,-0.45744813103935933,0.5764538328718619,1.0,0.3807071013985853,0,0,0,1,0
-0.7023003832607508,0,-0.5149085073723363,-0.4399732940207733,1.0,0,0.6380598488785494,-0.31521017261929657,0,0,1.125487887005199,1,-0.37496258085836737,0.2890416734539115,1.0,-0.27803237235302647,0,0,0,1,0
-0.26814472461393307,0,-0.5509103830174524,0.027749185729088865,0.0,1,0.8458495272038543,-1.801344167752703,0,0,1.2393233997751378,1,-0.6936434480988606,0.5764538328718619,1.0,0.29482570298572447,0,0,0,1,0
-0.22454310858016954,0,-0.8245736490561649,-0.17468622888659374,0.0,1,-1.136735831032041,-2.1779376168872213,0,0,-0.029305163774832554,1,-1.2044432310566484,-0.32416233945810063,1.0,0.17286499291732743,0,0,0,1,0
-0.674446998654155,1,-0.44491847448900984,-1.019358623117132,0.0,1,-0.8095852938684521,1.6924986537655886,0,0,1.6019266592521622,0,-1.2044432310566484,-1.0891146293991636,2.0,-0.9890557970369946,0,0,0,1,0
-0.8266330639158155,0,-1.2104830707389398,-0.4841715833270809,1.0,0,1.080202056526309,0.8703638037711425,0,0,-0.029305163774832554,1,2.2097424096561062,0.5764538328718619,1.0,-0.047214799806894685,0,0,0,1,0
0.26161114694434645,0,-0.7878046425893704,0.7248371941268895,1.0,1,1.080202056526309,0.4023532302146519,0,0,-0.8763222878815995,1,-1.088734268709098,0.015976720769963572,1.0,1.2606564361422836,0,0,0,1,0
0.9646797141920274,1,1.0613002754958245,1.3263064829704054,1.0,1,-0.18884873267163513,0.4023532302146519,0,0,-0.027334635732615787,1,-0.2597197919258213,-0.7948453246220434,1.0,0.9522435648341341,1,0,0,0,0
-0.674446998654155,1,0.6205410000631052,-1.2113296218058909,0.0,1,-0.8095852938684521,1.6924986537655886,0,0,1.6019266592521622,1,1.1559284904849312,2.2420222951428874,1.0,-1.4908803256181584,0,0,0,1,0
-0.054230374069605035,1,0.9721213174758127,1.134656383003055,1.0,1,-0.8196408523599025,0.4023532302146519,0,0,-0.029305163774832554,1,-0.06365551487597002,0.14175045762989794,1.0,0.8019444480306596,0,0,0,1,0
-0.36347548555637954,0,0.3028422939411569,-0.30697574773500164,1.0,1,-0.25454530012075866,-2.1779376168872213,0,0,-0.029305163774832554,1,1.2313931149801978,-1.0891146293991636,1.0,-0.43110527807388865,0,0,0,1,0
-0.5215945013738909,0,0.0955891169512794,1.7223146638937055,1.0,1,1.080202056526309,0.4023532302146519,0,0,-0.4727734784147742,1,0.7738657415917426,0.42030179282856645,1.0,1.8993338616645838,0,0,0,1,0
0.2644100362415433,0,-0.7674650212201712,0.949328771089119,1.0,1,1.080202056526309,0.4023532302146519,0,0,0.7795427669049259,1,-1.2044432310566484,-0.7249464129659153,1.0,1.523956738469347,0,0,0,1,0
-0.9634778922749354,0,-0.07233795083288075,0.2287647060500696,1.0,1,-0.6057641689789753,0.4023532302146519,0,0,-1.0343168773327023,1,0.011768983300030516,0.2956589769545143,1.0,0.3130622273012061,0,0,0,1,0
-0.9873993436193877,1,0.9688077385099538,0.8314163826687097,0.0,1,-0.8095852938684521,-0.27007830541263733,0,0,1.5482004079289453,1,-0.024257370285858674,-0.365258575696176,1.0,0.49658149109977257,0,0,0,1,0
-1.1312802795503607,1,0.8629969580921842,-1.171805941500254,0.0,1,-0.8095852938684521,1.6924986537655886,0,0,0.4360037137436177,1,1.1559284904849312,0.8476100440980471,1.0,-1.5066780849481134,1,0,0,0,0
-0.36149465368892225,1,0.1943572102422592,-0.17468622888659374,1.0,1,-0.8095852938684521,-2.1779376168872213,0,0,-0.029305163774832554,0,1.1559284904849312,0.5764538328718619,1.0,-0.2467344982599816,0,0,0,1,0
-0.41591252866937445,1,-0.01680620301922462,-0.44125036189245065,1.0,1,-0.646887831510916,1.1072267626625536,0,0,0.10302199294094028,1,1.1484531932428088,0.033203695375232774,1.0,-0.46552439801248235,0,0,0,1,0
1.284082163463166,1,-0.06417653125781109,0.6233319910514119,0.0,1,0.5825208884377976,-0.8675691638221239,0,0,-1.6605369868018272,1,1.1298676263073906,-0.995258180981729,1.0,0.7557681407877114,0,0,0,1,0
-0.4727329388021246,0,0.06960256036695249,1.706105016706424,1.0,1,1.080202056526309,0.4023532302146519,0,0,-1.3252405480422744,1,0.8301193006453823,0.497092826781572,1.0,1.89729006600675,0,0,0,1,0
0.2608595918879126,0,-0.8943612446393266,0.7064904489938054,1.0,1,1.080202056526309,0.4023532302146519,0,0,-0.491612574738913,1,-1.202942034641748,-0.1797259079784197,1.0,1.2994799928937446,0,0,0,1,0
2.603977768447078,0,-1.70086079390155,-0.2514746283620972,1.0,1,-0.8095852938684521,-2.041676327688042,0,0,-1.0523958196273102,1,0.7185893764308211,-1.0891146293991636,1.0,0.4928646452922735,1,0,0,0,0
-0.316895189103237,1,0.554056328851053,-1.1775710225618758,1.0,1,0.04123098745157643,1.6862375780250956,0,0,0.21170281315011405,1,1.1559284904849312,-0.10646254802850409,1.0,-1.4393694091166997,0,0,0,1,0
-1.2801226054822403,0,-0.5514644219442213,-0.03710119003935659,0.0,1,0.9951540666091431,0.4023532302146519,0,0,-1.6605369868018272,1,1.2643427240270573,0.677270691893127,1.0,0.21759553602094306,0,0,0,1,0
1.359743243619858,1,1.3663626322495857,1.0155339629837103,2.0,1,-0.8095852938684521,-2.1779376168872213,0,0,-0.029305163774832554,1,-0.024257370285858674,2.2420222951428874,3.0,0.5056896772983621,1,0,0,0,0
-0.36149465368892225,1,0.5139950526078937,-0.48183982678860765,1.0,0,-0.8095852938684521,0.4023532302146519,0,0,-0.029305163774832554,1,-0.024257370285858674,2.2420222951428874,1.0,-0.6906428707401526,0,1,0,0,0
-0.003972731086948561,0,-0.5437291861589729,1.0452586756322781,1.0,1,1.080202056526309,0.4023532302146519,0,0,1.1963534910929605,1,-0.8209855024760289,-0.2284088085621394,1.0,1.5061970016048711,0,0,0,1,0
-0.9873993436193877,0,0.6574591708563365,-1.3925866038752308,1.0,1,-1.6276723480669937,0.4023532302146519,0,0,-0.0388658134895936,0,-1.077005581624758,0.5764538328718619,1.0,-1.689177993484628,0,0,0,1,0
0.7338385536893924,1,-0.6390025723734231,0.11038866927362696,1.0,1,-2.0744199674876658,0.4023532302146519,0,0,-0.22347558136520473,1,-0.8244080414722641,-1.0891146293991636,1.0,0.4349747249906056,1,0,0,0,0
-0.480664403032923,0,0.6615292260491243,1.8194268410293895,1.0,1,1.080202056526309,0.4023532302146519,0,0,1.335694944647749,1,0.5278571790999321,0.39411905660166585,1.0,1.668209025914599,0,0,0,1,0
-0.24565925510435332,1,0.16546194929240535,-0.40704162905071006,1.0,1,-0.8095852938684521,0.4023532302146519,0,0,-0.029305163774832554,1,-1.2044432310566484,2.2420222951428874,1.0,-0.4920787458270983,0,0,0,1,0
-0.2489280423475154,1,0.4782488872366703,0.3964467661007317,0.0,1,-0.8095852938684521,0.4023532302146519,0,0,1.1355427999623369,1,1.912451230956223,0.9507686923772652,1.0,0.257414235597935,0,0,0,1,0
-0.7565124920743882,1,1.656497901764872,0.06100720139692287,1.0,1,-0.6925091879367963,1.6924986537655886,0,0,0.6663581156323746,1,1.1559284904849312,-0.8223938269880061,1.0,-0.5171295321732678,0,0,0,1,0
-0.5521215943396972,0,0.344501759396143,1.480780784734482,1.0,1,1.080202056526309,0.4023532302146519,0,0,-0.775610035127913,1,-0.46364056625082367,-0.3388110140837743,1.0,1.4879836769170323,0,0,0,1,0
0.09547241433475642,1,1.0085280677212585,1.3222442614555523,1.0,1,0.08974938788561149,0.4023532302146519,0,0,1.5193145548067828,1,0.9987737610788319,-0.9224778358858721,1.0,0.9738845214470304,0,0,0,1,0
2.202238652548794,0,-0.033374097848509705,-0.3037941355853331,0.0,1,1.080202056526309,0.4023532302146519,0,0,0.7915274271087048,1,-1.2044432310566484,-1.0891146293991636,1.0,-0.3046214328384487,1,0,0,0,0
0.9858334149976072,1,0.8753349788074977,1.305394506170243,1.0,1,-0.7021130872515021,0.4023532302146519,0,0,0.5548193772692579,1,-1.0941926283151628,1.8422092480485766,1.0,1.0225146035404493,1,0,0,0,0
0.7947451825903535,1,-0.21206230632564338,0.1324673690154202,1.0,1,-0.6425091942200511,-0.05604575993638421,0,0,1.2320220061352685,1,0.2737065143546642,-1.0891146293991636,1.0,0.2652818559720458,1,0,0,0,0
-0.6334619771766454,1,1.1270391250756902,-0.04736626328124176,1.0,1,-0.8095852938684521,0.4023532302146519,0,0,-0.08148663856164316,1,0.06149729472946846,0.2046289982175535,1.0,-0.4471461234764242,0,0,0,1,0
1.2960776268456828,0,0.2146329040429858,-0.5298746948979097,1.0,1,-0.8095852938684521,0.4023532302146519,0,0,-1.6605369868018272,1,-1.2044432310566484,1.1414679534649863,1.0,-0.6440548227500565,1,0,0,0,0
0.2644100362415433,0,-0.4841273831525266,0.9745677358055264,1.0,1,1.080202056526309,0.4023532302146519,0,0,1.2332911044935841,1,-1.2044432310566484,-0.8585699739885327,1.0,1.3872160487655685,0,0,0,1,0
0.230912399617327,1,1.2475425916475333,0.01852866508526868,0.0,1,-0.26819712394001016,-1.2570808390826578,0,0,-0.3601825955258051,0,0.753128695832139,0.45416946194038543,1.0,-0.4227865535702318,1,0,0,0,0
-0.674446998654155,1,-0.5514644219442213,-0.2514746283620972,0.0,0,-0.8095852938684521,0.4023532302146519,0,0,-0.029305163774832554,1,-0.024257370285858674,2.2420222951428874,1.0,-0.03853541750992292,0,0,0,0,1
0.2644100362415433,0,-0.9395686901445728,0.7856393238691854,1.0,1,1.080202056526309,0.4023532302146519,0,0,1.077940741827608,1,-1.2044432310566484,-0.2415934485094769,1.0,1.42473556113237,0,0,0,1,0
-0.5179708261715386,0,-1.9365617388619685,-1.7104542183966633,1.0,0,1.080202056526309,-2.1779376168872213,0,0,-1.6605369868018272,0,-1.2044432310566484,-1.0891146293991636,2.0,-1.4380536593916684,0,0,0,1,0
0.41271596185415244,1,-0.574829948221148,0.5007531715948759,0.0,1,0.957662575364661,-1.0866577892132732,0,0,-1.6605369868018272,1,0.08183071692468832,0.10342073060765472,1.0,0.8723862248935277,0,0,0,1,0
-0.36149465368892225,0,-0.977648211765065,-0.9041760239038769,0.0,1,1.080202056526309,0.4023532302146519,0,0,1.6019266592521622,1,-0.024257370285858674,-1.0891146293991636,2.0,-0.6729894726861343,0,0,0,1,0
-0.9873993436193877,0,-0.6580103693994328,-1.172935422068139,0.0,1,1.080202056526309,0.4023532302146519,1,0,-1.6605369868018272,1,-0.024257370285858674,0.5764538328718619,2.0,-1.108062943069508,0,0,0,1,0
-0.3621020941904999,0,0.30302342205183,-0.2899816302586785,1.0,1,-0.2859686841831233,-2.1779376168872213,0,0,-0.029305163774832554,1,0.04861084531571232,-1.0891146293991636,1.0,-0.4127039914591867,0,0,0,1,0
-0.36149465368892225,0,-0.6580103693994328,-1.172935422068139,0.0,0,1.080202056526309,0.4023532302146519,0,0,-0.029305163774832554,1,-1.2044432310566484,-1.0891146293991636,1.0,-1.108062943069508,0,0,0,1,0
0.18406280767134187,1,0.6467619577318332,1.1127335637121967,1.0,1,-0.47262109099426325,0.4023532302146519,0,0,0.24115959741033538,1,0.4722173166938932,2.03496382061874,1.0,0.9366359424157175,0,0,0,1,0
1.7852734662109162,1,-0.16846370462697102,-0.12378319887428244,0.0,1,-0.8095852938684521,-2.1657767061248303,0,0,0.19319159442240313,1,0.0469656662257977,-1.0891146293991636,1.0,-0.04723244757957344,1,0,0,0,0
-0.2150936690001167,0,0.3254833077753886,-1.2176425497035708,0.0,1,1.080202056526309,0.4023532302146519,0,0,-0.023481666166626426,1,0.2820598698771997,-0.3943793746905226,2.0,-1.4262580172474575,0,0,0,1,0
1.5415682430923128,1,0.04180472267588694,0.6341937869456216,0.0,1,0.2537734809631247,-0.7575932974823713,0,0,-0.912543790511914,1,0.17384390755968301,-0.40235245091941396,1.0,0.7159971210491035,0,0,0,1,0
0.24911965409505954,0,-0.3415582508627073,0.6924768348489243,1.0,1,1.080202056526309,0.4023532302146519,0,0,-0.7304281760937114,1,-0.9561899550576521,0.3796635879176156,1.0,0.9767387231293602,0,0,0,1,0
-0.8385679710195821,0,-0.859936249016548,-0.5545639698566716,1.0,0,1.080202056526309,1.5439525998433572,0,0,-0.029305163774832554,1,-0.024257370285858674,0.5764538328718619,1.0,-0.2814563379853022,0,0,0,1,0
0.20451518227185472,0,-0.7856630690455194,0.8337728266776141,1.0,1,1.080202056526309,0.4023532302146519,0,0,-0.6470526551551555,1,-1.0971442731529506,-0.35923588013660396,1.0,1.393122940882442,0,0,0,1,0
-1.2732825625545077,0,-1.0432592062079853,-0.8273876244283733,1.0,1,0.217633187674175,-2.1779376168872213,1,0,-0.029305163774832554,1,-0.3850626114548437,0.6712429996281681,1.0,-0.5525331120037966,0,0,0,1,0
-0.38762695687438153,0,-1.2870150247960175,-0.8134144009816163,1.0,1,-0.769056914351886,0.4023532302146519,0,0,-1.533436296847033,0,-0.5862064084494526,0.2576623636247252,1.0,-0.4423515627117429,0,0,0,1,0
0.1079338637589269,1,-0.018734684668163807,-0.136292029148842,1.0,1,-0.8095852938684521,0.4023532302146519,0,0,-0.029305163774832554,1,-1.2044432310566484,0.5764538328718619,2.0,-0.121590862002905,0,0,0,1,0
-0.674446998654155,0,-1.0841941592202764,-1.4033006204946494,0.0,1,-0.8095852938684521,0.4023532302146519,0,0,-1.6605369868018272,0,-1.2044432310566484,0.5764538328718619,1.0,-1.2691311801790548,1,0,0,0,0
-0.38200367266387364,0,0.3143386016715724,-0.3215169365784791,1.0,1,0.28162894650794384,-2.1779376168872213,0,0,-0.029305163774832554,1,1.4951410511452539,-1.0891146293991636,1.0,-0.4509700598842129,0,0,0,1,0
-0.20501848120630586,0,0.16879683744775356,-1.3620683983006827,0.0,1,-0.8095852938684521,0.4023532302146519,0,0,-0.964206533579002,1,1.3944204492294923,2.2420222951428874,2.0,-1.5462547012997359,0,0,0,1,0
-0.4872777119867282,1,-0.5514644219442213,0.0738148153338413,0.0,1,-0.0013232441046124508,-2.1758308094105625,0,0,1.6019266592521622,1,0.1794910969034713,0.5764538328718619,1.0,0.3501167216694273,0,0,0,1,0
2.4059188355080683,1,0.8446284367509052,0.37449883700324516,2.0,1,-0.3320398099983966,-0.2746789639930202,0,0,1.4777181433195943,1,1.351165457246382,-0.0630495060594098,1.0,0.08324841693900083,1,0,0,0,0
-0.6118482364239669,0,-1.8329564595565202,-1.7740556308476394,1.0,1,0.519759160743837,0.2533143407406239,0,0,-0.9428569714792246,0,-1.0337564905709513,-0.5522902550299762,1.0,-1.5552350253455018,0,0,0,1,0
-0.5297365825328517,1,1.0812989498331667,0.7347222799739703,1.0,1,-0.8095852938684521,0.4023532302146519,0,0,0.44435235821386976,1,-1.2031615492118515,-0.18283219316055516,1.0,0.3507582401748261,0,0,0,1,0
-0.5153697227563602,0,0.5718175382918377,-0.31674154280349726,1.0,1,1.080202056526309,-2.1779376168872213,0,0,-0.029305163774832554,1,2.1915097182930583,-1.0891146293991636,1.0,-0.5349976193474774,0,0,0,1,0
-0.275855557441531,0,0.22057816791098722,-1.3310710331134075,0.0,1,0.44413931991779076,0.4023532302146519,0,0,-1.5934770465571875,1,-0.26690122288861146,1.2292700605220657,2.0,-1.5244536872539294,0,0,0,1,0
0.26321268056970626,0,-1.015216312837774,0.7066254046058834,1.0,1,1.080202056526309,0.4023532302146519,0,0,0.5108332111613347,1,-1.1296395106434136,-0.15362978131155725,1.0,1.370618690342954,0,0,0,1,0
-0.5200309914584444,1,-0.2618938459504462,-0.23690114999664,0.0,1,-0.8095852938684521,0.3529484013651923,0,0,-0.029305163774832554,1,0.756501667022222,0.7675211845897449,1.0,-0.13965574260070354,0,0,0,1,0
-0.5179708261715386,0,-1.7234698439515455,-1.4416948202324011,1.0,0,-0.8095852938684521,-2.1779376168872213,1,0,-0.029305163774832554,1,1.1559284904849312,-1.0891146293991636,1.0,-1.1280180876268968,0,0,0,1,0
-0.38501224003219703,0,0.7336075595025763,1.8204049716619082,1.0,1,1.080202056526309,0.4023532302146519,0,0,1.3174871350391224,1,0.44685276217420755,0.4581518361336755,1.0,1.6282176365690535,0,0,0,1,0
0.187585555742443,1,0.7504205100110071,1.057677586691052,1.0,1,-0.44427050116364114,0.4023532302146519,0,0,0.11747796935660575,1,0.4017826443372319,0.33900706175358,1.0,0.8287533844739626,0,0,0,1,0
-0.6883348848666774,0,-1.8273734519098674,-0.6795327130642834,0.0,0,-0.32051777652303975,1.086246417784768,0,0,-1.3796617041221013,1,-0.40316430218734617,0.5764538328718619,1.0,-0.03630117514323177,0,0,0,1,0
3.0381193442383725,0,-1.166064065244861,-0.36661768154962254,1.0,1,-0.8095852938684521,0.4023532302146519,0,0,1.2869716813257563,1,-1.2044432310566484,-1.0891146293991636,1.0,0.0844515827834607,1,0,0,0,0
-0.8489414023981446,1,-0.02228266471842146,-0.26384024827163477,0.0,0,0.5799696755147646,-0.6850277779893255,0,0,-1.518349033715856,1,-1.0744174340320876,-1.0829603539310722,1.0,-0.2638022235635721,0,0,0,1,0
1.359743243619858,1,1.5794545271600087,-0.059503629673338505,1.0,1,-0.8095852938684521,0.4023532302146519,0,0,-0.029305163774832554,0,-0.024257370285858674,-1.0891146293991636,2.0,-0.6066697813354832,1,0,0,0,0
-0.43640073631338544,0,1.0859017347632318,2.8446107939413596,1.0,1,1.080202056526309,0.4023532302146519,0,0,0.6297924230874018,1,-0.6994358003035237,-0.0233273638027081,1.0,2.4584181311997635,0,0,0,1,0
2.105407911016928,1,0.6587057584415617,1.202190820486767,1.0,1,-0.5353506923032668,0.2581059408436921,0,0,0.0328904431735406,1,-0.19851889374383042,-1.0891146293991636,1.0,1.0242912292222741,1,0,0,0,0
-1.3003516885846205,0,-0.977648211765065,-0.8273876244283733,0.0,1,-2.6993726442632133,-2.1779376168872213,0,0,-0.029305163774832554,1,-1.2044432310566484,-1.0891146293991636,1.0,-0.5766281295965131,0,0,0,1,0
0.1079338637589269,0,-0.7645563168546443,0.24764996822867544,0.0,0,1.080202056526309,1.6924986537655886,0,0,-1.6605369868018272,0,1.1559284904849312,-1.0891146293991636,3.0,0.663146922294699,0,0,0,1,0
2.557436121608539,0,-1.8400311104675462,-0.26065383684699966,1.0,1,-0.8095852938684521,0.4023532302146519,0,0,-1.6605369868018272,1,-1.2044432310566484,-1.0891146293991636,1.0,0.552178665913863,1,0,0,0,0
-0.6776062525765789,1,0.549794490952845,-1.211430444974402,0.0,1,-0.8095852938684521,1.0407804029134091,0,0,1.5638732832845887,1,1.095821624595875,2.2420222951428874,1.0,-1.4741598568351595,0,0,0,1,0
2.224062227848772,1,0.6827212149979661,1.2279785151058265,1.0,1,-0.4733996833826256,0.3864225145246452,0,0,-0.44511431162352855,1,-0.42959456453930794,-1.0891146293991636,1.0,1.039118077243658,1,0,0,0,0
-0.8309231711367714,1,-0.1252806321233753,-0.8273876244283733,1.0,1,-0.8095852938684521,0.4023532302146519,0,0,-1.6605369868018272,0,-0.024257370285858674,0.5764538328718619,2.0,-0.8661069026468081,0,0,0,1,0
